person_age,person_income,person_home_ownership,person_emp_length,loan_intent,loan_amnt,loan_percent_income,cb_person_default_on_file,cb_person_cred_hist_length,income_per_year_employed,predicted_pd,risk_band,actual_default,recommendation
24,30000,OWN,1.0,MEDICAL,15000,0.5,0,3,15000.0,0.08767449165183777,Low Risk,1,"Consider approval, subject to lender policy"
23,60000,MORTGAGE,6.0,EDUCATION,25600,0.43,0,4,8571.42857142857,0.17454793233483332,Medium Risk,0,Consider manual review
29,18000,RENT,2.0,EDUCATION,3600,0.2,0,6,6000.0,0.9383823287201539,Very High Risk,1,High-risk application; apply lender policy
32,130000,MORTGAGE,7.0,MEDICAL,13000,0.1,0,8,16250.0,0.07482013083800845,Low Risk,0,"Consider approval, subject to lender policy"
23,45288,MORTGAGE,7.0,DEBTCONSOLIDATION,20500,0.45,0,2,5661.0,0.29792024819563406,High Risk,0,Additional assessment required
25,60000,MORTGAGE,2.0,PERSONAL,6900,0.12,0,2,20000.0,0.06880436364427663,Low Risk,0,"Consider approval, subject to lender policy"
27,60000,RENT,2.0,VENTURE,9200,0.15,0,7,20000.0,0.07665520014037462,Low Risk,0,"Consider approval, subject to lender policy"
35,91000,OWN,6.0,VENTURE,5600,0.06,0,8,13000.0,0.005722292003890719,Low Risk,0,"Consider approval, subject to lender policy"
28,57000,MORTGAGE,13.0,PERSONAL,9600,0.17,1,9,4071.4285714285716,0.20398869292111446,Medium Risk,0,Consider manual review
26,127992,MORTGAGE,10.0,PERSONAL,26000,0.2,0,2,11635.636363636364,0.08621993459342397,Low Risk,0,"Consider approval, subject to lender policy"
25,112000,RENT,7.0,DEBTCONSOLIDATION,5000,0.04,0,3,14000.0,0.06665270633250009,Low Risk,0,"Consider approval, subject to lender policy"
29,144000,MORTGAGE,13.0,VENTURE,16000,0.11,0,6,10285.714285714286,0.024627426408055014,Low Risk,0,"Consider approval, subject to lender policy"
26,260000,OWN,10.0,HOMEIMPROVEMENT,28000,0.11,0,3,23636.363636363636,0.02560673703693426,Low Risk,0,"Consider approval, subject to lender policy"
22,44004,MORTGAGE,3.0,EDUCATION,9000,0.2,0,4,11001.0,0.07835084327306534,Low Risk,1,"Consider approval, subject to lender policy"
44,36000,RENT,6.0,VENTURE,4000,0.11,0,12,5142.857142857143,0.05691888825778562,Low Risk,0,"Consider approval, subject to lender policy"
24,61100,RENT,1.0,DEBTCONSOLIDATION,15000,0.25,0,2,30550.0,0.16684696684254283,Medium Risk,0,Consider manual review
26,50000,MORTGAGE,5.0,HOMEIMPROVEMENT,12375,0.25,0,3,8333.333333333334,0.09787256426288996,Low Risk,0,"Consider approval, subject to lender policy"
36,50000,RENT,4.0,HOMEIMPROVEMENT,15000,0.3,0,14,10000.0,0.1952653427260746,Medium Risk,0,Consider manual review
37,38400,RENT,6.0,EDUCATION,23500,0.61,1,16,5485.714285714285,0.9629972297565155,Very High Risk,1,High-risk application; apply lender policy
24,85000,MORTGAGE,8.0,EDUCATION,20000,0.24,0,4,9444.444444444445,0.042757946252041816,Low Risk,0,"Consider approval, subject to lender policy"
24,113000,RENT,4.0,DEBTCONSOLIDATION,12000,0.11,0,2,22600.0,0.07289639829813956,Low Risk,0,"Consider approval, subject to lender policy"
25,130000,MORTGAGE,9.0,VENTURE,21000,0.16,0,3,13000.0,0.024419245985227968,Low Risk,0,"Consider approval, subject to lender policy"
24,40000,RENT,4.0,MEDICAL,8000,0.2,0,3,8000.0,0.12336061308540189,Low Risk,0,"Consider approval, subject to lender policy"
31,60000,RENT,11.0,EDUCATION,15000,0.25,0,7,5000.0,0.08688916641210145,Low Risk,0,"Consider approval, subject to lender policy"
23,53950,MORTGAGE,8.0,EDUCATION,15000,0.28,1,2,5994.444444444444,0.2736301323499414,High Risk,1,Additional assessment required
24,80000,MORTGAGE,8.0,MEDICAL,9000,0.11,0,4,8888.888888888889,0.0712697056265625,Low Risk,0,"Consider approval, subject to lender policy"
25,80000,OWN,6.0,EDUCATION,25000,0.31,0,4,11428.57142857143,0.050173859981968175,Low Risk,0,"Consider approval, subject to lender policy"
24,79000,RENT,0.0,MEDICAL,8000,0.1,0,2,79000.0,0.13357769138974485,Low Risk,0,"Consider approval, subject to lender policy"
24,36000,RENT,0.0,DEBTCONSOLIDATION,4000,0.11,0,4,36000.0,0.1382158849736307,Low Risk,0,"Consider approval, subject to lender policy"
24,74000,RENT,7.0,EDUCATION,8000,0.11,1,2,9250.0,0.21040808799175226,Medium Risk,0,Consider manual review
24,120000,RENT,4.0,HOMEIMPROVEMENT,10000,0.08,1,4,24000.0,0.16634729072378338,Medium Risk,0,Consider manual review
36,24000,MORTGAGE,2.0,MEDICAL,1500,0.06,0,14,8000.0,0.18758859725352878,Medium Risk,0,Consider manual review
22,70550,RENT,4.0,MEDICAL,12000,0.14,0,3,14110.0,0.0985004299645177,Low Risk,1,"Consider approval, subject to lender policy"
31,46700,MORTGAGE,5.0,MEDICAL,7200,0.15,0,6,7783.333333333333,0.16038155731093473,Medium Risk,0,Consider manual review
27,36000,RENT,3.0,PERSONAL,10000,0.28,1,7,9000.0,0.31180410267686437,High Risk,0,Additional assessment required
32,50000,RENT,6.0,DEBTCONSOLIDATION,10000,0.2,0,8,7142.857142857143,0.13494655194098465,Low Risk,0,"Consider approval, subject to lender policy"
24,47480,RENT,8.0,MEDICAL,6900,0.15,0,2,5275.555555555556,0.16247860151408008,Medium Risk,0,Consider manual review
25,25000,RENT,5.0,MEDICAL,9000,0.36,0,2,4166.666666666667,0.9743091258019262,Very High Risk,1,High-risk application; apply lender policy
22,41000,MORTGAGE,4.0,VENTURE,6000,0.15,0,4,8200.0,0.03698489564916249,Low Risk,0,"Consider approval, subject to lender policy"
22,45504,RENT,2.0,DEBTCONSOLIDATION,11000,0.24,0,2,15168.0,0.16057991822739023,Medium Risk,0,Consider manual review
35,34000,MORTGAGE,4.0,DEBTCONSOLIDATION,12800,0.38,0,7,6800.0,0.37517944244477247,High Risk,0,Additional assessment required
23,28800,MORTGAGE,0.0,MEDICAL,6000,0.21,0,2,28800.0,0.18072979465803649,Medium Risk,0,Consider manual review
21,15600,RENT,5.0,VENTURE,2700,0.17,0,3,2600.0,0.8635692034456399,Very High Risk,1,High-risk application; apply lender policy
24,51500,MORTGAGE,6.0,MEDICAL,4000,0.08,0,2,7357.142857142857,0.1717323633199578,Medium Risk,0,Consider manual review
41,92000,MORTGAGE,5.0,HOMEIMPROVEMENT,8000,0.09,0,13,15333.333333333334,0.040768281027077385,Low Risk,0,"Consider approval, subject to lender policy"
33,110000,MORTGAGE,10.0,MEDICAL,18000,0.16,0,9,10000.0,0.10188368195642146,Low Risk,0,"Consider approval, subject to lender policy"
24,80000,RENT,6.0,MEDICAL,6400,0.08,0,4,11428.57142857143,0.06192463000519122,Low Risk,0,"Consider approval, subject to lender policy"
24,60000,RENT,1.0,EDUCATION,10000,0.17,0,2,30000.0,0.08661820440540118,Low Risk,0,"Consider approval, subject to lender policy"
23,60000,OWN,5.0,EDUCATION,16000,0.27,1,4,10000.0,0.03810880146971306,Low Risk,0,"Consider approval, subject to lender policy"
33,25200,RENT,3.0,MEDICAL,1600,0.06,0,6,6300.0,0.1828068230127276,Medium Risk,1,Consider manual review
25,90000,MORTGAGE,5.0,VENTURE,10000,0.11,1,3,15000.0,0.06375607635998506,Low Risk,0,"Consider approval, subject to lender policy"
23,92004,RENT,6.0,PERSONAL,30000,0.33,1,3,13143.42857142857,0.9620941124795448,Very High Risk,1,High-risk application; apply lender policy
21,30000,RENT,1.0,PERSONAL,5600,0.19,0,2,15000.0,0.27047471989317384,High Risk,1,Additional assessment required
22,25000,OWN,6.0,VENTURE,13000,0.52,0,3,3571.4285714285716,0.03467434031196925,Low Risk,0,"Consider approval, subject to lender policy"
23,48000,RENT,5.0,EDUCATION,15000,0.31,0,2,8000.0,0.9409294796535913,Very High Risk,1,High-risk application; apply lender policy
34,52000,RENT,2.0,VENTURE,5000,0.1,1,8,17333.333333333332,0.31279222448701355,High Risk,0,Additional assessment required
31,80004,MORTGAGE,9.0,MEDICAL,3500,0.04,0,10,8000.4,0.07143528387384016,Low Risk,0,"Consider approval, subject to lender policy"
23,39325,MORTGAGE,3.0,EDUCATION,2800,0.07,0,4,9831.25,0.1032153198040813,Low Risk,1,"Consider approval, subject to lender policy"
35,62000,MORTGAGE,9.0,HOMEIMPROVEMENT,13000,0.21,0,10,6200.0,0.07060377607907986,Low Risk,1,"Consider approval, subject to lender policy"
23,44500,MORTGAGE,4.0,EDUCATION,9250,0.21,0,3,8900.0,0.07514276003372705,Low Risk,0,"Consider approval, subject to lender policy"
26,48701,RENT,3.0,MEDICAL,8000,0.16,0,4,12175.25,0.14270172130130326,Low Risk,0,"Consider approval, subject to lender policy"
24,81000,MORTGAGE,0.0,DEBTCONSOLIDATION,15000,0.19,0,4,81000.0,0.12453470999394377,Low Risk,0,"Consider approval, subject to lender policy"
26,52582,RENT,3.0,VENTURE,2800,0.05,0,4,13145.5,0.045804319133978116,Low Risk,0,"Consider approval, subject to lender policy"
23,75000,OWN,5.0,PERSONAL,21000,0.28,0,2,12500.0,0.01799354209204283,Low Risk,0,"Consider approval, subject to lender policy"
22,36000,RENT,1.0,VENTURE,6000,0.17,0,4,18000.0,0.12080128616499927,Low Risk,0,"Consider approval, subject to lender policy"
23,61000,RENT,3.0,PERSONAL,4200,0.07,0,4,15250.0,0.06856825652089167,Low Risk,0,"Consider approval, subject to lender policy"
28,92801,MORTGAGE,12.0,MEDICAL,20000,0.18,1,8,7138.538461538462,0.37375818361431795,High Risk,1,Additional assessment required
23,195000,MORTGAGE,0.0,EDUCATION,20000,0.1,0,3,195000.0,0.07493443700748545,Low Risk,0,"Consider approval, subject to lender policy"
24,52000,MORTGAGE,7.0,MEDICAL,5000,0.1,1,3,6500.0,0.39445751385149647,High Risk,0,Additional assessment required
26,50000,MORTGAGE,2.0,PERSONAL,20000,0.4,0,3,16666.666666666668,0.1962860652196157,Medium Risk,0,Consider manual review
26,68500,MORTGAGE,7.0,MEDICAL,9000,0.13,0,4,8562.5,0.11105769992591269,Low Risk,0,"Consider approval, subject to lender policy"
28,84800,RENT,4.0,DEBTCONSOLIDATION,9000,0.11,0,7,16960.0,0.06629699051790132,Low Risk,0,"Consider approval, subject to lender policy"
32,91800,MORTGAGE,13.0,MEDICAL,8400,0.08,0,9,6557.142857142857,0.07870575542650825,Low Risk,1,"Consider approval, subject to lender policy"
22,42000,RENT,0.0,EDUCATION,5000,0.12,0,4,42000.0,0.11804893674647718,Low Risk,0,"Consider approval, subject to lender policy"
37,80000,MORTGAGE,8.0,DEBTCONSOLIDATION,13000,0.16,0,13,8888.888888888889,0.0701488046429036,Low Risk,0,"Consider approval, subject to lender policy"
23,52000,RENT,5.0,PERSONAL,4600,0.09,0,2,8666.666666666666,0.0980333632506304,Low Risk,1,"Consider approval, subject to lender policy"
23,40000,MORTGAGE,7.0,VENTURE,5000,0.13,0,4,5000.0,0.031383859680927856,Low Risk,0,"Consider approval, subject to lender policy"
26,14400,RENT,1.0,VENTURE,3000,0.21,0,2,7200.0,0.9425435234392254,Very High Risk,1,High-risk application; apply lender policy
25,29000,RENT,9.0,MEDICAL,3000,0.1,0,2,2900.0,0.32137242325986604,High Risk,1,Additional assessment required
23,21000,RENT,2.0,VENTURE,3000,0.14,0,3,7000.0,0.14515912146370258,Low Risk,0,"Consider approval, subject to lender policy"
44,120000,MORTGAGE,6.0,HOMEIMPROVEMENT,4000,0.03,0,14,17142.85714285714,0.03984040730604535,Low Risk,0,"Consider approval, subject to lender policy"
29,30000,RENT,0.0,DEBTCONSOLIDATION,2000,0.07,0,7,30000.0,0.22401083731048227,Medium Risk,0,Consider manual review
26,32450,MORTGAGE,5.0,MEDICAL,3250,0.1,0,4,5408.333333333333,0.24655783200572953,Medium Risk,0,Consider manual review
30,52576,RENT,3.0,HOMEIMPROVEMENT,8400,0.16,0,6,13144.0,0.14205046964739504,Low Risk,1,"Consider approval, subject to lender policy"
25,45000,RENT,4.0,DEBTCONSOLIDATION,15000,0.33,0,3,9000.0,0.9675976789838215,Very High Risk,1,High-risk application; apply lender policy
34,20000,RENT,0.0,MEDICAL,5000,0.25,0,9,20000.0,0.1846795441795934,Medium Risk,1,Consider manual review
23,15000,OWN,4.0,DEBTCONSOLIDATION,4000,0.27,0,4,3000.0,0.9659996077522801,Very High Risk,1,High-risk application; apply lender policy
22,28880,MORTGAGE,4.0,MEDICAL,2000,0.07,0,3,5776.0,0.1838518315257371,Medium Risk,0,Consider manual review
43,500000,MORTGAGE,5.0,VENTURE,25000,0.05,1,14,83333.33333333333,0.17484000358612886,Medium Risk,0,Consider manual review
27,115000,MORTGAGE,11.0,VENTURE,5000,0.04,0,5,9583.333333333334,0.018353977381738787,Low Risk,0,"Consider approval, subject to lender policy"
26,40000,MORTGAGE,5.0,EDUCATION,7200,0.18,0,2,6666.666666666667,0.06820638983666756,Low Risk,0,"Consider approval, subject to lender policy"
23,60000,MORTGAGE,7.0,PERSONAL,6000,0.1,0,4,7500.0,0.05642901354253383,Low Risk,0,"Consider approval, subject to lender policy"
24,88000,MORTGAGE,4.0,MEDICAL,6000,0.07,0,2,17600.0,0.08503312980552395,Low Risk,0,"Consider approval, subject to lender policy"
31,50000,RENT,1.0,MEDICAL,10000,0.2,0,8,25000.0,0.13944240690221288,Low Risk,0,"Consider approval, subject to lender policy"
25,49000,MORTGAGE,9.0,PERSONAL,7000,0.14,0,3,4900.0,0.0896726803331134,Low Risk,0,"Consider approval, subject to lender policy"
25,61000,MORTGAGE,4.0,EDUCATION,7000,0.11,0,4,12200.0,0.05512500382049201,Low Risk,0,"Consider approval, subject to lender policy"
36,51000,RENT,5.0,MEDICAL,8000,0.16,1,13,8500.0,0.34280487901185236,High Risk,0,Additional assessment required
24,90000,RENT,8.0,HOMEIMPROVEMENT,10000,0.11,0,4,10000.0,0.056466824622791116,Low Risk,0,"Consider approval, subject to lender policy"
28,70000,RENT,0.0,DEBTCONSOLIDATION,12800,0.18,0,6,70000.0,0.09258861711915488,Low Risk,0,"Consider approval, subject to lender policy"
24,62000,MORTGAGE,7.0,PERSONAL,6200,0.1,0,3,7750.0,0.05642901354253383,Low Risk,0,"Consider approval, subject to lender policy"
23,60000,RENT,4.0,DEBTCONSOLIDATION,7000,0.12,0,3,12000.0,0.10521885787741175,Low Risk,0,"Consider approval, subject to lender policy"
31,101000,MORTGAGE,5.0,EDUCATION,18000,0.18,0,6,16833.333333333332,0.04569936427697666,Low Risk,0,"Consider approval, subject to lender policy"
22,23000,RENT,6.0,VENTURE,4850,0.21,1,4,3285.714285714286,0.2313539713053296,Medium Risk,0,Consider manual review
27,18000,RENT,0.0,PERSONAL,8000,0.44,0,10,18000.0,0.9921460613992454,Very High Risk,1,High-risk application; apply lender policy
34,160000,MORTGAGE,9.0,DEBTCONSOLIDATION,7500,0.05,0,10,16000.0,0.07364781826283953,Low Risk,0,"Consider approval, subject to lender policy"
29,54000,MORTGAGE,9.0,DEBTCONSOLIDATION,12000,0.22,0,7,5400.0,0.17748612771819477,Medium Risk,0,Consider manual review
45,70000,MORTGAGE,15.0,MEDICAL,10000,0.14,0,12,4375.0,0.10887788196868975,Low Risk,0,"Consider approval, subject to lender policy"
29,30000,RENT,4.0,VENTURE,7000,0.23,0,9,6000.0,0.1437371078431142,Low Risk,0,"Consider approval, subject to lender policy"
25,57000,RENT,2.0,PERSONAL,9500,0.17,0,3,19000.0,0.1311190135111673,Low Risk,0,"Consider approval, subject to lender policy"
35,32004,RENT,2.0,MEDICAL,1500,0.05,0,7,10668.0,0.23562238576171807,Medium Risk,0,Consider manual review
22,50000,MORTGAGE,7.0,DEBTCONSOLIDATION,9000,0.18,0,2,6250.0,0.16123369751286185,Medium Risk,0,Consider manual review
23,54996,MORTGAGE,7.0,PERSONAL,8000,0.15,0,4,6874.5,0.08931124667479104,Low Risk,0,"Consider approval, subject to lender policy"
22,65000,MORTGAGE,6.0,EDUCATION,12800,0.2,0,4,9285.714285714286,0.0550331112021936,Low Risk,0,"Consider approval, subject to lender policy"
25,147750,RENT,3.0,HOMEIMPROVEMENT,5750,0.04,0,4,36937.5,0.06245457592550293,Low Risk,0,"Consider approval, subject to lender policy"
23,41000,MORTGAGE,4.0,MEDICAL,7500,0.18,0,2,8200.0,0.178454544872054,Medium Risk,0,Consider manual review
23,58600,MORTGAGE,6.0,PERSONAL,7800,0.13,0,4,8371.42857142857,0.08331746896714025,Low Risk,0,"Consider approval, subject to lender policy"
21,57000,RENT,5.0,DEBTCONSOLIDATION,12000,0.21,0,4,9500.0,0.13586101362030853,Low Risk,0,"Consider approval, subject to lender policy"
25,47000,RENT,8.0,DEBTCONSOLIDATION,8500,0.18,0,4,5222.222222222223,0.14632115669422407,Low Risk,0,"Consider approval, subject to lender policy"
26,36000,RENT,0.0,PERSONAL,4000,0.11,0,2,36000.0,0.14398938435933234,Low Risk,0,"Consider approval, subject to lender policy"
22,54000,MORTGAGE,4.0,EDUCATION,5000,0.09,0,2,10800.0,0.07925126652092596,Low Risk,0,"Consider approval, subject to lender policy"
22,74000,RENT,3.0,DEBTCONSOLIDATION,5000,0.07,1,4,18500.0,0.4662288496371782,Very High Risk,1,High-risk application; apply lender policy
33,81000,MORTGAGE,2.0,VENTURE,7500,0.09,0,9,27000.0,0.029623042277686657,Low Risk,0,"Consider approval, subject to lender policy"
29,19200,OWN,7.0,VENTURE,6000,0.31,0,5,2400.0,0.9545362830552252,Very High Risk,1,High-risk application; apply lender policy
29,69000,MORTGAGE,2.0,HOMEIMPROVEMENT,25000,0.36,1,5,23000.0,0.3399432625103043,High Risk,1,Additional assessment required
27,54000,MORTGAGE,1.0,HOMEIMPROVEMENT,27575,0.51,0,5,27000.0,0.32361068705206236,High Risk,0,Additional assessment required
31,54000,MORTGAGE,12.0,DEBTCONSOLIDATION,6000,0.11,0,5,4153.846153846154,0.16311029821805295,Medium Risk,0,Consider manual review
21,75000,MORTGAGE,5.0,EDUCATION,8550,0.11,0,3,12500.0,0.04385159715857902,Low Risk,0,"Consider approval, subject to lender policy"
29,40800,MORTGAGE,11.0,HOMEIMPROVEMENT,3200,0.08,1,10,3400.0,0.28037487280631945,High Risk,0,Additional assessment required
25,78000,MORTGAGE,4.0,DEBTCONSOLIDATION,3000,0.04,0,3,15600.0,0.12677205881487308,Low Risk,1,"Consider approval, subject to lender policy"
24,85000,MORTGAGE,2.0,PERSONAL,9600,0.11,0,4,28333.333333333332,0.04390381510624179,Low Risk,0,"Consider approval, subject to lender policy"
31,31500,RENT,2.0,VENTURE,3500,0.11,0,6,10500.0,0.18633037324676022,Medium Risk,0,Consider manual review
34,70000,RENT,1.0,DEBTCONSOLIDATION,6000,0.09,0,7,35000.0,0.09459826507443894,Low Risk,0,"Consider approval, subject to lender policy"
42,125000,MORTGAGE,5.0,VENTURE,35000,0.28,0,17,20833.333333333332,0.06303203076462655,Low Risk,0,"Consider approval, subject to lender policy"
26,157200,MORTGAGE,1.0,DEBTCONSOLIDATION,20000,0.13,0,3,78600.0,0.12245417582431807,Low Risk,0,"Consider approval, subject to lender policy"
22,22800,MORTGAGE,5.0,PERSONAL,2000,0.09,0,3,3800.0,0.11182702433556138,Low Risk,0,"Consider approval, subject to lender policy"
23,70000,MORTGAGE,5.0,PERSONAL,3000,0.04,0,4,11666.666666666666,0.05293483532633079,Low Risk,0,"Consider approval, subject to lender policy"
26,102000,MORTGAGE,6.0,DEBTCONSOLIDATION,6000,0.06,0,2,14571.42857142857,0.07578007226440803,Low Risk,0,"Consider approval, subject to lender policy"
23,45000,MORTGAGE,6.0,MEDICAL,5000,0.11,0,2,6428.571428571428,0.16552401912108405,Medium Risk,1,Consider manual review
37,48000,RENT,0.0,PERSONAL,2500,0.05,0,12,48000.0,0.1264183104349044,Low Risk,0,"Consider approval, subject to lender policy"
30,219300,MORTGAGE,7.0,MEDICAL,35000,0.14,0,9,27412.5,0.19069716015829521,Medium Risk,1,Consider manual review
22,40000,RENT,6.0,EDUCATION,14000,0.35,0,4,5714.285714285715,0.9425264213809309,Very High Risk,1,High-risk application; apply lender policy
39,70000,OWN,0.0,VENTURE,8000,0.11,0,12,70000.0,0.00794182254400049,Low Risk,0,"Consider approval, subject to lender policy"
24,95000,RENT,8.0,DEBTCONSOLIDATION,10000,0.11,0,2,10555.555555555555,0.07857779260179458,Low Risk,0,"Consider approval, subject to lender policy"
24,97908,RENT,8.0,HOMEIMPROVEMENT,25000,0.26,1,2,10878.666666666666,0.441704405965153,High Risk,1,Additional assessment required
23,42000,RENT,3.0,DEBTCONSOLIDATION,6000,0.14,0,4,10500.0,0.1298623313205222,Low Risk,1,"Consider approval, subject to lender policy"
26,30000,RENT,3.0,DEBTCONSOLIDATION,6000,0.2,0,3,7500.0,0.22883373732400025,Medium Risk,0,Consider manual review
36,130000,MORTGAGE,9.0,PERSONAL,12000,0.09,0,14,13000.0,0.039851143121511445,Low Risk,0,"Consider approval, subject to lender policy"
26,90000,RENT,4.0,EDUCATION,12000,0.13,0,3,18000.0,0.04299205195972138,Low Risk,0,"Consider approval, subject to lender policy"
24,48000,MORTGAGE,2.0,EDUCATION,5500,0.11,0,3,16000.0,0.08474311008261862,Low Risk,0,"Consider approval, subject to lender policy"
22,36000,MORTGAGE,6.0,EDUCATION,12000,0.33,0,3,5142.857142857143,0.15103545818092554,Medium Risk,0,Consider manual review
25,29000,RENT,9.0,EDUCATION,3000,0.1,0,4,2900.0,0.22594281014707085,Medium Risk,1,Consider manual review
31,46000,RENT,1.0,VENTURE,13000,0.28,0,9,23000.0,0.15929216609221597,Medium Risk,1,Consider manual review
25,110000,OWN,7.0,VENTURE,8000,0.07,0,3,13750.0,0.005957591129498555,Low Risk,0,"Consider approval, subject to lender policy"
43,54000,RENT,0.0,EDUCATION,8725,0.16,0,14,54000.0,0.251130046685463,High Risk,0,Additional assessment required
31,50000,MORTGAGE,1.0,DEBTCONSOLIDATION,12000,0.24,0,6,25000.0,0.13051878988724588,Low Risk,0,"Consider approval, subject to lender policy"
21,33000,RENT,0.0,MEDICAL,3500,0.11,0,4,33000.0,0.22573045971480366,Medium Risk,0,Consider manual review
29,18000,RENT,3.0,MEDICAL,1700,0.09,0,10,4500.0,0.35327677447835554,High Risk,0,Additional assessment required
32,200000,RENT,6.0,HOMEIMPROVEMENT,35000,0.17,1,8,28571.428571428572,0.3085487904922148,High Risk,0,Additional assessment required
24,12960,MORTGAGE,0.0,DEBTCONSOLIDATION,4500,0.35,0,4,12960.0,0.9591163347211892,Very High Risk,1,High-risk application; apply lender policy
22,69000,MORTGAGE,6.0,PERSONAL,15000,0.22,0,4,9857.142857142857,0.07105387523444168,Low Risk,1,"Consider approval, subject to lender policy"
31,96713,MORTGAGE,3.0,DEBTCONSOLIDATION,7000,0.07,0,6,24178.25,0.07384043149800212,Low Risk,0,"Consider approval, subject to lender policy"
25,90000,MORTGAGE,9.0,HOMEIMPROVEMENT,10000,0.11,0,4,9000.0,0.037491224818969805,Low Risk,0,"Consider approval, subject to lender policy"
34,51621,MORTGAGE,5.0,HOMEIMPROVEMENT,3500,0.07,0,7,8603.5,0.09727983329733196,Low Risk,0,"Consider approval, subject to lender policy"
27,29040,RENT,11.0,DEBTCONSOLIDATION,1800,0.06,1,5,2420.0,0.673079125743208,Very High Risk,1,High-risk application; apply lender policy
35,105000,MORTGAGE,18.0,PERSONAL,3000,0.03,0,7,5526.315789473684,0.04046211574893736,Low Risk,0,"Consider approval, subject to lender policy"
38,55000,MORTGAGE,16.0,EDUCATION,11700,0.21,0,15,3235.294117647059,0.0835336656635827,Low Risk,0,"Consider approval, subject to lender policy"
23,40000,MORTGAGE,7.0,EDUCATION,3500,0.09,0,3,5000.0,0.06384592249791728,Low Risk,0,"Consider approval, subject to lender policy"
24,50000,MORTGAGE,2.0,PERSONAL,7000,0.14,0,4,16666.666666666668,0.09239570196593398,Low Risk,0,"Consider approval, subject to lender policy"
25,90996,RENT,5.0,MEDICAL,14000,0.15,0,2,15166.0,0.07721629496982339,Low Risk,0,"Consider approval, subject to lender policy"
32,60000,RENT,7.0,HOMEIMPROVEMENT,7000,0.12,0,8,7500.0,0.09525117288183266,Low Risk,0,"Consider approval, subject to lender policy"
35,50000,RENT,4.0,PERSONAL,11500,0.23,0,8,10000.0,0.09802236890454478,Low Risk,0,"Consider approval, subject to lender policy"
30,35000,OWN,8.0,MEDICAL,10000,0.29,0,6,3888.8888888888887,0.02638115002307889,Low Risk,0,"Consider approval, subject to lender policy"
35,165000,MORTGAGE,3.0,VENTURE,8000,0.05,0,8,41250.0,0.02178797766796407,Low Risk,0,"Consider approval, subject to lender policy"
25,29000,RENT,0.0,HOMEIMPROVEMENT,3000,0.1,1,2,29000.0,0.9070198097378824,Very High Risk,1,High-risk application; apply lender policy
28,84996,RENT,12.0,HOMEIMPROVEMENT,20000,0.24,0,9,6538.153846153846,0.07798553805495856,Low Risk,0,"Consider approval, subject to lender policy"
23,60000,MORTGAGE,5.0,DEBTCONSOLIDATION,10000,0.17,0,4,10000.0,0.111165103329842,Low Risk,0,"Consider approval, subject to lender policy"
24,62400,MORTGAGE,8.0,HOMEIMPROVEMENT,4000,0.06,0,4,6933.333333333333,0.0679213741148053,Low Risk,0,"Consider approval, subject to lender policy"
33,140004,RENT,7.0,EDUCATION,25000,0.18,0,10,17500.5,0.10398627904776711,Low Risk,0,"Consider approval, subject to lender policy"
25,42900,RENT,5.0,PERSONAL,12000,0.28,0,3,7150.0,0.15273539329436334,Medium Risk,0,Consider manual review
43,65000,MORTGAGE,2.0,EDUCATION,24000,0.37,0,13,21666.666666666668,0.1793363641915539,Medium Risk,0,Consider manual review
22,36000,RENT,1.0,EDUCATION,5000,0.14,0,4,18000.0,0.1314151031003217,Low Risk,1,"Consider approval, subject to lender policy"
30,72000,MORTGAGE,13.0,VENTURE,12000,0.17,0,8,5142.857142857143,0.03442350156888239,Low Risk,0,"Consider approval, subject to lender policy"
28,70000,MORTGAGE,13.0,HOMEIMPROVEMENT,5000,0.07,0,7,5000.0,0.06463462338213012,Low Risk,0,"Consider approval, subject to lender policy"
41,102300,MORTGAGE,9.0,EDUCATION,8800,0.09,0,11,10230.0,0.037764819393203176,Low Risk,0,"Consider approval, subject to lender policy"
28,72000,MORTGAGE,13.0,PERSONAL,16000,0.22,0,9,5142.857142857143,0.07258090179828829,Low Risk,0,"Consider approval, subject to lender policy"
24,90000,RENT,1.0,HOMEIMPROVEMENT,19500,0.22,0,2,45000.0,0.17711232513799632,Medium Risk,0,Consider manual review
31,69000,RENT,12.0,HOMEIMPROVEMENT,16000,0.23,0,9,5307.692307692308,0.11312046847160524,Low Risk,0,"Consider approval, subject to lender policy"
27,61200,MORTGAGE,11.0,MEDICAL,5000,0.07,0,5,5100.0,0.11429873232714181,Low Risk,1,"Consider approval, subject to lender policy"
29,45000,OWN,0.0,EDUCATION,6800,0.15,0,5,45000.0,0.014859511811100488,Low Risk,0,"Consider approval, subject to lender policy"
22,66000,MORTGAGE,6.0,PERSONAL,12000,0.18,0,3,9428.57142857143,0.06180919892295458,Low Risk,0,"Consider approval, subject to lender policy"
22,98000,RENT,2.0,EDUCATION,20000,0.2,0,4,32666.666666666668,0.10609253812575585,Low Risk,0,"Consider approval, subject to lender policy"
29,35000,RENT,1.0,VENTURE,15000,0.43,0,10,17500.0,0.9619406755408645,Very High Risk,1,High-risk application; apply lender policy
49,50000,MORTGAGE,4.0,DEBTCONSOLIDATION,10000,0.2,0,15,10000.0,0.13719629814372325,Low Risk,0,"Consider approval, subject to lender policy"
23,75000,RENT,0.0,PERSONAL,10000,0.13,0,2,75000.0,0.08808805869465192,Low Risk,0,"Consider approval, subject to lender policy"
23,38000,OWN,0.0,VENTURE,17500,0.46,0,4,38000.0,0.04310955910314425,Low Risk,0,"Consider approval, subject to lender policy"
24,42000,MORTGAGE,2.0,DEBTCONSOLIDATION,3500,0.08,0,3,14000.0,0.13384448980867122,Low Risk,1,"Consider approval, subject to lender policy"
35,85000,MORTGAGE,0.0,DEBTCONSOLIDATION,20000,0.24,0,9,85000.0,0.12854800128275756,Low Risk,0,"Consider approval, subject to lender policy"
25,46000,RENT,5.0,EDUCATION,7000,0.15,0,3,7666.666666666667,0.09523669509560176,Low Risk,0,"Consider approval, subject to lender policy"
28,48500,RENT,0.0,MEDICAL,15000,0.31,1,7,48500.0,0.9812261180028992,Very High Risk,1,High-risk application; apply lender policy
58,45600,MORTGAGE,20.0,PERSONAL,6000,0.13,0,25,2171.4285714285716,0.13044061675595384,Low Risk,0,"Consider approval, subject to lender policy"
27,170000,RENT,0.0,HOMEIMPROVEMENT,16000,0.09,0,8,170000.0,0.16218894859555175,Medium Risk,0,Consider manual review
30,185000,MORTGAGE,8.0,VENTURE,15000,0.08,0,7,20555.555555555555,0.024627426408055014,Low Risk,0,"Consider approval, subject to lender policy"
32,61900,RENT,4.0,HOMEIMPROVEMENT,1500,0.02,1,7,12380.0,0.24313003757463977,Medium Risk,0,Consider manual review
32,70000,RENT,2.0,EDUCATION,9850,0.14,0,5,23333.333333333332,0.08412565418394265,Low Risk,0,"Consider approval, subject to lender policy"
39,44531,RENT,0.0,DEBTCONSOLIDATION,15000,0.34,0,13,44531.0,0.972115390386958,Very High Risk,1,High-risk application; apply lender policy
38,30500,RENT,8.0,EDUCATION,10000,0.33,0,12,3388.8888888888887,0.962317531681618,Very High Risk,1,High-risk application; apply lender policy
27,62400,MORTGAGE,11.0,VENTURE,1000,0.02,0,7,5200.0,0.02911587467539647,Low Risk,0,"Consider approval, subject to lender policy"
22,72000,OWN,6.0,EDUCATION,16000,0.22,0,2,10285.714285714286,0.011796536890668924,Low Risk,0,"Consider approval, subject to lender policy"
29,62000,MORTGAGE,10.0,EDUCATION,3600,0.06,0,9,5636.363636363636,0.05545718752456656,Low Risk,0,"Consider approval, subject to lender policy"
39,44000,MORTGAGE,14.0,PERSONAL,2500,0.06,0,15,2933.3333333333335,0.08770167849690741,Low Risk,0,"Consider approval, subject to lender policy"
37,54000,RENT,2.0,VENTURE,5500,0.1,1,12,18000.0,0.36268939602045464,High Risk,1,Additional assessment required
28,65000,MORTGAGE,6.0,PERSONAL,22000,0.34,0,5,9285.714285714286,0.14846777594201208,Low Risk,0,"Consider approval, subject to lender policy"
21,36450,RENT,0.0,EDUCATION,6000,0.16,0,3,36450.0,0.12524895022104146,Low Risk,0,"Consider approval, subject to lender policy"
27,190000,RENT,5.0,VENTURE,22000,0.12,0,8,31666.666666666668,0.04440474472819527,Low Risk,0,"Consider approval, subject to lender policy"
28,80000,RENT,0.0,MEDICAL,15000,0.19,0,5,80000.0,0.14212594484806085,Low Risk,0,"Consider approval, subject to lender policy"
24,40000,RENT,6.0,PERSONAL,2500,0.06,0,3,5714.285714285715,0.08673261559815734,Low Risk,0,"Consider approval, subject to lender policy"
23,76800,MORTGAGE,0.0,EDUCATION,7200,0.09,0,2,76800.0,0.06235742001259457,Low Risk,1,"Consider approval, subject to lender policy"
26,50000,RENT,1.0,HOMEIMPROVEMENT,10000,0.2,0,2,25000.0,0.22090718786454733,Medium Risk,0,Consider manual review
26,85000,MORTGAGE,1.0,HOMEIMPROVEMENT,15000,0.18,1,4,42500.0,0.16915034139726595,Medium Risk,0,Consider manual review
25,42000,RENT,6.0,VENTURE,6850,0.16,0,4,6000.0,0.05845967425045297,Low Risk,0,"Consider approval, subject to lender policy"
22,45000,MORTGAGE,6.0,PERSONAL,5000,0.11,0,3,6428.571428571428,0.08303514060784774,Low Risk,0,"Consider approval, subject to lender policy"
32,86000,MORTGAGE,4.0,MEDICAL,8400,0.1,0,8,17200.0,0.07676778781271638,Low Risk,0,"Consider approval, subject to lender policy"
26,94000,MORTGAGE,1.0,DEBTCONSOLIDATION,5000,0.05,0,3,47000.0,0.06940180009789285,Low Risk,0,"Consider approval, subject to lender policy"
24,75000,MORTGAGE,7.0,PERSONAL,15000,0.2,0,3,9375.0,0.05989564531779774,Low Risk,0,"Consider approval, subject to lender policy"
24,95000,MORTGAGE,1.0,PERSONAL,7450,0.08,0,4,47500.0,0.049888435911289504,Low Risk,0,"Consider approval, subject to lender policy"
28,49000,RENT,6.0,DEBTCONSOLIDATION,4800,0.1,0,5,7000.0,0.12954873031598121,Low Risk,1,"Consider approval, subject to lender policy"
23,31200,RENT,0.0,PERSONAL,3200,0.1,1,2,31200.0,0.4447252473763809,High Risk,0,Additional assessment required
22,60000,MORTGAGE,1.0,MEDICAL,10000,0.17,0,4,30000.0,0.10781360786997402,Low Risk,0,"Consider approval, subject to lender policy"
25,34000,RENT,10.0,DEBTCONSOLIDATION,20000,0.59,0,2,3090.909090909091,0.9843787946084558,Very High Risk,1,High-risk application; apply lender policy
31,219996,MORTGAGE,3.0,MEDICAL,20000,0.09,0,5,54999.0,0.13782355670847252,Low Risk,0,"Consider approval, subject to lender policy"
23,55000,RENT,4.0,EDUCATION,25000,0.45,0,3,11000.0,0.9737020682459555,Very High Risk,1,High-risk application; apply lender policy
28,66920,RENT,12.0,MEDICAL,5000,0.07,0,6,5147.692307692308,0.10108727283349307,Low Risk,0,"Consider approval, subject to lender policy"
26,57000,RENT,10.0,MEDICAL,4100,0.07,0,3,5181.818181818182,0.1392193842330061,Low Risk,0,"Consider approval, subject to lender policy"
29,70000,RENT,9.0,PERSONAL,8000,0.11,0,5,7000.0,0.0747223266372771,Low Risk,0,"Consider approval, subject to lender policy"
27,200000,MORTGAGE,6.0,EDUCATION,10000,0.05,0,10,28571.428571428572,0.03849629717854649,Low Risk,0,"Consider approval, subject to lender policy"
27,98000,RENT,11.0,HOMEIMPROVEMENT,20000,0.2,0,8,8166.666666666667,0.07794044064284686,Low Risk,1,"Consider approval, subject to lender policy"
25,30000,RENT,2.0,EDUCATION,5500,0.18,0,4,10000.0,0.21857704667544287,Medium Risk,0,Consider manual review
25,62400,RENT,7.0,MEDICAL,2300,0.04,0,3,7800.0,0.09831840722165026,Low Risk,0,"Consider approval, subject to lender policy"
31,108000,MORTGAGE,11.0,DEBTCONSOLIDATION,35000,0.32,0,10,9000.0,0.29427872274142786,High Risk,1,Additional assessment required
33,100000,RENT,1.0,HOMEIMPROVEMENT,25000,0.25,0,9,50000.0,0.30085657436273705,High Risk,0,Additional assessment required
56,150000,MORTGAGE,5.0,PERSONAL,15000,0.1,0,26,25000.0,0.046328340623911474,Low Risk,0,"Consider approval, subject to lender policy"
27,47380,MORTGAGE,11.0,HOMEIMPROVEMENT,15000,0.32,1,9,3948.3333333333335,0.25287604539330083,High Risk,0,Additional assessment required
33,153000,MORTGAGE,11.0,VENTURE,10000,0.07,1,5,12750.0,0.06973097847220175,Low Risk,0,"Consider approval, subject to lender policy"
22,27000,RENT,5.0,DEBTCONSOLIDATION,2925,0.11,0,3,4500.0,0.18329963677134015,Medium Risk,0,Consider manual review
28,90000,MORTGAGE,7.0,HOMEIMPROVEMENT,17600,0.2,1,5,11250.0,0.12367838314935713,Low Risk,0,"Consider approval, subject to lender policy"
25,12000,OWN,0.0,MEDICAL,3000,0.25,0,3,12000.0,0.9652496303770534,Very High Risk,1,High-risk application; apply lender policy
37,15000,OWN,0.0,VENTURE,5000,0.33,0,13,15000.0,0.9699143878029258,Very High Risk,1,High-risk application; apply lender policy
35,26400,OWN,19.0,VENTURE,6600,0.25,0,8,1320.0,0.010987923679105324,Low Risk,0,"Consider approval, subject to lender policy"
27,72000,MORTGAGE,11.0,EDUCATION,15000,0.21,0,5,6000.0,0.06738079365755789,Low Risk,0,"Consider approval, subject to lender policy"
28,35500,MORTGAGE,12.0,VENTURE,9600,0.27,0,8,2730.769230769231,0.05722338966967739,Low Risk,0,"Consider approval, subject to lender policy"
22,95000,MORTGAGE,0.0,EDUCATION,10400,0.11,0,4,95000.0,0.0540831646505473,Low Risk,0,"Consider approval, subject to lender policy"
22,29376,RENT,1.0,EDUCATION,2800,0.1,0,4,14688.0,0.2429152109754572,Medium Risk,0,Consider manual review
24,100400,MORTGAGE,6.0,HOMEIMPROVEMENT,10000,0.1,1,4,14342.857142857143,0.11195183954855577,Low Risk,0,"Consider approval, subject to lender policy"
24,55152,MORTGAGE,8.0,PERSONAL,16000,0.29,0,2,6128.0,0.12073426944645767,Low Risk,0,"Consider approval, subject to lender policy"
35,100450,RENT,1.0,PERSONAL,24000,0.24,0,7,50225.0,0.18579010702958756,Medium Risk,0,Consider manual review
28,54000,RENT,2.0,EDUCATION,10000,0.19,1,7,18000.0,0.3712823126417047,High Risk,1,Additional assessment required
21,50000,RENT,5.0,DEBTCONSOLIDATION,8300,0.17,0,4,8333.333333333334,0.12646979766125474,Low Risk,0,"Consider approval, subject to lender policy"
33,118000,MORTGAGE,12.0,DEBTCONSOLIDATION,35000,0.3,1,7,9076.923076923076,0.6670751939196053,Very High Risk,1,High-risk application; apply lender policy
28,56000,MORTGAGE,5.0,MEDICAL,5050,0.09,1,8,9333.333333333334,0.395645007097676,High Risk,1,Additional assessment required
24,74900,MORTGAGE,5.0,VENTURE,18300,0.24,0,2,12483.333333333334,0.06403648563037698,Low Risk,0,"Consider approval, subject to lender policy"
28,40000,MORTGAGE,2.0,VENTURE,5000,0.13,0,10,13333.333333333334,0.04070925917657412,Low Risk,0,"Consider approval, subject to lender policy"
35,40000,RENT,3.0,VENTURE,21000,0.53,1,10,10000.0,0.9552248187745161,Very High Risk,1,High-risk application; apply lender policy
23,66996,MORTGAGE,7.0,MEDICAL,10000,0.15,0,3,8374.5,0.11828800903495269,Low Risk,0,"Consider approval, subject to lender policy"
24,40000,RENT,5.0,DEBTCONSOLIDATION,5000,0.13,0,3,6666.666666666667,0.1110914551494607,Low Risk,0,"Consider approval, subject to lender policy"
24,72000,RENT,8.0,HOMEIMPROVEMENT,12000,0.17,1,4,8000.0,0.2491741520134512,Medium Risk,0,Consider manual review
25,24000,RENT,3.0,DEBTCONSOLIDATION,6250,0.26,1,3,6000.0,0.540655949757779,Very High Risk,0,High-risk application; apply lender policy
33,18720,OWN,0.0,DEBTCONSOLIDATION,3500,0.19,1,6,18720.0,0.9686899598233207,Very High Risk,1,High-risk application; apply lender policy
22,72060,MORTGAGE,7.0,EDUCATION,5500,0.08,0,3,9007.5,0.04773754588132248,Low Risk,0,"Consider approval, subject to lender policy"
21,62496,MORTGAGE,1.0,EDUCATION,5000,0.08,1,3,31248.0,0.14177214968320723,Low Risk,0,"Consider approval, subject to lender policy"
25,40000,RENT,5.0,PERSONAL,6000,0.15,0,2,6666.666666666667,0.0929890049694103,Low Risk,0,"Consider approval, subject to lender policy"
25,90000,MORTGAGE,9.0,VENTURE,5600,0.06,0,4,9000.0,0.01684699527473445,Low Risk,0,"Consider approval, subject to lender policy"
27,110000,MORTGAGE,3.0,DEBTCONSOLIDATION,25000,0.23,0,6,27500.0,0.21741514334212259,Medium Risk,0,Consider manual review
25,39896,MORTGAGE,0.0,MEDICAL,9250,0.23,0,3,39896.0,0.1906006497313035,Medium Risk,1,Consider manual review
25,60626,MORTGAGE,4.0,DEBTCONSOLIDATION,2500,0.04,0,3,12125.2,0.10446542786542352,Low Risk,0,"Consider approval, subject to lender policy"
22,25920,MORTGAGE,7.0,VENTURE,11325,0.44,0,3,3240.0,0.15797824815043757,Medium Risk,0,Consider manual review
26,56045,RENT,1.0,MEDICAL,24250,0.37,0,2,28022.5,0.9858297352065298,Very High Risk,1,High-risk application; apply lender policy
22,60000,RENT,6.0,PERSONAL,4000,0.07,0,3,8571.42857142857,0.06856825652089167,Low Risk,0,"Consider approval, subject to lender policy"
33,108000,RENT,11.0,VENTURE,3000,0.03,0,5,9000.0,0.025826047283010026,Low Risk,0,"Consider approval, subject to lender policy"
23,50000,MORTGAGE,0.0,PERSONAL,6500,0.13,0,4,50000.0,0.07128906364094599,Low Risk,0,"Consider approval, subject to lender policy"
27,45000,RENT,1.0,EDUCATION,7000,0.16,0,9,22500.0,0.1252891752321515,Low Risk,0,"Consider approval, subject to lender policy"
28,35000,RENT,5.0,MEDICAL,10000,0.29,0,7,5833.333333333333,0.14276144043688405,Low Risk,0,"Consider approval, subject to lender policy"
33,20244,RENT,0.0,DEBTCONSOLIDATION,7000,0.35,0,8,20244.0,0.969434465730302,Very High Risk,1,High-risk application; apply lender policy
26,64999,MORTGAGE,11.0,VENTURE,15000,0.23,0,2,5416.583333333333,0.052966321856053176,Low Risk,0,"Consider approval, subject to lender policy"
28,60000,RENT,12.0,HOMEIMPROVEMENT,5000,0.08,1,7,4615.384615384615,0.26109135589450555,High Risk,0,Additional assessment required
26,52000,OWN,10.0,PERSONAL,10000,0.19,0,3,4727.272727272727,0.013495592003313805,Low Risk,0,"Consider approval, subject to lender policy"
48,28000,MORTGAGE,7.0,HOMEIMPROVEMENT,7500,0.27,0,16,3500.0,0.37212432423048136,High Risk,0,Additional assessment required
42,360000,MORTGAGE,11.0,HOMEIMPROVEMENT,25000,0.07,0,17,30000.0,0.07745507194614962,Low Risk,0,"Consider approval, subject to lender policy"
28,206000,RENT,2.0,HOMEIMPROVEMENT,24000,0.12,0,10,68666.66666666667,0.2580320033950219,High Risk,0,Additional assessment required
25,44000,RENT,9.0,MEDICAL,10000,0.23,1,4,4400.0,0.38263363922116683,High Risk,0,Additional assessment required
58,20000,RENT,0.0,EDUCATION,4000,0.2,0,30,20000.0,0.1729457503860941,Medium Risk,0,Consider manual review
21,56000,RENT,5.0,HOMEIMPROVEMENT,15000,0.27,1,4,9333.333333333334,0.8428203788809193,Very High Risk,1,High-risk application; apply lender policy
22,43000,OWN,5.0,VENTURE,3500,0.08,0,3,7166.666666666667,0.007023159070908762,Low Risk,0,"Consider approval, subject to lender policy"
27,45000,MORTGAGE,0.0,HOMEIMPROVEMENT,3900,0.09,0,6,45000.0,0.12375758790868532,Low Risk,0,"Consider approval, subject to lender policy"
33,82404,OWN,8.0,EDUCATION,14400,0.17,1,7,9156.0,0.02696924274143082,Low Risk,0,"Consider approval, subject to lender policy"
38,35000,RENT,22.0,EDUCATION,11100,0.32,0,14,1521.7391304347825,0.9524613085008715,Very High Risk,1,High-risk application; apply lender policy
26,48000,RENT,4.0,MEDICAL,24000,0.5,0,3,9600.0,0.9815581568013914,Very High Risk,1,High-risk application; apply lender policy
25,125000,MORTGAGE,1.0,HOMEIMPROVEMENT,14000,0.11,0,4,62500.0,0.05015569118276424,Low Risk,0,"Consider approval, subject to lender policy"
27,42000,RENT,3.0,VENTURE,2400,0.06,0,10,10500.0,0.05038045715106891,Low Risk,0,"Consider approval, subject to lender policy"
41,33000,RENT,2.0,MEDICAL,13750,0.42,1,11,11000.0,0.9817007398447596,Very High Risk,1,High-risk application; apply lender policy
22,30000,RENT,6.0,VENTURE,14000,0.47,0,4,4285.714285714285,0.9576398558360155,Very High Risk,1,High-risk application; apply lender policy
31,78000,RENT,0.0,HOMEIMPROVEMENT,18000,0.23,0,9,78000.0,0.25398098252516155,High Risk,1,Additional assessment required
26,66400,RENT,6.0,MEDICAL,6000,0.09,0,4,9485.714285714286,0.09704063768308549,Low Risk,0,"Consider approval, subject to lender policy"
24,82726,MORTGAGE,7.0,EDUCATION,20000,0.24,1,4,10340.75,0.1258144696100621,Low Risk,0,"Consider approval, subject to lender policy"
28,50000,MORTGAGE,8.0,EDUCATION,7000,0.14,0,9,5555.555555555556,0.0792689211584765,Low Risk,0,"Consider approval, subject to lender policy"
22,38400,OWN,6.0,PERSONAL,10000,0.26,0,3,5485.714285714285,0.017009420004504082,Low Risk,0,"Consider approval, subject to lender policy"
25,30000,RENT,6.0,MEDICAL,4000,0.13,0,3,4285.714285714285,0.23176106717656014,Medium Risk,0,Consider manual review
23,40000,RENT,3.0,EDUCATION,4000,0.1,1,3,10000.0,0.1532151874382833,Medium Risk,0,Consider manual review
22,36000,RENT,3.0,EDUCATION,4000,0.11,0,2,9000.0,0.09227025290257457,Low Risk,0,"Consider approval, subject to lender policy"
22,70000,MORTGAGE,1.0,DEBTCONSOLIDATION,25000,0.36,0,3,35000.0,0.37250503291608245,High Risk,1,Additional assessment required
23,40000,RENT,2.0,VENTURE,3500,0.09,0,4,13333.333333333334,0.07929598734984088,Low Risk,0,"Consider approval, subject to lender policy"
31,70000,MORTGAGE,4.0,MEDICAL,12000,0.17,0,7,14000.0,0.10455565442733755,Low Risk,0,"Consider approval, subject to lender policy"
25,35004,RENT,0.0,PERSONAL,7200,0.21,0,4,35004.0,0.1210388815890416,Low Risk,0,"Consider approval, subject to lender policy"
36,24168,RENT,2.0,MEDICAL,9925,0.41,0,13,8056.0,0.9706040242043061,Very High Risk,1,High-risk application; apply lender policy
22,85992,MORTGAGE,6.0,DEBTCONSOLIDATION,3500,0.04,1,3,12284.57142857143,0.2914812798018435,High Risk,1,Additional assessment required
22,44160,RENT,7.0,VENTURE,12000,0.27,1,2,5520.0,0.29213077772526175,High Risk,0,Additional assessment required
30,31200,RENT,7.0,MEDICAL,2400,0.08,1,6,3900.0,0.4187667348772139,High Risk,0,Additional assessment required
25,48000,RENT,2.0,DEBTCONSOLIDATION,3000,0.06,0,4,16000.0,0.13328999417096513,Low Risk,0,"Consider approval, subject to lender policy"
24,34068,RENT,2.0,EDUCATION,4500,0.13,0,3,11356.0,0.27979894222264207,High Risk,1,Additional assessment required
28,81000,MORTGAGE,11.0,HOMEIMPROVEMENT,6000,0.07,0,10,6750.0,0.04642584913518628,Low Risk,0,"Consider approval, subject to lender policy"
30,90000,RENT,10.0,HOMEIMPROVEMENT,15000,0.17,0,6,8181.818181818182,0.06414517627567698,Low Risk,0,"Consider approval, subject to lender policy"
27,32000,RENT,11.0,EDUCATION,6000,0.19,0,8,2666.6666666666665,0.17461388805686964,Medium Risk,0,Consider manual review
38,100000,RENT,0.0,DEBTCONSOLIDATION,14000,0.14,1,14,100000.0,0.37026088666549617,High Risk,0,Additional assessment required
22,21600,RENT,1.0,DEBTCONSOLIDATION,2000,0.09,0,2,10800.0,0.20109309772777567,Medium Risk,1,Consider manual review
30,90000,MORTGAGE,14.0,MEDICAL,18000,0.2,0,9,6000.0,0.10054239699813458,Low Risk,0,"Consider approval, subject to lender policy"
22,31193,OWN,0.0,DEBTCONSOLIDATION,4000,0.13,1,2,31193.0,0.19725959429403933,Medium Risk,0,Consider manual review
24,24000,RENT,3.0,VENTURE,10000,0.42,0,2,6000.0,0.9614908622035314,Very High Risk,1,High-risk application; apply lender policy
24,54000,RENT,3.0,EDUCATION,4025,0.07,0,2,13500.0,0.10093388916382566,Low Risk,0,"Consider approval, subject to lender policy"
21,59000,RENT,1.0,EDUCATION,5500,0.09,0,2,29500.0,0.1436012929267022,Low Risk,0,"Consider approval, subject to lender policy"
25,48000,MORTGAGE,6.0,EDUCATION,24250,0.51,0,3,6857.142857142857,0.1704193734595451,Medium Risk,0,Consider manual review
21,25000,RENT,0.0,EDUCATION,8125,0.33,0,3,25000.0,0.967184685153928,Very High Risk,1,High-risk application; apply lender policy
28,60000,MORTGAGE,6.0,EDUCATION,15000,0.25,0,5,8571.42857142857,0.06595539139153869,Low Risk,0,"Consider approval, subject to lender policy"
23,46300,RENT,0.0,PERSONAL,1675,0.04,0,3,46300.0,0.1264183104349044,Low Risk,0,"Consider approval, subject to lender policy"
33,32004,RENT,3.0,DEBTCONSOLIDATION,4000,0.12,0,7,8001.0,0.2232144449635017,Medium Risk,0,Consider manual review
23,45000,MORTGAGE,8.0,VENTURE,13000,0.29,0,2,5000.0,0.06080927045202062,Low Risk,0,"Consider approval, subject to lender policy"
27,72000,MORTGAGE,6.0,EDUCATION,6000,0.08,0,6,10285.714285714286,0.04906781215267665,Low Risk,0,"Consider approval, subject to lender policy"
28,125000,MORTGAGE,13.0,VENTURE,15000,0.12,0,7,8928.57142857143,0.024627426408055014,Low Risk,0,"Consider approval, subject to lender policy"
36,37000,MORTGAGE,5.0,MEDICAL,3000,0.08,1,15,6166.666666666667,0.4006578718386697,High Risk,1,Additional assessment required
28,59004,MORTGAGE,1.0,DEBTCONSOLIDATION,8000,0.14,0,10,29502.0,0.1681855368387438,Medium Risk,1,Consider manual review
22,54252,MORTGAGE,6.0,DEBTCONSOLIDATION,3500,0.06,0,2,7750.285714285715,0.16237600789127193,Medium Risk,0,Consider manual review
25,115000,MORTGAGE,9.0,VENTURE,19000,0.17,1,4,11500.0,0.08670554032971609,Low Risk,0,"Consider approval, subject to lender policy"
26,83000,MORTGAGE,2.0,MEDICAL,25000,0.3,0,3,27666.666666666668,0.29486869004455035,High Risk,0,Additional assessment required
24,45000,MORTGAGE,0.0,VENTURE,3600,0.08,0,2,45000.0,0.04838015326180845,Low Risk,0,"Consider approval, subject to lender policy"
33,43337,RENT,17.0,PERSONAL,10000,0.23,0,6,2407.6111111111113,0.11472782977662492,Low Risk,0,"Consider approval, subject to lender policy"
28,54000,MORTGAGE,1.0,PERSONAL,11000,0.2,0,9,27000.0,0.11440934315118868,Low Risk,0,"Consider approval, subject to lender policy"
21,50000,MORTGAGE,5.0,VENTURE,3500,0.07,0,4,8333.333333333334,0.03274637302927331,Low Risk,0,"Consider approval, subject to lender policy"
21,20000,RENT,2.0,MEDICAL,2500,0.13,1,4,6666.666666666667,0.41991042360136965,High Risk,0,Additional assessment required
21,31000,MORTGAGE,5.0,PERSONAL,6000,0.19,0,4,5166.666666666667,0.1459868319961712,Low Risk,0,"Consider approval, subject to lender policy"
25,55000,MORTGAGE,4.0,MEDICAL,9000,0.16,1,2,11000.0,0.4619278033427184,Very High Risk,1,High-risk application; apply lender policy
23,39996,RENT,0.0,EDUCATION,6000,0.15,0,3,39996.0,0.09700058119057194,Low Risk,0,"Consider approval, subject to lender policy"
32,73000,MORTGAGE,5.0,HOMEIMPROVEMENT,6000,0.08,0,8,12166.666666666666,0.08422691625625564,Low Risk,0,"Consider approval, subject to lender policy"
22,50000,MORTGAGE,4.0,MEDICAL,8000,0.16,0,4,10000.0,0.15314524440395264,Medium Risk,0,Consider manual review
23,12000,RENT,0.0,EDUCATION,2000,0.17,0,4,12000.0,0.9286287077646114,Very High Risk,1,High-risk application; apply lender policy
21,54000,RENT,0.0,VENTURE,1600,0.03,0,4,54000.0,0.1887132347739738,Medium Risk,1,Consider manual review
26,30000,RENT,6.0,MEDICAL,11700,0.39,0,2,4285.714285714285,0.9737322016028847,Very High Risk,1,High-risk application; apply lender policy
27,65000,RENT,0.0,PERSONAL,12000,0.18,0,5,65000.0,0.09480118105037023,Low Risk,0,"Consider approval, subject to lender policy"
31,47756,RENT,3.0,MEDICAL,3350,0.07,0,5,11939.0,0.13438877404335361,Low Risk,0,"Consider approval, subject to lender policy"
22,40000,MORTGAGE,6.0,MEDICAL,7500,0.19,0,3,5714.285714285715,0.14276674763094718,Low Risk,0,"Consider approval, subject to lender policy"
26,9840,RENT,5.0,VENTURE,1750,0.18,0,4,1640.0,0.8857359398990129,Very High Risk,1,High-risk application; apply lender policy
22,48000,MORTGAGE,6.0,EDUCATION,5000,0.1,0,2,6857.142857142857,0.07177961073235889,Low Risk,0,"Consider approval, subject to lender policy"
27,85000,MORTGAGE,12.0,MEDICAL,3800,0.04,0,8,6538.461538461538,0.0697434323555488,Low Risk,0,"Consider approval, subject to lender policy"
38,53052,RENT,0.0,MEDICAL,8000,0.15,0,13,53052.0,0.11430983871524511,Low Risk,0,"Consider approval, subject to lender policy"
27,49600,RENT,2.0,EDUCATION,8400,0.17,0,5,16533.333333333332,0.1288161766301857,Low Risk,1,"Consider approval, subject to lender policy"
23,40000,MORTGAGE,1.0,VENTURE,1200,0.03,0,2,20000.0,0.040943305935716344,Low Risk,0,"Consider approval, subject to lender policy"
24,87220,MORTGAGE,7.0,VENTURE,8000,0.09,1,3,10902.5,0.06960059490682431,Low Risk,1,"Consider approval, subject to lender policy"
30,36000,MORTGAGE,13.0,MEDICAL,5000,0.14,0,9,2571.4285714285716,0.15778285730205785,Medium Risk,0,Consider manual review
39,37200,RENT,1.0,EDUCATION,5000,0.13,0,15,18600.0,0.13007956277950633,Low Risk,1,"Consider approval, subject to lender policy"
21,27024,RENT,4.0,EDUCATION,8000,0.3,0,3,5404.8,0.17210923640099157,Medium Risk,0,Consider manual review
22,54000,MORTGAGE,6.0,HOMEIMPROVEMENT,12000,0.22,0,2,7714.285714285715,0.5752240220264991,Very High Risk,1,High-risk application; apply lender policy
30,23000,RENT,3.0,PERSONAL,6500,0.28,0,10,5750.0,0.1748766398532081,Medium Risk,0,Consider manual review
31,42000,MORTGAGE,3.0,MEDICAL,9000,0.21,0,8,10500.0,0.16750991947559302,Medium Risk,0,Consider manual review
29,65000,RENT,5.0,VENTURE,15000,0.23,0,9,10833.333333333334,0.06190140060106764,Low Risk,0,"Consider approval, subject to lender policy"
27,75000,MORTGAGE,0.0,HOMEIMPROVEMENT,23200,0.31,0,9,75000.0,0.2075876329593838,Medium Risk,0,Consider manual review
24,40000,MORTGAGE,5.0,HOMEIMPROVEMENT,15000,0.38,0,2,6666.666666666667,0.19362391436368906,Medium Risk,0,Consider manual review
26,65000,RENT,3.0,MEDICAL,9000,0.14,0,4,16250.0,0.10331907631313632,Low Risk,0,"Consider approval, subject to lender policy"
23,74000,MORTGAGE,5.0,DEBTCONSOLIDATION,25975,0.35,0,2,12333.333333333334,0.3619588678393489,High Risk,1,Additional assessment required
25,44000,MORTGAGE,9.0,DEBTCONSOLIDATION,15000,0.34,1,2,4400.0,0.4988011923164043,Very High Risk,1,High-risk application; apply lender policy
25,54000,RENT,5.0,HOMEIMPROVEMENT,9600,0.18,0,2,9000.0,0.18366387211767937,Medium Risk,1,Consider manual review
22,45000,RENT,1.0,DEBTCONSOLIDATION,8000,0.18,1,3,22500.0,0.45018257810617784,Very High Risk,0,High-risk application; apply lender policy
26,120000,MORTGAGE,3.0,PERSONAL,4600,0.04,0,2,30000.0,0.04070228851410834,Low Risk,0,"Consider approval, subject to lender policy"
22,51000,MORTGAGE,3.0,VENTURE,13000,0.25,1,3,12750.0,0.13279368495433544,Low Risk,0,"Consider approval, subject to lender policy"
39,88400,MORTGAGE,20.0,MEDICAL,25000,0.24,0,13,4209.523809523809,0.4398176038702468,High Risk,1,Additional assessment required
34,86000,RENT,4.0,VENTURE,9950,0.12,0,7,17200.0,0.028452782163385933,Low Risk,0,"Consider approval, subject to lender policy"
29,27000,RENT,8.0,MEDICAL,5000,0.19,0,8,3000.0,0.1859995561686108,Medium Risk,0,Consider manual review
24,31200,RENT,2.0,VENTURE,8400,0.27,0,3,10400.0,0.2872959718905406,High Risk,0,Additional assessment required
26,45000,MORTGAGE,0.0,MEDICAL,7750,0.17,1,4,45000.0,0.4412823191696915,High Risk,0,Additional assessment required
30,93500,RENT,3.0,EDUCATION,9925,0.11,1,7,23375.0,0.11433261796832622,Low Risk,0,"Consider approval, subject to lender policy"
22,42000,RENT,5.0,DEBTCONSOLIDATION,17000,0.4,0,4,7000.0,0.9702398089987592,Very High Risk,1,High-risk application; apply lender policy
22,71000,RENT,6.0,EDUCATION,1500,0.02,0,3,10142.857142857143,0.058122217140896305,Low Risk,0,"Consider approval, subject to lender policy"
22,24996,RENT,4.0,PERSONAL,12000,0.48,0,3,4999.2,0.9631335958025955,Very High Risk,1,High-risk application; apply lender policy
41,66504,RENT,5.0,EDUCATION,25000,0.38,1,15,11084.0,0.9695424821878058,Very High Risk,1,High-risk application; apply lender policy
29,60000,MORTGAGE,7.0,DEBTCONSOLIDATION,15000,0.25,0,5,7500.0,0.136095885877659,Low Risk,0,"Consider approval, subject to lender policy"
25,75000,OWN,9.0,EDUCATION,5600,0.07,0,2,7500.0,0.01058547428398304,Low Risk,0,"Consider approval, subject to lender policy"
27,85248,RENT,0.0,MEDICAL,10000,0.12,0,9,85248.0,0.0924088220125555,Low Risk,0,"Consider approval, subject to lender policy"
23,39000,RENT,7.0,MEDICAL,12300,0.32,0,2,4875.0,0.9734796174664861,Very High Risk,1,High-risk application; apply lender policy
24,55000,RENT,3.0,EDUCATION,14500,0.26,0,2,13750.0,0.13215886345548425,Low Risk,0,"Consider approval, subject to lender policy"
30,44449,MORTGAGE,2.0,VENTURE,21250,0.48,1,6,14816.333333333334,0.21299659700017512,Medium Risk,0,Consider manual review
41,72000,OWN,1.0,HOMEIMPROVEMENT,10000,0.14,0,11,36000.0,0.014996573581430904,Low Risk,0,"Consider approval, subject to lender policy"
24,45000,MORTGAGE,5.0,PERSONAL,10000,0.22,0,4,7500.0,0.08417434005221393,Low Risk,0,"Consider approval, subject to lender policy"
23,100000,OTHER,1.0,EDUCATION,15000,0.15,0,2,50000.0,0.0495345128121776,Low Risk,0,"Consider approval, subject to lender policy"
23,45378,MORTGAGE,7.0,PERSONAL,6000,0.13,0,2,5672.25,0.09283295557259291,Low Risk,0,"Consider approval, subject to lender policy"
31,31323,MORTGAGE,6.0,DEBTCONSOLIDATION,2500,0.08,0,5,4474.714285714285,0.2333025585722915,Medium Risk,1,Consider manual review
25,41004,OWN,1.0,PERSONAL,12000,0.29,0,2,20502.0,0.01980476542396152,Low Risk,0,"Consider approval, subject to lender policy"
24,34320,RENT,5.0,MEDICAL,14400,0.42,1,3,5720.0,0.9848248877261645,Very High Risk,1,High-risk application; apply lender policy
30,50000,MORTGAGE,1.0,PERSONAL,16000,0.32,0,7,25000.0,0.19253263462564726,Medium Risk,0,Consider manual review
28,95000,MORTGAGE,9.0,MEDICAL,5000,0.05,1,7,9500.0,0.236852432688766,Medium Risk,0,Consider manual review
28,74778,MORTGAGE,13.0,PERSONAL,6000,0.08,0,9,5341.285714285715,0.07970844965611319,Low Risk,0,"Consider approval, subject to lender policy"
28,27600,OWN,2.0,HOMEIMPROVEMENT,6000,0.22,0,8,9200.0,0.06768105280928186,Low Risk,0,"Consider approval, subject to lender policy"
25,77000,MORTGAGE,9.0,DEBTCONSOLIDATION,3000,0.04,0,4,7700.0,0.10904280321041412,Low Risk,0,"Consider approval, subject to lender policy"
22,78000,MORTGAGE,6.0,DEBTCONSOLIDATION,15000,0.19,0,3,11142.857142857143,0.1619431022574502,Medium Risk,0,Consider manual review
25,86000,MORTGAGE,7.0,DEBTCONSOLIDATION,24000,0.28,1,2,10750.0,0.6403172582257022,Very High Risk,1,High-risk application; apply lender policy
22,45000,RENT,6.0,EDUCATION,11300,0.25,1,2,6428.571428571428,0.21443248054962696,Medium Risk,0,Consider manual review
31,78000,MORTGAGE,1.0,HOMEIMPROVEMENT,20000,0.26,0,9,39000.0,0.13270951123600733,Low Risk,1,"Consider approval, subject to lender policy"
36,25000,MORTGAGE,4.0,MEDICAL,11500,0.46,0,12,5000.0,0.30013885140739716,High Risk,0,Additional assessment required
28,103992,MORTGAGE,3.0,PERSONAL,18000,0.17,0,7,25998.0,0.04739985736627835,Low Risk,0,"Consider approval, subject to lender policy"
21,35000,RENT,0.0,PERSONAL,8000,0.23,1,4,35000.0,0.3068412458696623,High Risk,1,Additional assessment required
40,53000,RENT,2.0,HOMEIMPROVEMENT,12000,0.23,0,11,17666.666666666668,0.21988025846327672,Medium Risk,0,Consider manual review
36,34000,RENT,0.0,HOMEIMPROVEMENT,8000,0.24,0,17,34000.0,0.8019482906954049,Very High Risk,1,High-risk application; apply lender policy
24,80000,MORTGAGE,8.0,EDUCATION,7500,0.09,0,4,8888.888888888889,0.035083308284814194,Low Risk,0,"Consider approval, subject to lender policy"
22,185000,RENT,4.0,EDUCATION,25000,0.14,0,4,37000.0,0.10184561325724442,Low Risk,0,"Consider approval, subject to lender policy"
24,80400,MORTGAGE,5.0,VENTURE,12000,0.15,0,3,13400.0,0.021377651662245298,Low Risk,0,"Consider approval, subject to lender policy"
31,80400,RENT,0.0,DEBTCONSOLIDATION,12000,0.15,0,10,80400.0,0.09400712078923688,Low Risk,0,"Consider approval, subject to lender policy"
24,72000,MORTGAGE,5.0,DEBTCONSOLIDATION,8000,0.11,0,4,12000.0,0.10602379737674357,Low Risk,0,"Consider approval, subject to lender policy"
43,57000,RENT,3.0,EDUCATION,6000,0.11,0,13,14250.0,0.08903999065150317,Low Risk,0,"Consider approval, subject to lender policy"
27,60000,MORTGAGE,9.0,PERSONAL,5000,0.08,0,5,6000.0,0.05979609222000386,Low Risk,0,"Consider approval, subject to lender policy"
38,42000,OWN,2.0,EDUCATION,5600,0.13,0,14,14000.0,0.01580470276413106,Low Risk,0,"Consider approval, subject to lender policy"
24,155000,MORTGAGE,5.0,PERSONAL,12000,0.08,0,4,25833.333333333332,0.039851143121511445,Low Risk,0,"Consider approval, subject to lender policy"
23,26400,RENT,8.0,VENTURE,7500,0.28,0,4,2933.3333333333335,0.1377971825996303,Low Risk,0,"Consider approval, subject to lender policy"
26,36000,MORTGAGE,5.0,PERSONAL,4000,0.11,0,3,6000.0,0.08743038378210678,Low Risk,0,"Consider approval, subject to lender policy"
36,62900,MORTGAGE,5.0,MEDICAL,6250,0.08,0,12,10483.333333333334,0.1097878207979153,Low Risk,1,"Consider approval, subject to lender policy"
23,86000,MORTGAGE,4.0,MEDICAL,25000,0.29,0,3,17200.0,0.2526336329604105,High Risk,0,Additional assessment required
22,36000,MORTGAGE,2.0,VENTURE,7750,0.22,0,4,12000.0,0.06738125348835053,Low Risk,0,"Consider approval, subject to lender policy"
34,110000,MORTGAGE,15.0,EDUCATION,6000,0.05,0,6,6875.0,0.03747020640758925,Low Risk,0,"Consider approval, subject to lender policy"
24,60000,RENT,0.0,HOMEIMPROVEMENT,1675,0.03,0,4,60000.0,0.1395818199421277,Low Risk,0,"Consider approval, subject to lender policy"
25,75500,MORTGAGE,10.0,MEDICAL,6000,0.07,1,4,6863.636363636364,0.339367037634451,High Risk,1,Additional assessment required
23,42000,RENT,3.0,DEBTCONSOLIDATION,9000,0.21,0,4,10500.0,0.14180435157485796,Low Risk,0,"Consider approval, subject to lender policy"
30,30000,RENT,1.0,MEDICAL,4000,0.13,1,6,15000.0,0.5118245063289122,Very High Risk,0,High-risk application; apply lender policy
28,15000,RENT,0.0,MEDICAL,1800,0.12,0,7,15000.0,0.362495264764603,High Risk,0,Additional assessment required
22,31224,RENT,0.0,EDUCATION,6400,0.2,0,4,31224.0,0.21261720552105312,Medium Risk,0,Consider manual review
23,49200,RENT,4.0,MEDICAL,3200,0.07,1,3,9840.0,0.3122673373010047,High Risk,0,Additional assessment required
25,88668,MORTGAGE,2.0,MEDICAL,3000,0.03,0,2,29556.0,0.07943139203738318,Low Risk,0,"Consider approval, subject to lender policy"
34,156000,MORTGAGE,9.0,MEDICAL,25000,0.16,0,9,15600.0,0.19069716015829521,Medium Risk,0,Consider manual review
22,58000,RENT,2.0,PERSONAL,6000,0.1,0,4,19333.333333333332,0.12338369590480586,Low Risk,0,"Consider approval, subject to lender policy"
24,73000,RENT,2.0,DEBTCONSOLIDATION,6500,0.09,0,4,24333.333333333332,0.1298387658734654,Low Risk,0,"Consider approval, subject to lender policy"
32,61000,MORTGAGE,3.0,DEBTCONSOLIDATION,2000,0.03,0,8,15250.0,0.10446542786542352,Low Risk,0,"Consider approval, subject to lender policy"
30,53208,MORTGAGE,5.0,EDUCATION,8500,0.16,1,5,8868.0,0.16248383190666277,Medium Risk,0,Consider manual review
46,55000,MORTGAGE,3.0,VENTURE,15000,0.27,0,11,13750.0,0.0636057756322862,Low Risk,0,"Consider approval, subject to lender policy"
28,59904,MORTGAGE,12.0,MEDICAL,3000,0.05,1,10,4608.0,0.3435193182844918,High Risk,0,Additional assessment required
36,50000,RENT,3.0,VENTURE,3000,0.06,0,11,12500.0,0.045804319133978116,Low Risk,0,"Consider approval, subject to lender policy"
22,49000,MORTGAGE,2.0,VENTURE,8500,0.17,0,3,16333.333333333334,0.059580687205010884,Low Risk,0,"Consider approval, subject to lender policy"
28,72000,MORTGAGE,9.0,PERSONAL,18000,0.25,0,10,7200.0,0.07258090179828829,Low Risk,0,"Consider approval, subject to lender policy"
29,200000,MORTGAGE,9.0,MEDICAL,6000,0.03,0,8,20000.0,0.07013803953675088,Low Risk,0,"Consider approval, subject to lender policy"
31,29000,MORTGAGE,6.0,PERSONAL,5000,0.17,0,7,4142.857142857143,0.19084638829196346,Medium Risk,0,Consider manual review
25,82000,RENT,2.0,VENTURE,4050,0.05,0,2,27333.333333333332,0.05575938407117846,Low Risk,0,"Consider approval, subject to lender policy"
26,60000,MORTGAGE,10.0,PERSONAL,1200,0.02,0,4,5454.545454545455,0.05979609222000386,Low Risk,0,"Consider approval, subject to lender policy"
23,74800,MORTGAGE,7.0,MEDICAL,15000,0.17,0,2,9350.0,0.20472878250058082,Medium Risk,1,Consider manual review
25,56000,RENT,0.0,HOMEIMPROVEMENT,16500,0.29,1,3,56000.0,0.6496199669198381,Very High Risk,1,High-risk application; apply lender policy
26,61200,RENT,3.0,HOMEIMPROVEMENT,7150,0.12,0,2,15300.0,0.10073248917620604,Low Risk,0,"Consider approval, subject to lender policy"
41,70000,MORTGAGE,1.0,EDUCATION,20000,0.29,0,13,35000.0,0.09911364095336142,Low Risk,0,"Consider approval, subject to lender policy"
25,81000,OWN,9.0,VENTURE,12000,0.15,1,2,8100.0,0.023176598665342198,Low Risk,0,"Consider approval, subject to lender policy"
23,84000,RENT,1.0,VENTURE,10000,0.12,0,4,42000.0,0.06753994904998284,Low Risk,0,"Consider approval, subject to lender policy"
24,57996,RENT,1.0,HOMEIMPROVEMENT,5000,0.09,0,3,28998.0,0.215088278724014,Medium Risk,0,Consider manual review
26,120000,MORTGAGE,10.0,HOMEIMPROVEMENT,10000,0.08,1,2,10909.09090909091,0.12055722974706382,Low Risk,0,"Consider approval, subject to lender policy"
24,43000,RENT,4.0,MEDICAL,10000,0.23,0,3,8600.0,0.14918390258717593,Low Risk,0,"Consider approval, subject to lender policy"
25,60000,MORTGAGE,5.0,PERSONAL,10425,0.17,0,4,10000.0,0.05943955437104525,Low Risk,0,"Consider approval, subject to lender policy"
29,28000,RENT,0.0,MEDICAL,10000,0.36,0,9,28000.0,0.9689710421408401,Very High Risk,1,High-risk application; apply lender policy
41,54000,RENT,5.0,MEDICAL,10000,0.19,1,17,9000.0,0.40122206857597553,High Risk,0,Additional assessment required
22,23000,RENT,4.0,MEDICAL,3000,0.13,0,2,4600.0,0.1945173746188416,Medium Risk,0,Consider manual review
25,118189,MORTGAGE,9.0,VENTURE,25000,0.21,0,3,11818.9,0.06966585769846516,Low Risk,0,"Consider approval, subject to lender policy"
36,36000,OWN,4.0,MEDICAL,10000,0.28,1,17,7200.0,0.12180616563626136,Low Risk,0,"Consider approval, subject to lender policy"
21,45600,MORTGAGE,5.0,MEDICAL,6000,0.13,0,4,7600.0,0.15122035837982223,Medium Risk,0,Consider manual review
22,66000,MORTGAGE,6.0,EDUCATION,15000,0.23,1,2,9428.57142857143,0.15363927467053476,Medium Risk,0,Consider manual review
25,25716,RENT,1.0,MEDICAL,9250,0.36,0,2,12858.0,0.9729373074381563,Very High Risk,1,High-risk application; apply lender policy
25,58000,MORTGAGE,4.0,MEDICAL,17000,0.29,0,4,11600.0,0.21575113584777472,Medium Risk,0,Consider manual review
39,115000,MORTGAGE,6.0,VENTURE,25000,0.22,1,17,16428.571428571428,0.20873169292092053,Medium Risk,0,Consider manual review
29,74100,RENT,3.0,VENTURE,4500,0.06,1,8,18525.0,0.14120290543373806,Low Risk,0,"Consider approval, subject to lender policy"
30,78000,RENT,12.0,PERSONAL,7000,0.09,0,5,6000.0,0.09583051458033642,Low Risk,0,"Consider approval, subject to lender policy"
23,116000,RENT,7.0,VENTURE,11000,0.09,0,2,14500.0,0.031472062235094314,Low Risk,0,"Consider approval, subject to lender policy"
36,900000,MORTGAGE,8.0,PERSONAL,6000,0.01,0,12,100000.0,0.045205794528854246,Low Risk,0,"Consider approval, subject to lender policy"
24,74800,RENT,4.0,MEDICAL,14000,0.16,0,2,14960.0,0.1448583041561022,Low Risk,1,"Consider approval, subject to lender policy"
23,57720,RENT,8.0,DEBTCONSOLIDATION,12000,0.21,1,3,6413.333333333333,0.4894186018431349,Very High Risk,0,High-risk application; apply lender policy
22,96000,MORTGAGE,3.0,VENTURE,5000,0.05,0,4,24000.0,0.018353977381738787,Low Risk,0,"Consider approval, subject to lender policy"
21,88000,MORTGAGE,1.0,PERSONAL,25000,0.28,0,4,44000.0,0.22769870202766077,Medium Risk,1,Consider manual review
26,15000,RENT,8.0,MEDICAL,3200,0.21,0,2,1666.6666666666667,0.9472432909634181,Very High Risk,1,High-risk application; apply lender policy
38,120000,OWN,11.0,VENTURE,23600,0.2,1,13,10000.0,0.04621397790218078,Low Risk,0,"Consider approval, subject to lender policy"
21,35000,RENT,5.0,MEDICAL,5000,0.14,0,3,5833.333333333333,0.11256695084550737,Low Risk,0,"Consider approval, subject to lender policy"
23,46000,RENT,1.0,EDUCATION,7000,0.15,0,4,23000.0,0.12061179309513106,Low Risk,0,"Consider approval, subject to lender policy"
27,35000,RENT,3.0,MEDICAL,6000,0.17,0,10,8750.0,0.11104120805114871,Low Risk,0,"Consider approval, subject to lender policy"
28,72000,RENT,4.0,VENTURE,12000,0.17,1,6,14400.0,0.1376680358118188,Low Risk,0,"Consider approval, subject to lender policy"
23,55000,MORTGAGE,4.0,VENTURE,8000,0.15,0,2,11000.0,0.04057889966158445,Low Risk,0,"Consider approval, subject to lender policy"
27,130000,RENT,3.0,MEDICAL,10000,0.08,0,10,32500.0,0.07327990316919945,Low Risk,0,"Consider approval, subject to lender policy"
28,60000,MORTGAGE,4.0,HOMEIMPROVEMENT,4800,0.08,0,9,12000.0,0.06326337405137807,Low Risk,0,"Consider approval, subject to lender policy"
21,23000,MORTGAGE,2.0,DEBTCONSOLIDATION,7000,0.3,0,4,7666.666666666667,0.2118612352316282,Medium Risk,0,Consider manual review
24,65000,RENT,5.0,PERSONAL,8000,0.12,0,3,10833.333333333334,0.07315380048423613,Low Risk,0,"Consider approval, subject to lender policy"
26,109000,MORTGAGE,10.0,PERSONAL,15000,0.14,0,4,9909.09090909091,0.04739985736627835,Low Risk,0,"Consider approval, subject to lender policy"
26,53000,RENT,2.0,PERSONAL,4800,0.09,1,3,17666.666666666668,0.3173319491502212,High Risk,1,Additional assessment required
26,65000,MORTGAGE,0.0,PERSONAL,4000,0.06,0,2,65000.0,0.061428915309886506,Low Risk,0,"Consider approval, subject to lender policy"
22,94500,RENT,2.0,PERSONAL,20000,0.21,0,2,31500.0,0.12344311327072931,Low Risk,0,"Consider approval, subject to lender policy"
37,61260,MORTGAGE,2.0,MEDICAL,6350,0.1,0,14,20420.0,0.10134892532743754,Low Risk,0,"Consider approval, subject to lender policy"
25,65000,OWN,9.0,PERSONAL,7000,0.11,1,4,6500.0,0.03663300898592806,Low Risk,0,"Consider approval, subject to lender policy"
26,45000,RENT,5.0,DEBTCONSOLIDATION,7000,0.16,0,4,7500.0,0.1326430854276166,Low Risk,0,"Consider approval, subject to lender policy"
23,103000,RENT,4.0,DEBTCONSOLIDATION,16800,0.16,0,4,20600.0,0.08066023607003715,Low Risk,0,"Consider approval, subject to lender policy"
27,48000,RENT,9.0,DEBTCONSOLIDATION,14000,0.29,0,10,4800.0,0.1886474725947157,Medium Risk,1,Consider manual review
28,52000,RENT,12.0,HOMEIMPROVEMENT,5000,0.1,0,7,4000.0,0.1515708184898304,Medium Risk,1,Consider manual review
22,36000,RENT,0.0,PERSONAL,4000,0.11,0,4,36000.0,0.13939521025467663,Low Risk,0,"Consider approval, subject to lender policy"
24,60000,RENT,0.0,HOMEIMPROVEMENT,6000,0.1,0,2,60000.0,0.13017186181906903,Low Risk,0,"Consider approval, subject to lender policy"
25,29004,RENT,0.0,HOMEIMPROVEMENT,3200,0.11,1,2,29004.0,0.9070198097378824,Very High Risk,1,High-risk application; apply lender policy
40,66000,RENT,0.0,DEBTCONSOLIDATION,15575,0.24,1,13,66000.0,0.5449578938015688,Very High Risk,0,High-risk application; apply lender policy
23,54504,RENT,1.0,PERSONAL,20000,0.37,1,4,27252.0,0.9810661888092744,Very High Risk,1,High-risk application; apply lender policy
41,42600,RENT,0.0,VENTURE,10000,0.23,1,12,42600.0,0.36303349570949905,High Risk,1,Additional assessment required
24,140000,MORTGAGE,8.0,MEDICAL,16000,0.11,0,2,15555.555555555555,0.10981086110557722,Low Risk,0,"Consider approval, subject to lender policy"
25,42000,RENT,4.0,EDUCATION,1925,0.05,0,4,8400.0,0.09315591136068134,Low Risk,0,"Consider approval, subject to lender policy"
21,59000,RENT,4.0,MEDICAL,5000,0.08,0,3,11800.0,0.17544055402957076,Medium Risk,1,Consider manual review
22,38000,MORTGAGE,6.0,EDUCATION,4500,0.12,0,2,5428.571428571428,0.07562821059031141,Low Risk,0,"Consider approval, subject to lender policy"
24,66000,RENT,0.0,HOMEIMPROVEMENT,8400,0.13,0,2,66000.0,0.1564120537029678,Medium Risk,0,Consider manual review
27,38004,RENT,5.0,EDUCATION,15000,0.39,0,10,6334.0,0.9580450358503128,Very High Risk,1,High-risk application; apply lender policy
29,40000,RENT,2.0,DEBTCONSOLIDATION,23500,0.59,0,8,13333.333333333334,0.9744268119923594,Very High Risk,1,High-risk application; apply lender policy
32,58000,OWN,3.0,VENTURE,8000,0.14,0,10,14500.0,0.006732650247741045,Low Risk,0,"Consider approval, subject to lender policy"
23,103000,MORTGAGE,7.0,DEBTCONSOLIDATION,21850,0.21,0,3,12875.0,0.10374769173159312,Low Risk,0,"Consider approval, subject to lender policy"
29,89000,RENT,3.0,PERSONAL,12000,0.13,0,5,22250.0,0.05585892747862941,Low Risk,0,"Consider approval, subject to lender policy"
24,54000,MORTGAGE,9.0,MEDICAL,15600,0.29,1,4,5400.0,0.6135993919789917,Very High Risk,0,High-risk application; apply lender policy
28,15600,RENT,0.0,EDUCATION,1200,0.08,0,8,15600.0,0.376679642824101,High Risk,0,Additional assessment required
33,40000,MORTGAGE,17.0,PERSONAL,6000,0.15,1,9,2222.222222222222,0.21236397684044833,Medium Risk,0,Consider manual review
23,70000,RENT,3.0,PERSONAL,19425,0.28,0,3,17500.0,0.13467445548970572,Low Risk,0,"Consider approval, subject to lender policy"
25,25000,OWN,9.0,VENTURE,6000,0.24,0,2,2500.0,0.01222312853560433,Low Risk,0,"Consider approval, subject to lender policy"
27,58650,MORTGAGE,11.0,MEDICAL,4000,0.06,0,6,4887.5,0.3083719315505707,High Risk,1,Additional assessment required
35,37000,RENT,2.0,DEBTCONSOLIDATION,2000,0.05,0,10,12333.333333333334,0.1468536972260811,Low Risk,0,"Consider approval, subject to lender policy"
23,53352,RENT,3.0,VENTURE,17500,0.33,0,2,13338.0,0.9540124695775515,Very High Risk,1,High-risk application; apply lender policy
22,78996,RENT,1.0,DEBTCONSOLIDATION,12000,0.15,1,3,39498.0,0.46446083299721497,Very High Risk,1,High-risk application; apply lender policy
29,60000,MORTGAGE,13.0,MEDICAL,13500,0.23,0,5,4285.714285714285,0.1260571387655801,Low Risk,0,"Consider approval, subject to lender policy"
34,73000,MORTGAGE,7.0,HOMEIMPROVEMENT,20675,0.28,0,7,9125.0,0.1188149781876629,Low Risk,0,"Consider approval, subject to lender policy"
25,55000,MORTGAGE,6.0,PERSONAL,15000,0.27,0,3,7857.142857142857,0.10798180326510014,Low Risk,0,"Consider approval, subject to lender policy"
29,162480,MORTGAGE,2.0,PERSONAL,25000,0.15,0,10,54160.0,0.1305900689262221,Low Risk,0,"Consider approval, subject to lender policy"
34,60000,MORTGAGE,5.0,EDUCATION,7000,0.12,1,10,10000.0,0.12802267396642306,Low Risk,0,"Consider approval, subject to lender policy"
27,50000,RENT,5.0,HOMEIMPROVEMENT,12000,0.24,0,6,8333.333333333334,0.142872816151731,Low Risk,0,"Consider approval, subject to lender policy"
35,273700,MORTGAGE,8.0,MEDICAL,25000,0.08,0,6,30411.11111111111,0.19069716015829521,Medium Risk,1,Consider manual review
36,60000,MORTGAGE,12.0,EDUCATION,15000,0.25,0,17,4615.384615384615,0.07079662091216764,Low Risk,0,"Consider approval, subject to lender policy"
24,34000,MORTGAGE,1.0,PERSONAL,5100,0.15,0,4,17000.0,0.24094963815338433,Medium Risk,0,Consider manual review
26,117000,MORTGAGE,8.0,EDUCATION,6000,0.05,0,3,13000.0,0.035313066245107105,Low Risk,0,"Consider approval, subject to lender policy"
25,69996,MORTGAGE,3.0,PERSONAL,25000,0.36,0,3,17499.0,0.16920803229416392,Medium Risk,0,Consider manual review
23,30000,RENT,4.0,PERSONAL,3600,0.12,0,3,6000.0,0.18323681712252957,Medium Risk,0,Consider manual review
21,39000,RENT,4.0,EDUCATION,6000,0.15,0,3,7800.0,0.1319980604898883,Low Risk,0,"Consider approval, subject to lender policy"
44,67000,RENT,3.0,DEBTCONSOLIDATION,10000,0.15,1,15,16750.0,0.42522547970797775,High Risk,0,Additional assessment required
22,60000,RENT,0.0,EDUCATION,15000,0.25,0,3,60000.0,0.12382863731290554,Low Risk,0,"Consider approval, subject to lender policy"
22,100000,MORTGAGE,6.0,EDUCATION,10000,0.1,0,3,14285.714285714286,0.03621965695710324,Low Risk,0,"Consider approval, subject to lender policy"
27,72250,MORTGAGE,11.0,MEDICAL,10000,0.12,1,6,6020.833333333333,0.34012143023217634,High Risk,1,Additional assessment required
23,80000,MORTGAGE,5.0,VENTURE,20000,0.25,0,3,13333.333333333334,0.02997750621144725,Low Risk,0,"Consider approval, subject to lender policy"
48,92000,RENT,6.0,DEBTCONSOLIDATION,16500,0.18,0,15,13142.857142857143,0.08744536178023017,Low Risk,0,"Consider approval, subject to lender policy"
22,50000,RENT,6.0,EDUCATION,10000,0.2,1,3,7142.857142857143,0.21104926025133247,Medium Risk,0,Consider manual review
24,52728,RENT,4.0,EDUCATION,5000,0.09,0,4,10545.6,0.0850423603544757,Low Risk,0,"Consider approval, subject to lender policy"
31,27036,MORTGAGE,2.0,EDUCATION,6500,0.24,0,7,9012.0,0.1204862615918203,Low Risk,0,"Consider approval, subject to lender policy"
27,93000,RENT,1.0,MEDICAL,8000,0.09,0,7,46500.0,0.07607861482331876,Low Risk,0,"Consider approval, subject to lender policy"
24,92000,RENT,1.0,HOMEIMPROVEMENT,25000,0.27,1,4,46000.0,0.7319492908856445,Very High Risk,1,High-risk application; apply lender policy
29,33000,MORTGAGE,8.0,EDUCATION,5600,0.17,0,6,3666.6666666666665,0.13721727516099427,Low Risk,1,"Consider approval, subject to lender policy"
21,60000,RENT,3.0,DEBTCONSOLIDATION,5600,0.09,0,3,15000.0,0.09883769938278311,Low Risk,0,"Consider approval, subject to lender policy"
32,90000,MORTGAGE,8.0,HOMEIMPROVEMENT,25000,0.28,0,6,10000.0,0.09897701504075547,Low Risk,0,"Consider approval, subject to lender policy"
24,73440,MORTGAGE,7.0,HOMEIMPROVEMENT,7000,0.1,0,4,9180.0,0.08535191131904603,Low Risk,0,"Consider approval, subject to lender policy"
26,86000,MORTGAGE,10.0,VENTURE,5000,0.06,0,2,7818.181818181818,0.020769364899354638,Low Risk,0,"Consider approval, subject to lender policy"
24,65544,OWN,4.0,EDUCATION,5000,0.08,0,2,13108.8,0.012112954270429558,Low Risk,0,"Consider approval, subject to lender policy"
27,120000,MORTGAGE,4.0,DEBTCONSOLIDATION,15000,0.13,1,6,24000.0,0.34265148044817406,High Risk,0,Additional assessment required
24,57000,MORTGAGE,8.0,MEDICAL,20000,0.35,1,3,6333.333333333333,0.5217869584120874,Very High Risk,1,High-risk application; apply lender policy
33,114000,MORTGAGE,2.0,DEBTCONSOLIDATION,21000,0.18,0,9,38000.0,0.0945031519729128,Low Risk,0,"Consider approval, subject to lender policy"
23,36000,RENT,5.0,EDUCATION,10000,0.28,0,2,6000.0,0.12866054146713313,Low Risk,0,"Consider approval, subject to lender policy"
43,97500,RENT,6.0,VENTURE,24000,0.25,0,11,13928.57142857143,0.08349266234779883,Low Risk,0,"Consider approval, subject to lender policy"
27,42000,RENT,6.0,VENTURE,3000,0.07,0,8,6000.0,0.053407050849670755,Low Risk,0,"Consider approval, subject to lender policy"
22,48000,MORTGAGE,0.0,MEDICAL,5000,0.1,0,4,48000.0,0.1400238235597117,Low Risk,0,"Consider approval, subject to lender policy"
23,35004,RENT,1.0,EDUCATION,6000,0.17,0,2,17502.0,0.09870670034023489,Low Risk,0,"Consider approval, subject to lender policy"
27,42000,MORTGAGE,0.0,HOMEIMPROVEMENT,4200,0.1,0,7,42000.0,0.1287522528501385,Low Risk,0,"Consider approval, subject to lender policy"
22,53000,OWN,7.0,VENTURE,2250,0.04,0,3,6625.0,0.006634270707953838,Low Risk,0,"Consider approval, subject to lender policy"
29,80000,MORTGAGE,13.0,EDUCATION,10000,0.13,0,9,5714.285714285715,0.037226955019648116,Low Risk,0,"Consider approval, subject to lender policy"
25,52000,MORTGAGE,3.0,PERSONAL,6000,0.12,0,3,13000.0,0.07459986602092307,Low Risk,0,"Consider approval, subject to lender policy"
23,130208,MORTGAGE,7.0,DEBTCONSOLIDATION,20000,0.15,1,4,16276.0,0.3577317064005223,High Risk,0,Additional assessment required
22,55000,MORTGAGE,2.0,MEDICAL,4800,0.09,0,4,18333.333333333332,0.1395644130532003,Low Risk,0,"Consider approval, subject to lender policy"
22,48000,RENT,3.0,MEDICAL,13000,0.27,0,2,12000.0,0.19517395323787315,Medium Risk,1,Consider manual review
23,95000,MORTGAGE,7.0,EDUCATION,14400,0.15,0,3,11875.0,0.036859942717264456,Low Risk,0,"Consider approval, subject to lender policy"
26,86000,MORTGAGE,4.0,VENTURE,16000,0.19,0,4,17200.0,0.03070857998337637,Low Risk,0,"Consider approval, subject to lender policy"
27,32000,RENT,3.0,MEDICAL,4200,0.13,0,10,8000.0,0.22903671672407572,Medium Risk,0,Consider manual review
27,60000,RENT,0.0,HOMEIMPROVEMENT,11000,0.18,0,7,60000.0,0.13737085327807871,Low Risk,0,"Consider approval, subject to lender policy"
22,13200,RENT,0.0,HOMEIMPROVEMENT,2500,0.19,0,3,13200.0,0.9990537932506182,Very High Risk,1,High-risk application; apply lender policy
35,170000,MORTGAGE,6.0,EDUCATION,6500,0.04,0,10,24285.714285714286,0.034504885387857134,Low Risk,0,"Consider approval, subject to lender policy"
21,42000,RENT,6.0,EDUCATION,7200,0.17,0,4,6000.0,0.10084460178454474,Low Risk,0,"Consider approval, subject to lender policy"
29,60000,RENT,2.0,VENTURE,11200,0.19,1,10,20000.0,0.29933324348591756,High Risk,0,Additional assessment required
26,70000,RENT,0.0,EDUCATION,2400,0.03,1,3,70000.0,0.25301152157215284,High Risk,0,Additional assessment required
28,75000,RENT,6.0,VENTURE,10000,0.13,0,5,10714.285714285714,0.03437983076642469,Low Risk,0,"Consider approval, subject to lender policy"
36,60000,MORTGAGE,3.0,DEBTCONSOLIDATION,13000,0.22,1,14,15000.0,0.4436258267484168,High Risk,1,Additional assessment required
31,48000,RENT,12.0,DEBTCONSOLIDATION,15000,0.31,1,5,3692.3076923076924,0.9803180723451452,Very High Risk,1,High-risk application; apply lender policy
21,30000,RENT,2.0,PERSONAL,5000,0.17,0,2,10000.0,0.24522366232377804,Medium Risk,1,Consider manual review
21,31680,RENT,5.0,VENTURE,15000,0.47,1,2,5280.0,0.969626415315447,Very High Risk,1,High-risk application; apply lender policy
23,98000,MORTGAGE,3.0,VENTURE,10000,0.1,0,3,24500.0,0.020161003040072796,Low Risk,0,"Consider approval, subject to lender policy"
25,32000,RENT,0.0,EDUCATION,4800,0.15,0,3,32000.0,0.2120668579884293,Medium Risk,0,Consider manual review
41,57000,MORTGAGE,11.0,PERSONAL,10000,0.18,0,12,4750.0,0.08986025779106087,Low Risk,0,"Consider approval, subject to lender policy"
30,100800,MORTGAGE,5.0,VENTURE,22000,0.22,0,7,16800.0,0.03460607150862104,Low Risk,0,"Consider approval, subject to lender policy"
28,86400,MORTGAGE,0.0,EDUCATION,16000,0.19,1,6,86400.0,0.235086897763712,Medium Risk,0,Consider manual review
25,60000,MORTGAGE,10.0,DEBTCONSOLIDATION,10000,0.17,0,2,5454.545454545455,0.13133596397292402,Low Risk,0,"Consider approval, subject to lender policy"
37,58000,RENT,2.0,DEBTCONSOLIDATION,10000,0.17,0,12,19333.333333333332,0.13201662854768484,Low Risk,0,"Consider approval, subject to lender policy"
24,30000,RENT,2.0,EDUCATION,3000,0.1,0,3,10000.0,0.21742949689921617,Medium Risk,0,Consider manual review
24,55243,MORTGAGE,6.0,MEDICAL,2900,0.04,0,2,7891.857142857143,0.16070770580912588,Medium Risk,1,Consider manual review
37,32000,RENT,0.0,VENTURE,12000,0.38,0,15,32000.0,0.9673114850526807,Very High Risk,1,High-risk application; apply lender policy
27,113800,MORTGAGE,3.0,MEDICAL,7500,0.07,0,10,28450.0,0.0796598564430258,Low Risk,0,"Consider approval, subject to lender policy"
22,30000,RENT,0.0,HOMEIMPROVEMENT,12250,0.41,1,4,30000.0,0.9976256705704504,Very High Risk,1,High-risk application; apply lender policy
22,37740,RENT,6.0,MEDICAL,7000,0.19,0,3,5391.428571428572,0.1552173824447468,Medium Risk,0,Consider manual review
34,30144,MORTGAGE,3.0,DEBTCONSOLIDATION,18000,0.6,1,5,7536.0,0.4788893132362805,Very High Risk,0,High-risk application; apply lender policy
25,150000,MORTGAGE,5.0,DEBTCONSOLIDATION,10000,0.07,0,4,25000.0,0.07221651417896037,Low Risk,0,"Consider approval, subject to lender policy"
40,53000,MORTGAGE,2.0,MEDICAL,3000,0.06,0,17,17666.666666666668,0.14014384878243058,Low Risk,0,"Consider approval, subject to lender policy"
21,75000,MORTGAGE,5.0,EDUCATION,5400,0.07,0,3,12500.0,0.04102152696444438,Low Risk,0,"Consider approval, subject to lender policy"
23,46443,RENT,7.0,EDUCATION,6000,0.13,0,4,5805.375,0.09209417180098016,Low Risk,0,"Consider approval, subject to lender policy"
21,24000,MORTGAGE,2.0,EDUCATION,5000,0.21,0,2,8000.0,0.11246921126265524,Low Risk,0,"Consider approval, subject to lender policy"
35,29400,RENT,0.0,EDUCATION,6150,0.21,0,10,29400.0,0.23615896884328122,Medium Risk,0,Consider manual review
37,44000,RENT,0.0,PERSONAL,10000,0.23,0,15,44000.0,0.14537043400193997,Low Risk,0,"Consider approval, subject to lender policy"
28,35000,RENT,2.0,MEDICAL,4800,0.14,0,5,11666.666666666666,0.11473899889521105,Low Risk,0,"Consider approval, subject to lender policy"
23,38400,RENT,7.0,DEBTCONSOLIDATION,3600,0.09,0,3,4800.0,0.1476867273903767,Low Risk,0,"Consider approval, subject to lender policy"
28,78000,RENT,5.0,VENTURE,12000,0.15,0,10,13000.0,0.05120917989655877,Low Risk,0,"Consider approval, subject to lender policy"
23,47000,MORTGAGE,8.0,VENTURE,7500,0.16,0,4,5222.222222222223,0.04073255163013058,Low Risk,0,"Consider approval, subject to lender policy"
22,60000,RENT,6.0,VENTURE,13000,0.22,0,4,8571.42857142857,0.051421478122197065,Low Risk,0,"Consider approval, subject to lender policy"
24,94102,MORTGAGE,8.0,MEDICAL,8475,0.08,0,4,10455.777777777777,0.07649776780315648,Low Risk,1,"Consider approval, subject to lender policy"
30,49000,RENT,2.0,HOMEIMPROVEMENT,5000,0.1,1,10,16333.333333333334,0.5673615449453343,Very High Risk,1,High-risk application; apply lender policy
23,14400,OWN,2.0,HOMEIMPROVEMENT,4000,0.28,0,2,4800.0,0.9959411885221728,Very High Risk,1,High-risk application; apply lender policy
24,36000,OWN,5.0,PERSONAL,8000,0.22,0,2,6000.0,0.015494404438901802,Low Risk,0,"Consider approval, subject to lender policy"
30,25000,RENT,2.0,HOMEIMPROVEMENT,5000,0.2,0,7,8333.333333333334,0.672291637801452,Very High Risk,1,High-risk application; apply lender policy
26,70000,RENT,0.0,EDUCATION,12000,0.17,0,4,70000.0,0.07415121088153248,Low Risk,0,"Consider approval, subject to lender policy"
26,92040,MORTGAGE,6.0,VENTURE,10000,0.11,0,3,13148.57142857143,0.020161003040072796,Low Risk,0,"Consider approval, subject to lender policy"
31,75000,MORTGAGE,2.0,EDUCATION,12000,0.16,0,10,25000.0,0.05068246518686484,Low Risk,0,"Consider approval, subject to lender policy"
26,100000,MORTGAGE,9.0,EDUCATION,12800,0.13,0,3,10000.0,0.037764819393203176,Low Risk,0,"Consider approval, subject to lender policy"
32,57223,RENT,0.0,PERSONAL,15000,0.26,0,5,57223.0,0.26647539422176975,High Risk,1,Additional assessment required
24,100000,OWN,4.0,MEDICAL,6000,0.06,0,2,20000.0,0.022733564931702165,Low Risk,0,"Consider approval, subject to lender policy"
28,64000,RENT,1.0,PERSONAL,10000,0.16,0,5,32000.0,0.09698486404275991,Low Risk,0,"Consider approval, subject to lender policy"
32,45000,RENT,3.0,PERSONAL,2400,0.05,0,6,11250.0,0.09612475381663495,Low Risk,0,"Consider approval, subject to lender policy"
41,70000,RENT,2.0,EDUCATION,10000,0.14,0,17,23333.333333333332,0.08412565418394265,Low Risk,0,"Consider approval, subject to lender policy"
30,14800,RENT,5.0,DEBTCONSOLIDATION,1200,0.08,0,9,2466.6666666666665,0.38685459899785396,High Risk,0,Additional assessment required
24,30000,MORTGAGE,8.0,DEBTCONSOLIDATION,17000,0.57,0,3,3333.3333333333335,0.3100699384565559,High Risk,1,Additional assessment required
28,200000,MORTGAGE,2.0,PERSONAL,15000,0.07,0,6,66666.66666666667,0.07486379107588621,Low Risk,0,"Consider approval, subject to lender policy"
25,90000,MORTGAGE,6.0,DEBTCONSOLIDATION,15000,0.17,0,2,12857.142857142857,0.08617324004653883,Low Risk,0,"Consider approval, subject to lender policy"
27,26400,RENT,9.0,EDUCATION,10000,0.38,0,9,2640.0,0.9631356669592703,Very High Risk,1,High-risk application; apply lender policy
26,100000,MORTGAGE,5.0,DEBTCONSOLIDATION,24000,0.24,0,4,16666.666666666668,0.1973819622132166,Medium Risk,0,Consider manual review
27,97000,MORTGAGE,11.0,PERSONAL,3600,0.04,0,7,8083.333333333333,0.03813955792488234,Low Risk,0,"Consider approval, subject to lender policy"
21,23000,MORTGAGE,2.0,MEDICAL,7000,0.3,0,3,7666.666666666667,0.23103910278491394,Medium Risk,0,Consider manual review
23,60000,MORTGAGE,7.0,PERSONAL,3800,0.06,0,3,7500.0,0.05642901354253383,Low Risk,0,"Consider approval, subject to lender policy"
26,35000,RENT,0.0,DEBTCONSOLIDATION,4800,0.14,0,2,35000.0,0.11194200200983548,Low Risk,0,"Consider approval, subject to lender policy"
27,50004,OWN,5.0,MEDICAL,10200,0.2,0,10,8334.0,0.025842351933112642,Low Risk,0,"Consider approval, subject to lender policy"
39,64000,RENT,9.0,HOMEIMPROVEMENT,4800,0.07,1,11,6400.0,0.2573924363795705,High Risk,0,Additional assessment required
22,45000,MORTGAGE,5.0,DEBTCONSOLIDATION,5000,0.11,1,2,7500.0,0.4528603279114963,Very High Risk,0,High-risk application; apply lender policy
23,38000,RENT,0.0,EDUCATION,7500,0.2,0,3,38000.0,0.13856079517833297,Low Risk,0,"Consider approval, subject to lender policy"
23,60000,RENT,2.0,VENTURE,9000,0.15,0,4,20000.0,0.07665520014037462,Low Risk,0,"Consider approval, subject to lender policy"
25,54000,RENT,9.0,EDUCATION,5400,0.1,0,3,5400.0,0.11142059103479009,Low Risk,0,"Consider approval, subject to lender policy"
43,46000,RENT,2.0,MEDICAL,13000,0.28,1,15,15333.333333333334,0.5045791126352289,Very High Risk,1,High-risk application; apply lender policy
37,87950,MORTGAGE,3.0,EDUCATION,14250,0.16,0,14,21987.5,0.03790373216552345,Low Risk,0,"Consider approval, subject to lender policy"
23,56000,RENT,4.0,DEBTCONSOLIDATION,15000,0.27,0,4,11200.0,0.20484418419030256,Medium Risk,1,Consider manual review
34,90000,MORTGAGE,5.0,HOMEIMPROVEMENT,24250,0.27,0,6,15000.0,0.09195880785579484,Low Risk,0,"Consider approval, subject to lender policy"
29,39000,OWN,10.0,PERSONAL,9000,0.23,1,9,3545.4545454545455,0.04177822468997538,Low Risk,0,"Consider approval, subject to lender policy"
28,77385,RENT,3.0,DEBTCONSOLIDATION,6000,0.08,0,9,19346.25,0.09994240225262138,Low Risk,0,"Consider approval, subject to lender policy"
31,55000,MORTGAGE,0.0,VENTURE,4500,0.08,0,6,55000.0,0.050193280474076174,Low Risk,0,"Consider approval, subject to lender policy"
25,80000,OWN,3.0,EDUCATION,10000,0.13,1,3,20000.0,0.021268137690648312,Low Risk,0,"Consider approval, subject to lender policy"
26,31303,MORTGAGE,7.0,MEDICAL,12000,0.38,0,2,3912.875,0.34328212016185156,High Risk,0,Additional assessment required
21,33009,OWN,5.0,VENTURE,12000,0.36,0,4,5501.5,0.02986424391511043,Low Risk,0,"Consider approval, subject to lender policy"
23,63000,MORTGAGE,8.0,EDUCATION,7300,0.12,0,2,7000.0,0.05667418869570553,Low Risk,0,"Consider approval, subject to lender policy"
31,57400,MORTGAGE,6.0,PERSONAL,7600,0.13,0,10,8200.0,0.08331746896714025,Low Risk,0,"Consider approval, subject to lender policy"
25,150000,MORTGAGE,9.0,HOMEIMPROVEMENT,25000,0.17,0,2,15000.0,0.08133919863387336,Low Risk,0,"Consider approval, subject to lender policy"
31,30000,OWN,2.0,VENTURE,10000,0.33,0,5,10000.0,0.03183489269517923,Low Risk,0,"Consider approval, subject to lender policy"
22,33640,MORTGAGE,4.0,VENTURE,12000,0.36,0,3,6728.0,0.15307990876061725,Medium Risk,0,Consider manual review
24,50000,MORTGAGE,8.0,MEDICAL,12000,0.24,0,2,5555.555555555556,0.17504551109397395,Medium Risk,0,Consider manual review
26,42500,RENT,2.0,EDUCATION,3500,0.08,1,4,14166.666666666666,0.3004865779814371,High Risk,0,Additional assessment required
32,50000,RENT,1.0,MEDICAL,14800,0.3,0,5,25000.0,0.2178374089929175,Medium Risk,0,Consider manual review
37,45000,OWN,5.0,VENTURE,10800,0.24,0,14,7500.0,0.007416899166890021,Low Risk,0,"Consider approval, subject to lender policy"
30,48000,MORTGAGE,3.0,HOMEIMPROVEMENT,9000,0.19,0,7,12000.0,0.11081193956747976,Low Risk,0,"Consider approval, subject to lender policy"
33,121000,MORTGAGE,0.0,EDUCATION,17600,0.15,0,5,121000.0,0.06957690370437612,Low Risk,0,"Consider approval, subject to lender policy"
25,45000,RENT,2.0,DEBTCONSOLIDATION,1800,0.04,1,4,15000.0,0.43668345917028334,High Risk,0,Additional assessment required
22,107000,MORTGAGE,1.0,VENTURE,10000,0.09,0,2,53500.0,0.03093286870556066,Low Risk,0,"Consider approval, subject to lender policy"
30,45000,MORTGAGE,4.0,DEBTCONSOLIDATION,4450,0.1,0,6,9000.0,0.13172219004866337,Low Risk,0,"Consider approval, subject to lender policy"
21,12000,RENT,5.0,VENTURE,5000,0.42,0,2,2000.0,0.9888037778333657,Very High Risk,1,High-risk application; apply lender policy
27,160000,MORTGAGE,12.0,DEBTCONSOLIDATION,7000,0.04,1,6,12307.692307692309,0.3042639695549863,High Risk,0,Additional assessment required
36,52000,OWN,8.0,VENTURE,3000,0.06,0,15,5777.777777777777,0.006634270707953838,Low Risk,0,"Consider approval, subject to lender policy"
26,19800,RENT,0.0,MEDICAL,4725,0.24,0,3,19800.0,0.9296452280099544,Very High Risk,1,High-risk application; apply lender policy
24,50000,RENT,2.0,VENTURE,4800,0.1,0,4,16666.666666666668,0.08850591217702458,Low Risk,0,"Consider approval, subject to lender policy"
24,85850,MORTGAGE,8.0,MEDICAL,20000,0.2,1,4,9538.888888888889,0.37082888769284217,High Risk,1,Additional assessment required
24,99000,MORTGAGE,8.0,DEBTCONSOLIDATION,12000,0.12,0,4,11000.0,0.075301308758181,Low Risk,0,"Consider approval, subject to lender policy"
28,30000,RENT,13.0,MEDICAL,14800,0.49,0,7,2142.8571428571427,0.9731327090923049,Very High Risk,1,High-risk application; apply lender policy
28,99996,RENT,6.0,VENTURE,12000,0.12,1,9,14285.142857142857,0.09636133995783994,Low Risk,0,"Consider approval, subject to lender policy"
39,55000,RENT,3.0,VENTURE,10000,0.18,0,13,13750.0,0.06493012971604052,Low Risk,0,"Consider approval, subject to lender policy"
37,32000,RENT,4.0,DEBTCONSOLIDATION,10000,0.31,0,15,6400.0,0.9660344102009448,Very High Risk,1,High-risk application; apply lender policy
29,30000,RENT,1.0,PERSONAL,3500,0.12,0,8,15000.0,0.24872288965227285,Medium Risk,0,Consider manual review
21,28596,MORTGAGE,3.0,PERSONAL,2000,0.07,0,4,7149.0,0.10465202584106936,Low Risk,0,"Consider approval, subject to lender policy"
25,51492,MORTGAGE,2.0,EDUCATION,13800,0.27,0,4,17164.0,0.10088485898841149,Low Risk,0,"Consider approval, subject to lender policy"
23,43000,RENT,1.0,EDUCATION,3000,0.07,0,4,21500.0,0.11804893674647718,Low Risk,0,"Consider approval, subject to lender policy"
44,63000,RENT,4.0,MEDICAL,5500,0.09,0,13,12600.0,0.09704063768308549,Low Risk,0,"Consider approval, subject to lender policy"
29,93000,RENT,13.0,EDUCATION,21000,0.23,0,10,6642.857142857143,0.06451022572434321,Low Risk,1,"Consider approval, subject to lender policy"
30,69996,RENT,0.0,PERSONAL,2000,0.03,0,10,69996.0,0.07485892048284487,Low Risk,0,"Consider approval, subject to lender policy"
24,44000,OWN,9.0,VENTURE,6000,0.14,1,4,4400.0,0.023993518663452406,Low Risk,0,"Consider approval, subject to lender policy"
23,28800,MORTGAGE,7.0,DEBTCONSOLIDATION,8400,0.29,0,3,3600.0,0.20837322365185829,Medium Risk,0,Consider manual review
26,30000,OWN,0.0,PERSONAL,5000,0.17,0,4,30000.0,0.02707043016177302,Low Risk,0,"Consider approval, subject to lender policy"
22,50000,MORTGAGE,0.0,PERSONAL,6250,0.13,0,2,50000.0,0.08038652848942418,Low Risk,0,"Consider approval, subject to lender policy"
28,30000,OWN,1.0,HOMEIMPROVEMENT,7500,0.25,0,8,15000.0,0.09722231625287102,Low Risk,0,"Consider approval, subject to lender policy"
23,97000,RENT,7.0,VENTURE,30000,0.31,0,2,12125.0,0.94196042778479,Very High Risk,1,High-risk application; apply lender policy
29,32000,RENT,3.0,PERSONAL,12000,0.38,0,9,8000.0,0.9606095027720225,Very High Risk,1,High-risk application; apply lender policy
23,82000,MORTGAGE,5.0,PERSONAL,5000,0.06,1,3,13666.666666666666,0.10206624502679497,Low Risk,0,"Consider approval, subject to lender policy"
40,85000,MORTGAGE,4.0,HOMEIMPROVEMENT,5000,0.06,0,16,17000.0,0.03791959000236727,Low Risk,0,"Consider approval, subject to lender policy"
32,28800,RENT,16.0,MEDICAL,5000,0.17,0,9,1694.1176470588234,0.17403350419891747,Medium Risk,0,Consider manual review
26,155000,MORTGAGE,10.0,EDUCATION,25000,0.16,0,3,14090.90909090909,0.07535982183524695,Low Risk,0,"Consider approval, subject to lender policy"
26,100000,MORTGAGE,4.0,EDUCATION,5000,0.05,0,4,20000.0,0.035313066245107105,Low Risk,0,"Consider approval, subject to lender policy"
24,40000,MORTGAGE,6.0,VENTURE,10000,0.25,0,3,5714.285714285715,0.04207941650348619,Low Risk,0,"Consider approval, subject to lender policy"
26,64000,RENT,8.0,DEBTCONSOLIDATION,7500,0.12,0,3,7111.111111111111,0.1107074129357216,Low Risk,0,"Consider approval, subject to lender policy"
33,24000,OWN,2.0,HOMEIMPROVEMENT,1875,0.08,0,9,8000.0,0.07125001258089372,Low Risk,0,"Consider approval, subject to lender policy"
32,44400,RENT,5.0,VENTURE,15000,0.34,1,5,7400.0,0.9674326548733096,Very High Risk,1,High-risk application; apply lender policy
25,45000,MORTGAGE,3.0,EDUCATION,6000,0.13,0,2,11250.0,0.07057960664197972,Low Risk,0,"Consider approval, subject to lender policy"
39,360000,RENT,1.0,PERSONAL,3000,0.01,0,12,180000.0,0.07447215464953472,Low Risk,0,"Consider approval, subject to lender policy"
27,23400,RENT,2.0,PERSONAL,4000,0.17,0,6,7800.0,0.18245120193764577,Medium Risk,0,Consider manual review
36,126252,RENT,18.0,MEDICAL,8000,0.06,0,11,6644.8421052631575,0.07239620514391015,Low Risk,0,"Consider approval, subject to lender policy"
25,45000,MORTGAGE,0.0,VENTURE,17000,0.38,0,2,45000.0,0.15929168231095775,Medium Risk,0,Consider manual review
35,70000,MORTGAGE,14.0,HOMEIMPROVEMENT,20000,0.29,0,10,4666.666666666667,0.0861234340853881,Low Risk,0,"Consider approval, subject to lender policy"
22,38000,RENT,5.0,EDUCATION,10000,0.26,1,2,6333.333333333333,0.28095267809707747,High Risk,0,Additional assessment required
21,52000,MORTGAGE,5.0,DEBTCONSOLIDATION,5000,0.1,0,3,8666.666666666666,0.1255855556948927,Low Risk,0,"Consider approval, subject to lender policy"
22,15000,RENT,6.0,MEDICAL,6000,0.4,0,3,2142.8571428571427,0.9922206609157519,Very High Risk,1,High-risk application; apply lender policy
32,44004,RENT,5.0,MEDICAL,2200,0.05,0,5,7334.0,0.15610098978678766,Medium Risk,1,Consider manual review
21,51996,MORTGAGE,1.0,EDUCATION,18000,0.35,0,2,25998.0,0.18796730277769927,Medium Risk,0,Consider manual review
23,60000,RENT,0.0,VENTURE,8000,0.13,0,3,60000.0,0.07363423348451004,Low Risk,0,"Consider approval, subject to lender policy"
25,120775,OWN,9.0,EDUCATION,15000,0.12,0,4,12077.5,0.011640492128537967,Low Risk,0,"Consider approval, subject to lender policy"
27,31500,RENT,10.0,DEBTCONSOLIDATION,6000,0.19,0,8,2863.6363636363635,0.24076722802578754,Medium Risk,1,Consider manual review
24,68004,MORTGAGE,7.0,EDUCATION,4000,0.06,0,3,8500.5,0.0523208336573722,Low Risk,0,"Consider approval, subject to lender policy"
60,45600,RENT,1.0,VENTURE,20000,0.44,0,26,22800.0,0.9750983070343253,Very High Risk,1,High-risk application; apply lender policy
25,117014,MORTGAGE,5.0,VENTURE,8400,0.07,0,4,19502.333333333332,0.020161003040072796,Low Risk,0,"Consider approval, subject to lender policy"
32,52392,RENT,9.0,HOMEIMPROVEMENT,14000,0.27,0,10,5239.2,0.20244568350084624,Medium Risk,0,Consider manual review
24,35000,OWN,1.0,MEDICAL,7000,0.2,0,4,17500.0,0.021885657323478934,Low Risk,0,"Consider approval, subject to lender policy"
25,42000,RENT,9.0,MEDICAL,10000,0.24,0,2,4200.0,0.16968133319913833,Medium Risk,0,Consider manual review
31,54050,RENT,8.0,EDUCATION,12000,0.22,0,9,6005.555555555556,0.11921228498030327,Low Risk,0,"Consider approval, subject to lender policy"
33,135000,MORTGAGE,0.0,VENTURE,10000,0.07,0,10,135000.0,0.036199711677160996,Low Risk,0,"Consider approval, subject to lender policy"
23,48000,RENT,5.0,DEBTCONSOLIDATION,5000,0.1,0,2,8000.0,0.1334338178348173,Low Risk,0,"Consider approval, subject to lender policy"
22,76000,RENT,4.0,EDUCATION,12000,0.16,0,4,15200.0,0.0672935547217921,Low Risk,0,"Consider approval, subject to lender policy"
21,47664,RENT,5.0,DEBTCONSOLIDATION,4800,0.1,0,2,7944.0,0.1334338178348173,Low Risk,0,"Consider approval, subject to lender policy"
29,14500,RENT,1.0,EDUCATION,3600,0.25,1,7,7250.0,0.9451372588938729,Very High Risk,1,High-risk application; apply lender policy
26,36000,RENT,4.0,MEDICAL,11200,0.31,0,3,7200.0,0.9574019374440544,Very High Risk,1,High-risk application; apply lender policy
26,29400,MORTGAGE,4.0,MEDICAL,12000,0.41,0,4,5880.0,0.33648539192410876,High Risk,1,Additional assessment required
24,100000,MORTGAGE,6.0,MEDICAL,20000,0.2,0,4,14285.714285714286,0.10874192550673988,Low Risk,0,"Consider approval, subject to lender policy"
56,71884,OWN,11.0,PERSONAL,7425,0.1,0,24,5990.333333333333,0.014071330797478696,Low Risk,0,"Consider approval, subject to lender policy"
23,40000,RENT,5.0,EDUCATION,12800,0.32,1,3,6666.666666666667,0.9334229220524477,Very High Risk,1,High-risk application; apply lender policy
27,70000,MORTGAGE,8.0,MEDICAL,1300,0.02,0,9,7777.777777777777,0.09950177608340573,Low Risk,0,"Consider approval, subject to lender policy"
24,38700,RENT,2.0,DEBTCONSOLIDATION,10000,0.26,0,3,12900.0,0.20063604077143865,Medium Risk,0,Consider manual review
28,42000,RENT,4.0,MEDICAL,9600,0.23,0,7,8400.0,0.14918390258717593,Low Risk,0,"Consider approval, subject to lender policy"
33,36700,RENT,7.0,PERSONAL,15000,0.41,0,10,4587.5,0.9591928461012136,Very High Risk,1,High-risk application; apply lender policy
22,60000,OWN,0.0,VENTURE,13250,0.22,0,3,60000.0,0.010175372333166831,Low Risk,0,"Consider approval, subject to lender policy"
24,28000,RENT,8.0,MEDICAL,1000,0.04,0,4,3111.1111111111113,0.1849825529712186,Medium Risk,0,Consider manual review
29,21996,OWN,7.0,PERSONAL,8300,0.38,0,7,2749.5,0.03680607626209175,Low Risk,0,"Consider approval, subject to lender policy"
29,48000,RENT,6.0,MEDICAL,10000,0.21,0,10,6857.142857142857,0.14736117850309322,Low Risk,0,"Consider approval, subject to lender policy"
23,45600,RENT,5.0,MEDICAL,4250,0.09,1,2,7600.0,0.32893294867187106,High Risk,0,Additional assessment required
21,24996,RENT,0.0,DEBTCONSOLIDATION,5000,0.2,0,3,24996.0,0.18702879455329588,Medium Risk,1,Consider manual review
30,105000,OWN,14.0,HOMEIMPROVEMENT,15400,0.15,0,10,7000.0,0.013124887193773518,Low Risk,0,"Consider approval, subject to lender policy"
22,104000,MORTGAGE,6.0,PERSONAL,13600,0.13,0,2,14857.142857142857,0.04388010391804436,Low Risk,0,"Consider approval, subject to lender policy"
22,48500,RENT,1.0,VENTURE,20000,0.41,0,4,24250.0,0.9750983070343253,Very High Risk,1,High-risk application; apply lender policy
34,178000,MORTGAGE,4.0,DEBTCONSOLIDATION,12000,0.07,1,5,35600.0,0.31346165801526565,High Risk,1,Additional assessment required
23,120000,RENT,2.0,EDUCATION,5000,0.04,0,4,40000.0,0.05604178666865336,Low Risk,0,"Consider approval, subject to lender policy"
27,59200,RENT,4.0,DEBTCONSOLIDATION,15000,0.25,0,7,11840.0,0.2008120532913441,Medium Risk,0,Consider manual review
51,84000,RENT,7.0,HOMEIMPROVEMENT,12000,0.14,0,23,10500.0,0.0719668272101872,Low Risk,0,"Consider approval, subject to lender policy"
31,10000,RENT,15.0,DEBTCONSOLIDATION,2650,0.27,0,9,625.0,0.9412923628075027,Very High Risk,1,High-risk application; apply lender policy
22,10200,RENT,4.0,VENTURE,3250,0.32,1,2,2040.0,0.9898141306657389,Very High Risk,1,High-risk application; apply lender policy
40,59484,MORTGAGE,13.0,VENTURE,5500,0.09,0,11,4248.857142857143,0.05022373362354838,Low Risk,0,"Consider approval, subject to lender policy"
41,36000,MORTGAGE,5.0,VENTURE,2500,0.07,0,12,6000.0,0.03867933565359445,Low Risk,0,"Consider approval, subject to lender policy"
24,26000,RENT,3.0,MEDICAL,7850,0.3,0,2,6500.0,0.25450332364576794,High Risk,0,Additional assessment required
23,58600,RENT,3.0,MEDICAL,8000,0.14,1,3,14650.0,0.3542282439464096,High Risk,0,Additional assessment required
34,69204,RENT,4.0,PERSONAL,10000,0.14,0,6,13840.8,0.07315380048423613,Low Risk,0,"Consider approval, subject to lender policy"
21,37459,MORTGAGE,6.0,EDUCATION,5600,0.15,0,2,5351.285714285715,0.07562821059031141,Low Risk,0,"Consider approval, subject to lender policy"
39,43680,RENT,9.0,MEDICAL,16000,0.37,0,16,4368.0,0.9747207585216922,Very High Risk,1,High-risk application; apply lender policy
24,65000,RENT,8.0,VENTURE,15000,0.23,1,4,7222.222222222223,0.19525151495481088,Medium Risk,1,Consider manual review
22,21300,RENT,0.0,DEBTCONSOLIDATION,6000,0.28,1,3,21300.0,0.512810556425746,Very High Risk,0,High-risk application; apply lender policy
32,62900,MORTGAGE,5.0,MEDICAL,2750,0.04,1,7,10483.333333333334,0.33336694983975973,High Risk,1,Additional assessment required
33,114400,MORTGAGE,3.0,PERSONAL,20000,0.17,0,5,28600.0,0.049016280275822575,Low Risk,0,"Consider approval, subject to lender policy"
23,97000,MORTGAGE,5.0,EDUCATION,12000,0.12,0,2,16166.666666666666,0.03503273793215311,Low Risk,0,"Consider approval, subject to lender policy"
29,108000,MORTGAGE,9.0,HOMEIMPROVEMENT,11400,0.11,0,5,10800.0,0.040768281027077385,Low Risk,0,"Consider approval, subject to lender policy"
35,59196,MORTGAGE,0.0,EDUCATION,5000,0.08,0,5,59196.0,0.16830866820360604,Medium Risk,0,Consider manual review
22,35360,MORTGAGE,6.0,EDUCATION,9600,0.27,0,4,5051.428571428572,0.08992411641315032,Low Risk,0,"Consider approval, subject to lender policy"
22,18700,RENT,3.0,EDUCATION,3600,0.19,0,4,4675.0,0.8962288409823514,Very High Risk,1,High-risk application; apply lender policy
22,60000,MORTGAGE,3.0,VENTURE,5000,0.08,0,2,15000.0,0.029129904020408444,Low Risk,0,"Consider approval, subject to lender policy"
23,60000,RENT,0.0,PERSONAL,15600,0.26,0,4,60000.0,0.20484782313195296,Medium Risk,0,Consider manual review
22,45996,RENT,0.0,MEDICAL,3000,0.07,1,2,45996.0,0.371971987142689,High Risk,1,Additional assessment required
40,132000,MORTGAGE,7.0,HOMEIMPROVEMENT,7500,0.06,0,15,16500.0,0.03984040730604535,Low Risk,0,"Consider approval, subject to lender policy"
26,170000,MORTGAGE,0.0,VENTURE,20000,0.12,0,4,170000.0,0.054056390897623145,Low Risk,0,"Consider approval, subject to lender policy"
28,65004,MORTGAGE,7.0,MEDICAL,9000,0.14,0,5,8125.5,0.11828800903495269,Low Risk,0,"Consider approval, subject to lender policy"
22,50000,RENT,1.0,EDUCATION,11000,0.22,0,3,25000.0,0.11975746136519,Low Risk,0,"Consider approval, subject to lender policy"
23,51600,MORTGAGE,4.0,EDUCATION,7200,0.14,0,3,10320.0,0.07098003578976507,Low Risk,0,"Consider approval, subject to lender policy"
25,58000,RENT,5.0,DEBTCONSOLIDATION,15000,0.26,0,2,9666.666666666666,0.2175905535087423,Medium Risk,1,Consider manual review
26,210000,RENT,4.0,PERSONAL,15000,0.07,0,4,42000.0,0.06162956216060844,Low Risk,0,"Consider approval, subject to lender policy"
26,152000,MORTGAGE,3.0,MEDICAL,17500,0.12,0,2,38000.0,0.10824757424382009,Low Risk,0,"Consider approval, subject to lender policy"
28,127000,MORTGAGE,9.0,DEBTCONSOLIDATION,8400,0.07,0,7,12700.0,0.07364781826283953,Low Risk,0,"Consider approval, subject to lender policy"
39,50000,MORTGAGE,1.0,PERSONAL,8000,0.16,0,11,25000.0,0.08976315026776967,Low Risk,0,"Consider approval, subject to lender policy"
34,112123,MORTGAGE,2.0,EDUCATION,12800,0.11,0,6,37374.333333333336,0.043713997590257556,Low Risk,0,"Consider approval, subject to lender policy"
23,62050,RENT,1.0,MEDICAL,17800,0.24,1,3,31025.0,0.480862890798173,Very High Risk,1,High-risk application; apply lender policy
31,30000,RENT,2.0,PERSONAL,4800,0.16,1,8,10000.0,0.4510637010826021,Very High Risk,1,High-risk application; apply lender policy
22,31000,RENT,5.0,PERSONAL,14500,0.47,0,3,5166.666666666667,0.9636991285914956,Very High Risk,1,High-risk application; apply lender policy
32,37992,RENT,3.0,VENTURE,5000,0.13,0,5,9498.0,0.05370456881552263,Low Risk,0,"Consider approval, subject to lender policy"
24,38400,RENT,3.0,DEBTCONSOLIDATION,5000,0.13,0,3,9600.0,0.1376703932525494,Low Risk,0,"Consider approval, subject to lender policy"
28,28320,RENT,4.0,VENTURE,8700,0.31,0,10,5664.0,0.9490183010757879,Very High Risk,1,High-risk application; apply lender policy
27,130000,MORTGAGE,3.0,VENTURE,24000,0.18,0,10,32500.0,0.05251728769486689,Low Risk,0,"Consider approval, subject to lender policy"
39,56100,MORTGAGE,23.0,MEDICAL,8000,0.12,0,14,2337.5,0.23995986786894488,Medium Risk,1,Consider manual review
22,62400,MORTGAGE,6.0,EDUCATION,2400,0.04,1,2,8914.285714285714,0.11052222985053058,Low Risk,0,"Consider approval, subject to lender policy"
22,64312,MORTGAGE,4.0,VENTURE,5000,0.08,1,4,12862.4,0.0948517749398295,Low Risk,0,"Consider approval, subject to lender policy"
23,55000,MORTGAGE,4.0,EDUCATION,8000,0.15,0,4,11000.0,0.0743703619146872,Low Risk,0,"Consider approval, subject to lender policy"
33,40000,MORTGAGE,3.0,EDUCATION,9000,0.23,0,5,10000.0,0.0665114229550009,Low Risk,0,"Consider approval, subject to lender policy"
24,46000,MORTGAGE,8.0,MEDICAL,2000,0.04,0,2,5111.111111111111,0.17194104676970626,Medium Risk,0,Consider manual review
33,115000,MORTGAGE,10.0,PERSONAL,25000,0.22,0,10,10454.545454545454,0.1095880973876127,Low Risk,0,"Consider approval, subject to lender policy"
39,90000,MORTGAGE,15.0,VENTURE,10500,0.12,0,12,5625.0,0.019659980395057522,Low Risk,0,"Consider approval, subject to lender policy"
21,16200,RENT,3.0,EDUCATION,1200,0.07,0,3,4050.0,0.29248647850866777,High Risk,0,Additional assessment required
31,82656,OTHER,10.0,DEBTCONSOLIDATION,6000,0.07,1,9,7514.181818181818,0.3103638215404765,High Risk,0,Additional assessment required
25,87996,RENT,0.0,HOMEIMPROVEMENT,20000,0.23,0,3,87996.0,0.23023606228119034,Medium Risk,1,Consider manual review
34,44000,MORTGAGE,8.0,DEBTCONSOLIDATION,4500,0.1,0,6,4888.888888888889,0.1469631914309574,Low Risk,1,"Consider approval, subject to lender policy"
47,165000,MORTGAGE,2.0,HOMEIMPROVEMENT,19800,0.12,0,16,55000.0,0.07451911547385368,Low Risk,0,"Consider approval, subject to lender policy"
28,48715,RENT,2.0,DEBTCONSOLIDATION,12000,0.25,1,5,16238.333333333334,0.47960033969670823,Very High Risk,0,High-risk application; apply lender policy
33,50000,MORTGAGE,14.0,DEBTCONSOLIDATION,10000,0.2,0,7,3333.3333333333335,0.1471840264295425,Low Risk,1,"Consider approval, subject to lender policy"
41,54500,MORTGAGE,0.0,EDUCATION,7700,0.14,0,17,54500.0,0.1592109402457422,Medium Risk,0,Consider manual review
26,46000,RENT,4.0,PERSONAL,9000,0.2,0,3,9200.0,0.10297075580871551,Low Risk,0,"Consider approval, subject to lender policy"
23,51600,MORTGAGE,1.0,PERSONAL,4800,0.09,0,3,25800.0,0.08423108984975707,Low Risk,1,"Consider approval, subject to lender policy"
22,63996,MORTGAGE,6.0,DEBTCONSOLIDATION,4000,0.06,0,4,9142.285714285714,0.10446542786542352,Low Risk,0,"Consider approval, subject to lender policy"
31,36000,RENT,14.0,EDUCATION,7000,0.19,0,8,2400.0,0.11346115700853321,Low Risk,0,"Consider approval, subject to lender policy"
30,34000,RENT,2.0,DEBTCONSOLIDATION,1500,0.04,1,5,11333.333333333334,0.6550680332259737,Very High Risk,1,High-risk application; apply lender policy
37,27000,RENT,0.0,MEDICAL,1800,0.07,0,11,27000.0,0.17775530523822877,Medium Risk,0,Consider manual review
23,60000,MORTGAGE,7.0,DEBTCONSOLIDATION,21000,0.35,0,4,7500.0,0.23478862275945744,Medium Risk,0,Consider manual review
24,35004,OTHER,6.0,MEDICAL,18225,0.52,0,3,5000.571428571428,0.6871533670305214,Very High Risk,1,High-risk application; apply lender policy
27,40000,RENT,8.0,MEDICAL,12000,0.3,0,9,4444.444444444444,0.15946748112832318,Medium Risk,0,Consider manual review
24,144000,MORTGAGE,4.0,HOMEIMPROVEMENT,14700,0.1,0,3,28800.0,0.04228589348452586,Low Risk,0,"Consider approval, subject to lender policy"
21,30000,RENT,2.0,PERSONAL,7000,0.23,0,2,10000.0,0.2731085919600056,High Risk,1,Additional assessment required
23,140000,MORTGAGE,3.0,PERSONAL,15000,0.11,1,3,35000.0,0.12271132849691255,Low Risk,0,"Consider approval, subject to lender policy"
36,70000,MORTGAGE,2.0,PERSONAL,11000,0.16,0,12,23333.333333333332,0.06261563117218491,Low Risk,0,"Consider approval, subject to lender policy"
21,19200,OWN,0.0,PERSONAL,2400,0.13,0,2,19200.0,0.07234628218980656,Low Risk,0,"Consider approval, subject to lender policy"
38,54000,RENT,2.0,MEDICAL,14000,0.26,0,17,18000.0,0.22308863697988973,Medium Risk,1,Consider manual review
22,160000,OWN,6.0,VENTURE,7000,0.04,0,3,22857.14285714286,0.005957591129498555,Low Risk,0,"Consider approval, subject to lender policy"
25,40000,RENT,0.0,EDUCATION,10000,0.25,0,3,40000.0,0.1119193770574245,Low Risk,0,"Consider approval, subject to lender policy"
35,70000,RENT,5.0,HOMEIMPROVEMENT,9600,0.14,0,9,11666.666666666666,0.08958128803756216,Low Risk,0,"Consider approval, subject to lender policy"
31,101000,RENT,3.0,DEBTCONSOLIDATION,20000,0.2,0,10,25250.0,0.09232430534351999,Low Risk,0,"Consider approval, subject to lender policy"
24,62004,RENT,6.0,VENTURE,14000,0.23,0,4,8857.714285714286,0.051421478122197065,Low Risk,0,"Consider approval, subject to lender policy"
26,72000,OWN,10.0,MEDICAL,10000,0.14,0,4,6545.454545454545,0.026260146606240473,Low Risk,0,"Consider approval, subject to lender policy"
38,75971,MORTGAGE,10.0,HOMEIMPROVEMENT,18125,0.24,1,12,6906.454545454545,0.21286976378166478,Medium Risk,0,Consider manual review
35,100000,RENT,0.0,MEDICAL,5000,0.05,0,7,100000.0,0.08642746798097145,Low Risk,0,"Consider approval, subject to lender policy"
24,42000,MORTGAGE,8.0,VENTURE,22250,0.53,0,2,4666.666666666667,0.16119414387454048,Medium Risk,0,Consider manual review
23,62000,MORTGAGE,3.0,VENTURE,4000,0.06,0,2,15500.0,0.029129904020408444,Low Risk,0,"Consider approval, subject to lender policy"
26,43680,RENT,5.0,MEDICAL,5000,0.11,0,4,7280.0,0.14349391589820634,Low Risk,0,"Consider approval, subject to lender policy"
38,18720,RENT,0.0,DEBTCONSOLIDATION,6000,0.32,1,12,18720.0,0.991993502050336,Very High Risk,1,High-risk application; apply lender policy
25,84000,RENT,2.0,VENTURE,6000,0.07,0,2,28000.0,0.06263865149749737,Low Risk,0,"Consider approval, subject to lender policy"
41,90000,MORTGAGE,23.0,VENTURE,13200,0.15,0,13,3750.0,0.018250162135128877,Low Risk,0,"Consider approval, subject to lender policy"
22,60000,RENT,2.0,PERSONAL,3000,0.05,0,4,20000.0,0.08913980424544468,Low Risk,0,"Consider approval, subject to lender policy"
30,70000,RENT,0.0,PERSONAL,15000,0.21,1,8,70000.0,0.3314481888181622,High Risk,0,Additional assessment required
23,60000,RENT,1.0,EDUCATION,11000,0.18,0,4,30000.0,0.09006158239120844,Low Risk,0,"Consider approval, subject to lender policy"
23,93000,RENT,0.0,DEBTCONSOLIDATION,25000,0.27,1,2,93000.0,0.8338362806359692,Very High Risk,1,High-risk application; apply lender policy
28,55000,RENT,1.0,MEDICAL,10000,0.18,0,8,27500.0,0.14069208242951503,Low Risk,0,"Consider approval, subject to lender policy"
23,70000,MORTGAGE,4.0,PERSONAL,6000,0.09,1,4,14000.0,0.1344244376837683,Low Risk,0,"Consider approval, subject to lender policy"
25,42000,MORTGAGE,2.0,EDUCATION,7200,0.17,1,2,14000.0,0.21221597077238089,Medium Risk,0,Consider manual review
31,35000,RENT,6.0,MEDICAL,11700,0.33,0,9,5000.0,0.9541473948201719,Very High Risk,1,High-risk application; apply lender policy
28,28800,RENT,1.0,EDUCATION,15000,0.52,1,8,14400.0,0.9789933820453136,Very High Risk,1,High-risk application; apply lender policy
26,51996,RENT,8.0,MEDICAL,8400,0.16,1,2,5777.333333333333,0.3780835101789624,High Risk,0,Additional assessment required
22,19200,RENT,3.0,MEDICAL,2850,0.15,1,4,4800.0,0.36668634142149564,High Risk,0,Additional assessment required
22,90000,MORTGAGE,6.0,PERSONAL,14300,0.16,0,4,12857.142857142857,0.03750135232372642,Low Risk,0,"Consider approval, subject to lender policy"
22,51996,RENT,3.0,HOMEIMPROVEMENT,14500,0.28,1,2,12999.0,0.8368569128658224,Very High Risk,1,High-risk application; apply lender policy
33,36000,RENT,9.0,PERSONAL,12000,0.33,0,6,3600.0,0.9546891318495198,Very High Risk,1,High-risk application; apply lender policy
24,12960,MORTGAGE,1.0,HOMEIMPROVEMENT,3650,0.28,0,3,6480.0,0.9794444658437621,Very High Risk,1,High-risk application; apply lender policy
26,45000,RENT,3.0,MEDICAL,6000,0.13,0,3,11250.0,0.13438877404335361,Low Risk,0,"Consider approval, subject to lender policy"
45,55000,RENT,17.0,VENTURE,12000,0.22,0,12,3055.5555555555557,0.06970171927230895,Low Risk,0,"Consider approval, subject to lender policy"
22,31000,RENT,4.0,VENTURE,3600,0.12,0,3,6200.0,0.10598168730242243,Low Risk,0,"Consider approval, subject to lender policy"
28,33280,RENT,6.0,PERSONAL,12000,0.36,0,9,4754.285714285715,0.9623154163579645,Very High Risk,1,High-risk application; apply lender policy
35,70000,RENT,2.0,EDUCATION,2000,0.03,0,7,23333.333333333332,0.07891090978750008,Low Risk,0,"Consider approval, subject to lender policy"
25,50000,RENT,2.0,VENTURE,10800,0.22,0,3,16666.666666666668,0.1159887684736715,Low Risk,0,"Consider approval, subject to lender policy"
32,75000,RENT,4.0,MEDICAL,5000,0.07,0,8,15000.0,0.08107573669184766,Low Risk,0,"Consider approval, subject to lender policy"
25,42000,RENT,3.0,MEDICAL,5000,0.12,0,3,10500.0,0.1397440705597428,Low Risk,0,"Consider approval, subject to lender policy"
22,40000,RENT,1.0,PERSONAL,4000,0.1,0,4,20000.0,0.1083515202855571,Low Risk,0,"Consider approval, subject to lender policy"
22,96000,RENT,6.0,PERSONAL,17000,0.18,0,2,13714.285714285714,0.06536657799443188,Low Risk,0,"Consider approval, subject to lender policy"
29,71500,MORTGAGE,3.0,DEBTCONSOLIDATION,6000,0.08,0,10,17875.0,0.09959925595576424,Low Risk,0,"Consider approval, subject to lender policy"
26,69000,RENT,11.0,HOMEIMPROVEMENT,10800,0.16,0,4,5750.0,0.10068755144804906,Low Risk,1,"Consider approval, subject to lender policy"
35,90000,MORTGAGE,8.0,EDUCATION,4800,0.05,0,5,10000.0,0.03245967518421336,Low Risk,0,"Consider approval, subject to lender policy"
28,51150,MORTGAGE,1.0,MEDICAL,7200,0.14,0,10,25575.0,0.1418300037908977,Low Risk,0,"Consider approval, subject to lender policy"
24,120000,RENT,8.0,VENTURE,16000,0.13,0,4,13333.333333333334,0.03456354903135979,Low Risk,0,"Consider approval, subject to lender policy"
23,26976,RENT,4.0,EDUCATION,9000,0.33,0,2,5395.2,0.9597097737112775,Very High Risk,1,High-risk application; apply lender policy
23,78000,RENT,3.0,EDUCATION,3200,0.04,0,3,19500.0,0.07492076820706377,Low Risk,1,"Consider approval, subject to lender policy"
31,35000,RENT,1.0,VENTURE,3000,0.09,1,9,17500.0,0.28345895228749557,High Risk,1,Additional assessment required
24,30000,RENT,1.0,VENTURE,9500,0.32,0,2,15000.0,0.9665630849178288,Very High Risk,1,High-risk application; apply lender policy
31,60000,MORTGAGE,4.0,HOMEIMPROVEMENT,9600,0.16,0,8,12000.0,0.06326337405137807,Low Risk,0,"Consider approval, subject to lender policy"
24,100000,MORTGAGE,3.0,EDUCATION,15000,0.15,0,2,25000.0,0.042490342343642164,Low Risk,0,"Consider approval, subject to lender policy"
24,125000,MORTGAGE,2.0,PERSONAL,15000,0.12,0,3,41666.666666666664,0.060365391140922375,Low Risk,0,"Consider approval, subject to lender policy"
25,36000,MORTGAGE,0.0,DEBTCONSOLIDATION,9000,0.25,0,4,36000.0,0.1436566645429318,Low Risk,0,"Consider approval, subject to lender policy"
31,53000,MORTGAGE,2.0,MEDICAL,7200,0.14,0,8,17666.666666666668,0.1487516142019034,Low Risk,0,"Consider approval, subject to lender policy"
26,95000,MORTGAGE,9.0,VENTURE,17000,0.18,0,2,9500.0,0.03395886811036349,Low Risk,0,"Consider approval, subject to lender policy"
25,52000,RENT,3.0,PERSONAL,13000,0.25,1,2,13000.0,0.24442063314837803,Medium Risk,0,Consider manual review
27,85500,RENT,1.0,EDUCATION,11000,0.13,0,6,42750.0,0.06758049994157693,Low Risk,1,"Consider approval, subject to lender policy"
28,63000,RENT,4.0,MEDICAL,25000,0.4,0,8,12600.0,0.9860511892311538,Very High Risk,1,High-risk application; apply lender policy
21,17000,RENT,3.0,MEDICAL,5750,0.34,0,2,4250.0,0.9927896371914392,Very High Risk,1,High-risk application; apply lender policy
25,48659,RENT,4.0,EDUCATION,7500,0.15,0,4,9731.8,0.09523669509560176,Low Risk,0,"Consider approval, subject to lender policy"
21,62316,MORTGAGE,5.0,MEDICAL,10000,0.16,0,4,10386.0,0.116784323639067,Low Risk,0,"Consider approval, subject to lender policy"
33,30500,MORTGAGE,1.0,HOMEIMPROVEMENT,10000,0.33,0,6,15250.0,0.31665124507210984,High Risk,1,Additional assessment required
25,44000,RENT,2.0,MEDICAL,10000,0.23,1,4,14666.666666666666,0.4402892013813646,High Risk,1,Additional assessment required
55,28800,OWN,1.0,PERSONAL,5000,0.17,0,22,14400.0,0.020213601646614936,Low Risk,0,"Consider approval, subject to lender policy"
40,70000,MORTGAGE,16.0,HOMEIMPROVEMENT,12000,0.17,0,14,4117.64705882353,0.06463462338213012,Low Risk,0,"Consider approval, subject to lender policy"
37,250000,MORTGAGE,2.0,EDUCATION,34000,0.14,0,16,83333.33333333333,0.10806485134503056,Low Risk,0,"Consider approval, subject to lender policy"
38,42000,RENT,2.0,MEDICAL,4500,0.11,0,11,14000.0,0.14424260327872848,Low Risk,0,"Consider approval, subject to lender policy"
40,55182,RENT,0.0,VENTURE,6000,0.11,0,13,55182.0,0.09916713777906255,Low Risk,0,"Consider approval, subject to lender policy"
28,85000,MORTGAGE,3.0,DEBTCONSOLIDATION,20000,0.24,0,5,21250.0,0.08402565104460738,Low Risk,0,"Consider approval, subject to lender policy"
21,35000,OWN,2.0,VENTURE,7000,0.2,0,3,11666.666666666666,0.008846269307872948,Low Risk,0,"Consider approval, subject to lender policy"
26,54000,MORTGAGE,3.0,MEDICAL,5000,0.09,0,3,13500.0,0.1741602532453424,Medium Risk,0,Consider manual review
23,47233,RENT,7.0,MEDICAL,5000,0.11,0,3,5904.125,0.13975179686156633,Low Risk,0,"Consider approval, subject to lender policy"
24,70000,MORTGAGE,1.0,EDUCATION,9000,0.13,0,3,35000.0,0.05937438578290952,Low Risk,0,"Consider approval, subject to lender policy"
25,50000,MORTGAGE,0.0,VENTURE,8000,0.16,0,2,50000.0,0.04623121511417014,Low Risk,0,"Consider approval, subject to lender policy"
31,72000,MORTGAGE,6.0,HOMEIMPROVEMENT,9800,0.14,0,8,10285.714285714286,0.06018747133417105,Low Risk,0,"Consider approval, subject to lender policy"
35,70000,RENT,9.0,VENTURE,5000,0.07,0,6,7000.0,0.03875885672557908,Low Risk,0,"Consider approval, subject to lender policy"
35,52000,RENT,2.0,VENTURE,9000,0.17,0,9,17333.333333333332,0.1085191411597698,Low Risk,0,"Consider approval, subject to lender policy"
29,20000,RENT,3.0,DEBTCONSOLIDATION,1200,0.06,0,7,5000.0,0.18329963677134015,Medium Risk,1,Consider manual review
38,24000,RENT,3.0,MEDICAL,3000,0.13,1,16,6000.0,0.35628645971209216,High Risk,0,Additional assessment required
25,92000,RENT,5.0,HOMEIMPROVEMENT,12000,0.13,0,3,15333.333333333334,0.06129688274333332,Low Risk,0,"Consider approval, subject to lender policy"
31,45000,MORTGAGE,15.0,HOMEIMPROVEMENT,15000,0.33,1,5,2812.5,0.26891031239758867,High Risk,0,Additional assessment required
26,37800,MORTGAGE,10.0,HOMEIMPROVEMENT,7000,0.19,0,4,3436.3636363636365,0.14609601747252904,Low Risk,1,"Consider approval, subject to lender policy"
38,53712,MORTGAGE,7.0,VENTURE,4000,0.07,1,12,6714.0,0.1156663420536096,Low Risk,0,"Consider approval, subject to lender policy"
25,66000,RENT,1.0,HOMEIMPROVEMENT,5050,0.08,0,2,33000.0,0.14500427468756924,Low Risk,0,"Consider approval, subject to lender policy"
28,61000,RENT,3.0,VENTURE,6300,0.1,1,9,15250.0,0.12973784583364167,Low Risk,0,"Consider approval, subject to lender policy"
26,190300,MORTGAGE,5.0,PERSONAL,15000,0.08,0,3,31716.666666666668,0.048308589640415664,Low Risk,0,"Consider approval, subject to lender policy"
22,56324,RENT,2.0,EDUCATION,12400,0.22,0,4,18774.666666666668,0.12263146791839619,Low Risk,0,"Consider approval, subject to lender policy"
26,69000,MORTGAGE,8.0,PERSONAL,15000,0.22,0,3,7666.666666666667,0.07201675838552744,Low Risk,0,"Consider approval, subject to lender policy"
28,70920,MORTGAGE,12.0,PERSONAL,7600,0.11,0,9,5455.384615384615,0.060733295129315114,Low Risk,0,"Consider approval, subject to lender policy"
22,85000,MORTGAGE,6.0,PERSONAL,12500,0.15,0,2,12142.857142857143,0.040823227537210204,Low Risk,0,"Consider approval, subject to lender policy"
26,80000,MORTGAGE,10.0,VENTURE,25000,0.31,0,3,7272.727272727273,0.14166532242024646,Low Risk,0,"Consider approval, subject to lender policy"
27,228000,MORTGAGE,12.0,HOMEIMPROVEMENT,6000,0.03,0,6,17538.46153846154,0.03984040730604535,Low Risk,0,"Consider approval, subject to lender policy"
34,80000,RENT,4.0,VENTURE,5000,0.06,0,9,16000.0,0.02363427579940403,Low Risk,0,"Consider approval, subject to lender policy"
22,43200,OWN,6.0,VENTURE,6000,0.14,0,4,6171.428571428572,0.007207371621636464,Low Risk,0,"Consider approval, subject to lender policy"
23,28000,RENT,7.0,PERSONAL,1500,0.05,1,4,3500.0,0.267278593344711,High Risk,0,Additional assessment required
22,70000,RENT,5.0,PERSONAL,10000,0.14,0,3,11666.666666666666,0.06963276570128532,Low Risk,0,"Consider approval, subject to lender policy"
26,34200,RENT,2.0,HOMEIMPROVEMENT,6400,0.19,1,3,11400.0,0.9118159644619994,Very High Risk,1,High-risk application; apply lender policy
26,40000,RENT,10.0,PERSONAL,6925,0.17,0,4,3636.3636363636365,0.09363553725030624,Low Risk,0,"Consider approval, subject to lender policy"
24,79500,RENT,2.0,VENTURE,7500,0.09,0,4,26500.0,0.06802509883927096,Low Risk,1,"Consider approval, subject to lender policy"
31,85000,RENT,3.0,VENTURE,7500,0.09,0,5,21250.0,0.026342864977599113,Low Risk,0,"Consider approval, subject to lender policy"
23,50000,RENT,3.0,MEDICAL,5600,0.11,0,4,12500.0,0.12814624436234406,Low Risk,0,"Consider approval, subject to lender policy"
26,65000,MORTGAGE,7.0,HOMEIMPROVEMENT,14400,0.22,0,3,8125.0,0.06781200735629726,Low Risk,0,"Consider approval, subject to lender policy"
33,35000,MORTGAGE,15.0,MEDICAL,12000,0.34,1,7,2187.5,0.4046318874176247,High Risk,0,Additional assessment required
23,136000,MORTGAGE,7.0,DEBTCONSOLIDATION,8000,0.06,0,3,17000.0,0.07364781826283953,Low Risk,0,"Consider approval, subject to lender policy"
27,27900,RENT,3.0,MEDICAL,10625,0.38,0,5,6975.0,0.9723224912321474,Very High Risk,1,High-risk application; apply lender policy
22,103000,MORTGAGE,7.0,EDUCATION,15000,0.15,0,3,12875.0,0.04213251217163061,Low Risk,0,"Consider approval, subject to lender policy"
25,45000,RENT,9.0,EDUCATION,4800,0.11,0,3,4500.0,0.09578608862964817,Low Risk,0,"Consider approval, subject to lender policy"
24,123000,RENT,8.0,PERSONAL,15000,0.12,0,4,13666.666666666666,0.057201465219440376,Low Risk,1,"Consider approval, subject to lender policy"
37,48000,MORTGAGE,3.0,HOMEIMPROVEMENT,3500,0.07,0,15,12000.0,0.11015041395447007,Low Risk,0,"Consider approval, subject to lender policy"
31,57000,MORTGAGE,10.0,EDUCATION,8000,0.14,0,9,5181.818181818182,0.08301978176380487,Low Risk,0,"Consider approval, subject to lender policy"
27,63000,OWN,2.0,EDUCATION,9500,0.15,0,8,21000.0,0.01415085574832839,Low Risk,0,"Consider approval, subject to lender policy"
21,53000,OWN,5.0,PERSONAL,14400,0.27,0,3,8833.333333333334,0.015898480851423705,Low Risk,0,"Consider approval, subject to lender policy"
27,63000,MORTGAGE,9.0,DEBTCONSOLIDATION,4500,0.07,0,7,6300.0,0.11238074466635936,Low Risk,0,"Consider approval, subject to lender policy"
37,45000,RENT,1.0,PERSONAL,9000,0.2,0,12,22500.0,0.1398345711350918,Low Risk,1,"Consider approval, subject to lender policy"
22,52000,MORTGAGE,6.0,VENTURE,12000,0.23,0,3,7428.571428571428,0.051846365041427915,Low Risk,0,"Consider approval, subject to lender policy"
26,48000,RENT,2.0,EDUCATION,10700,0.22,0,4,16000.0,0.134145065667468,Low Risk,0,"Consider approval, subject to lender policy"
25,70000,MORTGAGE,3.0,MEDICAL,8000,0.11,0,4,17500.0,0.10455565442733755,Low Risk,0,"Consider approval, subject to lender policy"
29,75000,OWN,3.0,HOMEIMPROVEMENT,12000,0.16,0,5,18750.0,0.011593114784680471,Low Risk,0,"Consider approval, subject to lender policy"
25,24000,RENT,0.0,PERSONAL,2000,0.08,0,4,24000.0,0.17775530523822877,Medium Risk,0,Consider manual review
47,75000,RENT,3.0,HOMEIMPROVEMENT,15000,0.2,1,17,18750.0,0.2410498187991325,Medium Risk,0,Consider manual review
23,35000,RENT,2.0,DEBTCONSOLIDATION,11900,0.34,0,3,11666.666666666666,0.9527478579856306,Very High Risk,1,High-risk application; apply lender policy
29,29000,RENT,1.0,HOMEIMPROVEMENT,9000,0.31,0,9,14500.0,0.9887133076673174,Very High Risk,1,High-risk application; apply lender policy
29,50000,MORTGAGE,5.0,PERSONAL,8000,0.16,0,7,8333.333333333334,0.07955432560307764,Low Risk,0,"Consider approval, subject to lender policy"
26,110000,MORTGAGE,9.0,PERSONAL,20000,0.18,0,3,11000.0,0.04890828530060023,Low Risk,0,"Consider approval, subject to lender policy"
22,78996,OWN,6.0,MEDICAL,10000,0.13,0,2,11285.142857142857,0.035748165646824606,Low Risk,0,"Consider approval, subject to lender policy"
23,17000,RENT,0.0,VENTURE,1750,0.1,0,3,17000.0,0.30199680006932683,High Risk,0,Additional assessment required
25,43000,MORTGAGE,5.0,DEBTCONSOLIDATION,10000,0.23,0,3,7166.666666666667,0.1549571665645785,Medium Risk,0,Consider manual review
25,90000,RENT,9.0,HOMEIMPROVEMENT,6000,0.07,0,4,9000.0,0.056466824622791116,Low Risk,0,"Consider approval, subject to lender policy"
33,25700,RENT,3.0,EDUCATION,6700,0.26,0,10,6425.0,0.16364067521773584,Medium Risk,0,Consider manual review
44,48000,MORTGAGE,12.0,DEBTCONSOLIDATION,17500,0.36,0,15,3692.3076923076924,0.26152750081092363,High Risk,0,Additional assessment required
30,32000,RENT,1.0,DEBTCONSOLIDATION,15000,0.47,0,5,16000.0,0.9781157756868972,Very High Risk,1,High-risk application; apply lender policy
25,35000,RENT,3.0,VENTURE,2400,0.07,0,3,8750.0,0.04118184259020452,Low Risk,0,"Consider approval, subject to lender policy"
24,90730,MORTGAGE,6.0,HOMEIMPROVEMENT,8000,0.09,0,2,12961.42857142857,0.04386833229953529,Low Risk,0,"Consider approval, subject to lender policy"
23,58800,RENT,7.0,EDUCATION,3000,0.05,0,3,7350.0,0.13306343069799104,Low Risk,1,"Consider approval, subject to lender policy"
22,38004,RENT,5.0,PERSONAL,10000,0.26,0,4,6334.0,0.14741883225473718,Low Risk,0,"Consider approval, subject to lender policy"
26,93000,MORTGAGE,8.0,MEDICAL,17500,0.19,0,4,10333.333333333334,0.10575516679036875,Low Risk,0,"Consider approval, subject to lender policy"
29,32400,MORTGAGE,2.0,DEBTCONSOLIDATION,10625,0.33,0,8,10800.0,0.28156953197374407,High Risk,0,Additional assessment required
26,64800,MORTGAGE,5.0,MEDICAL,2000,0.03,0,4,10800.0,0.1097878207979153,Low Risk,0,"Consider approval, subject to lender policy"
22,63000,RENT,2.0,EDUCATION,12500,0.2,0,3,21000.0,0.09143209916307744,Low Risk,0,"Consider approval, subject to lender policy"
23,60000,MORTGAGE,6.0,PERSONAL,3350,0.06,0,4,8571.42857142857,0.055662041742779,Low Risk,0,"Consider approval, subject to lender policy"
30,33200,RENT,4.0,VENTURE,14000,0.42,0,10,6640.0,0.9576398558360155,Very High Risk,1,High-risk application; apply lender policy
32,98300,MORTGAGE,3.0,VENTURE,5000,0.05,0,10,24575.0,0.018353977381738787,Low Risk,0,"Consider approval, subject to lender policy"
38,107004,MORTGAGE,11.0,VENTURE,15000,0.14,0,16,8917.0,0.024627426408055014,Low Risk,0,"Consider approval, subject to lender policy"
27,65000,RENT,9.0,EDUCATION,3500,0.05,0,9,6500.0,0.06831933965840496,Low Risk,0,"Consider approval, subject to lender policy"
31,70000,MORTGAGE,3.0,PERSONAL,8000,0.11,0,5,17500.0,0.05653834672948592,Low Risk,0,"Consider approval, subject to lender policy"
23,113000,RENT,2.0,DEBTCONSOLIDATION,14000,0.12,1,2,37666.666666666664,0.3236392740215566,High Risk,0,Additional assessment required
28,300000,MORTGAGE,1.0,PERSONAL,9600,0.03,1,10,150000.0,0.16116203325959724,Medium Risk,0,Consider manual review
29,45000,OWN,8.0,PERSONAL,8000,0.18,0,5,5000.0,0.013853965557881705,Low Risk,0,"Consider approval, subject to lender policy"
43,77000,MORTGAGE,3.0,EDUCATION,12000,0.16,0,16,19250.0,0.056896725310544675,Low Risk,0,"Consider approval, subject to lender policy"
34,14400,RENT,4.0,DEBTCONSOLIDATION,1500,0.1,1,9,2880.0,0.5157449984398601,Very High Risk,0,High-risk application; apply lender policy
25,95111,MORTGAGE,9.0,PERSONAL,18000,0.19,0,4,9511.1,0.049314687751348306,Low Risk,0,"Consider approval, subject to lender policy"
25,32004,MORTGAGE,3.0,PERSONAL,22750,0.71,0,4,8001.0,0.18563824359126851,Medium Risk,0,Consider manual review
23,55000,RENT,0.0,VENTURE,12300,0.22,0,2,55000.0,0.12432727859787447,Low Risk,0,"Consider approval, subject to lender policy"
29,47133,RENT,5.0,MEDICAL,5100,0.11,0,7,7855.5,0.13438877404335361,Low Risk,0,"Consider approval, subject to lender policy"
23,33600,MORTGAGE,3.0,MEDICAL,4200,0.13,0,3,8400.0,0.24371472475319095,Medium Risk,0,Consider manual review
23,145000,MORTGAGE,5.0,DEBTCONSOLIDATION,10000,0.07,0,3,24166.666666666668,0.07221651417896037,Low Risk,0,"Consider approval, subject to lender policy"
23,75000,RENT,4.0,MEDICAL,12000,0.16,0,3,15000.0,0.08642011892726421,Low Risk,0,"Consider approval, subject to lender policy"
27,43080,RENT,7.0,PERSONAL,10000,0.23,0,9,5385.0,0.11472782977662492,Low Risk,0,"Consider approval, subject to lender policy"
23,100000,MORTGAGE,5.0,DEBTCONSOLIDATION,20000,0.2,0,3,16666.666666666668,0.09176312323733343,Low Risk,0,"Consider approval, subject to lender policy"
25,170000,MORTGAGE,0.0,EDUCATION,3850,0.02,0,4,170000.0,0.05156792024122149,Low Risk,0,"Consider approval, subject to lender policy"
25,25000,RENT,3.0,PERSONAL,10000,0.4,1,2,6250.0,0.9688620664082134,Very High Risk,1,High-risk application; apply lender policy
25,100000,RENT,9.0,PERSONAL,20000,0.2,1,3,10000.0,0.17409824236859173,Medium Risk,0,Consider manual review
28,48000,RENT,8.0,PERSONAL,10000,0.21,1,9,5333.333333333333,0.2545786532154048,High Risk,0,Additional assessment required
22,50724,RENT,7.0,EDUCATION,6300,0.12,1,4,6340.5,0.18546362930458946,Medium Risk,0,Consider manual review
26,34656,OWN,2.0,PERSONAL,5500,0.16,0,2,11552.0,0.030352295586400846,Low Risk,0,"Consider approval, subject to lender policy"
42,85000,RENT,3.0,VENTURE,5750,0.07,1,15,21250.0,0.08288937528988023,Low Risk,0,"Consider approval, subject to lender policy"
40,233000,MORTGAGE,6.0,VENTURE,15000,0.06,0,12,33285.71428571428,0.025705097843923625,Low Risk,0,"Consider approval, subject to lender policy"
28,29000,MORTGAGE,6.0,DEBTCONSOLIDATION,5600,0.19,0,5,4142.857142857143,0.3038583803099648,High Risk,1,Additional assessment required
27,48600,MORTGAGE,4.0,PERSONAL,10000,0.21,0,9,9720.0,0.08417434005221393,Low Risk,0,"Consider approval, subject to lender policy"
34,90000,MORTGAGE,19.0,VENTURE,5000,0.06,1,8,4500.0,0.06207802268503661,Low Risk,0,"Consider approval, subject to lender policy"
30,50000,RENT,6.0,VENTURE,4600,0.09,0,7,7142.857142857143,0.048570063259390124,Low Risk,0,"Consider approval, subject to lender policy"
27,116000,OWN,3.0,MEDICAL,6000,0.05,0,7,29000.0,0.022648817484904202,Low Risk,0,"Consider approval, subject to lender policy"
28,50000,RENT,2.0,EDUCATION,3000,0.06,0,9,16666.666666666668,0.1154862244322496,Low Risk,0,"Consider approval, subject to lender policy"
26,45450,RENT,2.0,MEDICAL,7500,0.17,0,3,15150.0,0.14727916402783758,Low Risk,0,"Consider approval, subject to lender policy"
25,110000,MORTGAGE,9.0,EDUCATION,5000,0.05,0,4,11000.0,0.035313066245107105,Low Risk,0,"Consider approval, subject to lender policy"
46,92000,MORTGAGE,18.0,EDUCATION,12925,0.14,0,17,4842.105263157895,0.040065507584797704,Low Risk,0,"Consider approval, subject to lender policy"
28,28000,RENT,3.0,VENTURE,3000,0.11,0,10,7000.0,0.0808011234888229,Low Risk,0,"Consider approval, subject to lender policy"
25,46000,RENT,9.0,DEBTCONSOLIDATION,20000,0.43,1,2,4600.0,0.9861941794335329,Very High Risk,1,High-risk application; apply lender policy
27,119000,MORTGAGE,0.0,MEDICAL,8800,0.07,0,7,119000.0,0.0897092939515276,Low Risk,0,"Consider approval, subject to lender policy"
22,34800,RENT,6.0,DEBTCONSOLIDATION,2000,0.06,1,4,4971.428571428572,0.6405403227986138,Very High Risk,1,High-risk application; apply lender policy
35,21600,RENT,1.0,EDUCATION,2500,0.12,1,8,10800.0,0.3399560542166391,High Risk,0,Additional assessment required
33,99996,MORTGAGE,14.0,PERSONAL,6000,0.06,0,7,6666.4,0.04046211574893736,Low Risk,0,"Consider approval, subject to lender policy"
38,66690,RENT,12.0,EDUCATION,20000,0.3,0,14,5130.0,0.13367922554757494,Low Risk,0,"Consider approval, subject to lender policy"
22,45900,MORTGAGE,1.0,DEBTCONSOLIDATION,6400,0.14,0,3,22950.0,0.12096097521003542,Low Risk,0,"Consider approval, subject to lender policy"
38,37200,RENT,1.0,DEBTCONSOLIDATION,5000,0.13,0,11,18600.0,0.1382158849736307,Low Risk,0,"Consider approval, subject to lender policy"
37,80000,MORTGAGE,5.0,DEBTCONSOLIDATION,10000,0.13,0,13,13333.333333333334,0.06920903388913066,Low Risk,0,"Consider approval, subject to lender policy"
26,72000,RENT,0.0,DEBTCONSOLIDATION,9000,0.13,0,2,72000.0,0.10930890950376547,Low Risk,0,"Consider approval, subject to lender policy"
37,33000,RENT,0.0,VENTURE,10000,0.3,0,11,33000.0,0.2819086459170435,High Risk,0,Additional assessment required
32,106000,MORTGAGE,12.0,HOMEIMPROVEMENT,12000,0.11,0,8,8153.846153846154,0.040768281027077385,Low Risk,0,"Consider approval, subject to lender policy"
29,32400,MORTGAGE,0.0,DEBTCONSOLIDATION,4000,0.12,1,6,32400.0,0.4582090915237368,Very High Risk,0,High-risk application; apply lender policy
30,130000,MORTGAGE,8.0,VENTURE,27000,0.21,0,6,14444.444444444445,0.05424509761243146,Low Risk,0,"Consider approval, subject to lender policy"
43,11340,RENT,4.0,EDUCATION,1950,0.17,0,11,2268.0,0.90660774840794,Very High Risk,1,High-risk application; apply lender policy
29,88000,RENT,9.0,PERSONAL,25000,0.28,1,10,8800.0,0.43942690627082015,High Risk,1,Additional assessment required
21,45000,MORTGAGE,5.0,PERSONAL,10000,0.22,0,2,7500.0,0.09026442948365927,Low Risk,0,"Consider approval, subject to lender policy"
22,83000,RENT,4.0,EDUCATION,3000,0.04,0,3,16600.0,0.048742749114009526,Low Risk,0,"Consider approval, subject to lender policy"
22,33996,RENT,1.0,DEBTCONSOLIDATION,8000,0.24,0,3,16998.0,0.3750299221260653,High Risk,1,Additional assessment required
23,150000,MORTGAGE,8.0,DEBTCONSOLIDATION,24000,0.16,0,4,16666.666666666668,0.1771224048911338,Medium Risk,0,Consider manual review
26,30000,RENT,4.0,PERSONAL,5000,0.17,1,2,6000.0,0.3449763581759335,High Risk,0,Additional assessment required
25,100000,MORTGAGE,9.0,PERSONAL,6000,0.06,0,3,10000.0,0.03813955792488234,Low Risk,0,"Consider approval, subject to lender policy"
36,100000,MORTGAGE,17.0,DEBTCONSOLIDATION,6000,0.06,0,17,5555.555555555556,0.0751445934298014,Low Risk,0,"Consider approval, subject to lender policy"
24,63410,MORTGAGE,3.0,MEDICAL,20000,0.27,0,4,15852.5,0.19555620795240813,Medium Risk,1,Consider manual review
29,52000,RENT,3.0,VENTURE,8400,0.16,0,6,13000.0,0.0501758048849749,Low Risk,0,"Consider approval, subject to lender policy"
23,57000,RENT,0.0,EDUCATION,12000,0.21,0,4,57000.0,0.13429553785264198,Low Risk,0,"Consider approval, subject to lender policy"
23,160000,MORTGAGE,1.0,VENTURE,35000,0.22,1,2,80000.0,0.2569056463135016,High Risk,0,Additional assessment required
21,30000,RENT,0.0,MEDICAL,1000,0.03,0,2,30000.0,0.23240167007045517,Medium Risk,0,Consider manual review
26,70000,MORTGAGE,1.0,MEDICAL,7000,0.1,1,4,35000.0,0.32752848086444997,High Risk,0,Additional assessment required
40,85000,MORTGAGE,1.0,EDUCATION,10000,0.12,0,11,42500.0,0.04301967526518377,Low Risk,0,"Consider approval, subject to lender policy"
25,30000,RENT,4.0,EDUCATION,4000,0.13,1,4,6000.0,0.2832293449283279,High Risk,0,Additional assessment required
24,73000,MORTGAGE,4.0,EDUCATION,6500,0.09,0,2,14600.0,0.0668055701398137,Low Risk,0,"Consider approval, subject to lender policy"
23,90000,RENT,0.0,EDUCATION,12000,0.13,0,2,90000.0,0.06579048367732868,Low Risk,0,"Consider approval, subject to lender policy"
27,31200,RENT,2.0,PERSONAL,6000,0.19,0,10,10400.0,0.2397400624371307,Medium Risk,1,Consider manual review
29,59000,MORTGAGE,6.0,HOMEIMPROVEMENT,10000,0.17,0,5,8428.57142857143,0.1258816776880507,Low Risk,0,"Consider approval, subject to lender policy"
26,108000,MORTGAGE,9.0,HOMEIMPROVEMENT,18300,0.17,0,3,10800.0,0.04641696224377817,Low Risk,0,"Consider approval, subject to lender policy"
30,180000,MORTGAGE,14.0,DEBTCONSOLIDATION,20000,0.11,0,8,12000.0,0.08445576117265627,Low Risk,0,"Consider approval, subject to lender policy"
23,21000,RENT,3.0,PERSONAL,10000,0.48,0,4,5250.0,0.9631335958025955,Very High Risk,1,High-risk application; apply lender policy
22,66000,RENT,4.0,EDUCATION,6000,0.09,0,4,13200.0,0.06109943605507801,Low Risk,0,"Consider approval, subject to lender policy"
28,47200,RENT,3.0,PERSONAL,10000,0.21,0,8,11800.0,0.10297075580871551,Low Risk,0,"Consider approval, subject to lender policy"
27,55000,RENT,11.0,EDUCATION,10000,0.18,0,7,4583.333333333333,0.1022029821890503,Low Risk,0,"Consider approval, subject to lender policy"
27,77976,RENT,2.0,VENTURE,10000,0.13,1,5,25992.0,0.33641309739359404,High Risk,1,Additional assessment required
22,57200,MORTGAGE,4.0,EDUCATION,7000,0.12,0,2,11440.0,0.07202667515697023,Low Risk,0,"Consider approval, subject to lender policy"
27,140987,MORTGAGE,5.0,VENTURE,6450,0.05,0,10,23497.833333333332,0.0188297535993052,Low Risk,0,"Consider approval, subject to lender policy"
36,41000,MORTGAGE,6.0,DEBTCONSOLIDATION,6250,0.15,0,17,5857.142857142857,0.14515499568385515,Low Risk,0,"Consider approval, subject to lender policy"
25,50004,RENT,3.0,PERSONAL,12000,0.24,1,3,12501.0,0.23056572619469648,Medium Risk,0,Consider manual review
29,225000,OWN,11.0,PERSONAL,24250,0.11,0,7,18750.0,0.025850772607450025,Low Risk,0,"Consider approval, subject to lender policy"
24,60400,OWN,5.0,VENTURE,5500,0.09,0,2,10066.666666666666,0.007448818896108816,Low Risk,0,"Consider approval, subject to lender policy"
34,47700,RENT,2.0,DEBTCONSOLIDATION,9000,0.19,0,10,15900.0,0.15053067976671985,Medium Risk,0,Consider manual review
32,79872,MORTGAGE,4.0,DEBTCONSOLIDATION,12000,0.15,0,10,15974.4,0.099066612131365,Low Risk,0,"Consider approval, subject to lender policy"
32,84000,MORTGAGE,15.0,MEDICAL,15000,0.18,0,7,5250.0,0.12651872377066894,Low Risk,0,"Consider approval, subject to lender policy"
24,25200,OWN,1.0,MEDICAL,3200,0.13,1,2,12600.0,0.10415885600039228,Low Risk,0,"Consider approval, subject to lender policy"
30,55840,RENT,6.0,MEDICAL,6000,0.11,0,5,7977.142857142857,0.1338736133358205,Low Risk,0,"Consider approval, subject to lender policy"
24,45000,MORTGAGE,0.0,VENTURE,6000,0.13,0,3,45000.0,0.04784422340911508,Low Risk,0,"Consider approval, subject to lender policy"
21,18000,RENT,2.0,DEBTCONSOLIDATION,5800,0.32,1,4,6000.0,0.9937038796562416,Very High Risk,1,High-risk application; apply lender policy
29,62400,RENT,0.0,HOMEIMPROVEMENT,3500,0.06,0,5,62400.0,0.1395818199421277,Low Risk,0,"Consider approval, subject to lender policy"
23,35000,RENT,1.0,EDUCATION,10000,0.29,0,2,17500.0,0.1301656851125875,Low Risk,0,"Consider approval, subject to lender policy"
23,32000,RENT,4.0,HOMEIMPROVEMENT,5000,0.16,0,4,6400.0,0.9278108988635642,Very High Risk,1,High-risk application; apply lender policy
35,56566,MORTGAGE,3.0,EDUCATION,3200,0.06,0,6,14141.5,0.0725807595992723,Low Risk,0,"Consider approval, subject to lender policy"
21,18864,RENT,0.0,HOMEIMPROVEMENT,3000,0.16,0,4,18864.0,0.9985593238286615,Very High Risk,1,High-risk application; apply lender policy
28,60000,OWN,1.0,HOMEIMPROVEMENT,22000,0.37,1,8,30000.0,0.07717543801886698,Low Risk,0,"Consider approval, subject to lender policy"
22,190000,RENT,3.0,VENTURE,12600,0.07,0,3,47500.0,0.030614460464104487,Low Risk,0,"Consider approval, subject to lender policy"
22,57000,MORTGAGE,6.0,EDUCATION,25000,0.44,0,2,8142.857142857143,0.2453092184997101,Medium Risk,0,Consider manual review
32,50000,RENT,0.0,VENTURE,4675,0.09,0,7,50000.0,0.07278519610759555,Low Risk,0,"Consider approval, subject to lender policy"
31,78504,RENT,2.0,EDUCATION,10000,0.13,1,8,26168.0,0.29883362563688565,High Risk,0,Additional assessment required
22,71000,RENT,4.0,MEDICAL,6000,0.08,0,4,14200.0,0.09248460682611716,Low Risk,0,"Consider approval, subject to lender policy"
21,51000,RENT,5.0,VENTURE,1600,0.03,0,4,8500.0,0.045804319133978116,Low Risk,1,"Consider approval, subject to lender policy"
29,51000,RENT,2.0,MEDICAL,6000,0.12,0,10,17000.0,0.13232885914352877,Low Risk,0,"Consider approval, subject to lender policy"
34,30412,RENT,4.0,MEDICAL,12000,0.39,0,5,6082.4,0.971702250124954,Very High Risk,1,High-risk application; apply lender policy
23,66000,RENT,2.0,MEDICAL,10000,0.15,0,4,22000.0,0.10164465191507333,Low Risk,0,"Consider approval, subject to lender policy"
24,64151,RENT,0.0,VENTURE,5000,0.08,0,2,64151.0,0.06989638266717024,Low Risk,0,"Consider approval, subject to lender policy"
26,52000,RENT,5.0,PERSONAL,5000,0.1,0,3,8666.666666666666,0.0914718119343335,Low Risk,0,"Consider approval, subject to lender policy"
22,18000,OWN,1.0,DEBTCONSOLIDATION,3000,0.17,0,3,9000.0,0.9438870137659301,Very High Risk,1,High-risk application; apply lender policy
25,80266,RENT,5.0,MEDICAL,6875,0.09,0,2,13377.666666666666,0.0815893382964282,Low Risk,0,"Consider approval, subject to lender policy"
28,31800,RENT,2.0,MEDICAL,8500,0.27,0,10,10600.0,0.3108710313474845,High Risk,1,Additional assessment required
29,60000,MORTGAGE,8.0,HOMEIMPROVEMENT,16000,0.27,1,6,6666.666666666667,0.27404929185269244,High Risk,0,Additional assessment required
43,68000,MORTGAGE,2.0,PERSONAL,7000,0.1,0,11,22666.666666666668,0.06580693679686418,Low Risk,0,"Consider approval, subject to lender policy"
45,43800,RENT,0.0,EDUCATION,5000,0.11,0,14,43800.0,0.12264079101431613,Low Risk,1,"Consider approval, subject to lender policy"
34,109000,OWN,14.0,HOMEIMPROVEMENT,15000,0.14,1,7,7266.666666666667,0.03669892949367672,Low Risk,0,"Consider approval, subject to lender policy"
22,60000,RENT,6.0,PERSONAL,12500,0.21,0,4,8571.42857142857,0.07602599031352138,Low Risk,0,"Consider approval, subject to lender policy"
27,130000,RENT,6.0,EDUCATION,10000,0.08,0,5,18571.428571428572,0.04566955918525826,Low Risk,0,"Consider approval, subject to lender policy"
29,37000,RENT,4.0,HOMEIMPROVEMENT,12000,0.32,0,7,7400.0,0.9685253375154187,Very High Risk,1,High-risk application; apply lender policy
25,370000,MORTGAGE,5.0,DEBTCONSOLIDATION,15000,0.04,1,2,61666.666666666664,0.41734720762072736,High Risk,0,Additional assessment required
27,26592,RENT,1.0,PERSONAL,2500,0.09,0,6,13296.0,0.1888761546832457,Medium Risk,1,Consider manual review
23,50000,MORTGAGE,7.0,DEBTCONSOLIDATION,15000,0.3,0,4,6250.0,0.1772931011443668,Medium Risk,0,Consider manual review
29,242400,OWN,12.0,MEDICAL,35000,0.14,0,8,18646.153846153848,0.06579102071699414,Low Risk,0,"Consider approval, subject to lender policy"
22,49000,MORTGAGE,4.0,VENTURE,7000,0.14,0,2,9800.0,0.040751943468131095,Low Risk,0,"Consider approval, subject to lender policy"
23,50000,OWN,5.0,VENTURE,7000,0.14,0,4,8333.333333333334,0.006404394567179162,Low Risk,0,"Consider approval, subject to lender policy"
33,34000,RENT,3.0,VENTURE,9000,0.26,1,10,8500.0,0.45130364696565267,Very High Risk,1,High-risk application; apply lender policy
24,76000,MORTGAGE,8.0,DEBTCONSOLIDATION,13500,0.18,0,3,8444.444444444445,0.12304779221306597,Low Risk,0,"Consider approval, subject to lender policy"
48,72000,MORTGAGE,5.0,HOMEIMPROVEMENT,7000,0.1,1,17,12000.0,0.16074959378709894,Medium Risk,0,Consider manual review
25,78000,RENT,0.0,PERSONAL,12000,0.15,1,3,78000.0,0.3713947756137824,High Risk,1,Additional assessment required
23,80000,MORTGAGE,7.0,EDUCATION,10000,0.13,0,2,10000.0,0.03353714887134101,Low Risk,0,"Consider approval, subject to lender policy"
23,122004,MORTGAGE,7.0,EDUCATION,11200,0.09,0,3,15250.5,0.0353914889067744,Low Risk,0,"Consider approval, subject to lender policy"
31,20000,RENT,7.0,DEBTCONSOLIDATION,5075,0.25,1,10,2500.0,0.5213799885417605,Very High Risk,0,High-risk application; apply lender policy
29,50000,RENT,6.0,EDUCATION,3000,0.06,0,10,7142.857142857143,0.08995401022265372,Low Risk,0,"Consider approval, subject to lender policy"
33,90000,RENT,0.0,DEBTCONSOLIDATION,12000,0.13,0,6,90000.0,0.08592085357569113,Low Risk,0,"Consider approval, subject to lender policy"
21,36662,OWN,4.0,VENTURE,18000,0.49,0,4,7332.4,0.042646986825068345,Low Risk,0,"Consider approval, subject to lender policy"
27,71000,OWN,0.0,VENTURE,5000,0.07,0,9,71000.0,0.009990979729352454,Low Risk,1,"Consider approval, subject to lender policy"
37,68000,OWN,20.0,VENTURE,7000,0.1,0,11,3238.095238095238,0.007110320312861379,Low Risk,0,"Consider approval, subject to lender policy"
22,48000,MORTGAGE,6.0,EDUCATION,12000,0.25,0,4,6857.142857142857,0.07953235475313936,Low Risk,1,"Consider approval, subject to lender policy"
24,39996,RENT,1.0,MEDICAL,7000,0.18,0,3,19998.0,0.1213397503071005,Low Risk,0,"Consider approval, subject to lender policy"
21,100000,MORTGAGE,3.0,VENTURE,6200,0.06,0,4,25000.0,0.0188297535993052,Low Risk,0,"Consider approval, subject to lender policy"
23,75000,MORTGAGE,7.0,PERSONAL,10200,0.14,0,2,9375.0,0.05538294486653957,Low Risk,0,"Consider approval, subject to lender policy"
53,46000,OWN,9.0,PERSONAL,4925,0.11,0,23,4600.0,0.015423077558935022,Low Risk,0,"Consider approval, subject to lender policy"
22,31000,RENT,5.0,PERSONAL,5550,0.18,0,3,5166.666666666667,0.1842463922680165,Medium Risk,1,Consider manual review
24,85000,MORTGAGE,5.0,HOMEIMPROVEMENT,12000,0.14,0,3,14166.666666666666,0.03791959000236727,Low Risk,0,"Consider approval, subject to lender policy"
22,29004,RENT,0.0,HOMEIMPROVEMENT,1200,0.04,1,4,29004.0,0.9820256564633478,Very High Risk,1,High-risk application; apply lender policy
25,50000,MORTGAGE,0.0,DEBTCONSOLIDATION,2600,0.05,0,3,50000.0,0.09806017035636412,Low Risk,0,"Consider approval, subject to lender policy"
32,12000,RENT,2.0,EDUCATION,6200,0.52,0,9,4000.0,0.9914062027912808,Very High Risk,1,High-risk application; apply lender policy
43,86015,MORTGAGE,3.0,VENTURE,2200,0.03,0,16,21503.75,0.018422857021286237,Low Risk,0,"Consider approval, subject to lender policy"
28,39000,RENT,6.0,MEDICAL,10000,0.26,0,6,5571.428571428572,0.2515154197125401,High Risk,1,Additional assessment required
29,22000,RENT,0.0,EDUCATION,8000,0.36,0,7,22000.0,0.9685339589724509,Very High Risk,1,High-risk application; apply lender policy
32,28600,RENT,3.0,VENTURE,6700,0.23,0,9,7150.0,0.09477536139763441,Low Risk,0,"Consider approval, subject to lender policy"
22,55000,MORTGAGE,5.0,EDUCATION,11100,0.2,0,2,9166.666666666666,0.0724778912136795,Low Risk,0,"Consider approval, subject to lender policy"
26,198000,MORTGAGE,8.0,DEBTCONSOLIDATION,12000,0.06,0,4,22000.0,0.07221651417896037,Low Risk,0,"Consider approval, subject to lender policy"
24,36000,MORTGAGE,5.0,VENTURE,5600,0.16,0,2,6000.0,0.04162743526177642,Low Risk,0,"Consider approval, subject to lender policy"
31,105000,RENT,9.0,HOMEIMPROVEMENT,15000,0.14,0,8,10500.0,0.06958358815433664,Low Risk,0,"Consider approval, subject to lender policy"
28,90000,RENT,0.0,VENTURE,4000,0.04,0,8,90000.0,0.05969254502824792,Low Risk,0,"Consider approval, subject to lender policy"
32,62900,RENT,6.0,MEDICAL,16000,0.22,0,5,8985.714285714286,0.14028773181522358,Low Risk,1,"Consider approval, subject to lender policy"
32,75000,MORTGAGE,14.0,PERSONAL,5600,0.07,1,9,5000.0,0.12497605629073628,Low Risk,0,"Consider approval, subject to lender policy"
23,56000,RENT,8.0,MEDICAL,21600,0.39,1,4,6222.222222222223,0.9815177163345657,Very High Risk,1,High-risk application; apply lender policy
24,87550,MORTGAGE,5.0,EDUCATION,3600,0.04,0,4,14591.666666666666,0.03544329276390461,Low Risk,0,"Consider approval, subject to lender policy"
24,98000,MORTGAGE,2.0,PERSONAL,5000,0.05,1,3,32666.666666666668,0.12102598178753647,Low Risk,1,"Consider approval, subject to lender policy"
26,34000,RENT,3.0,PERSONAL,5500,0.16,1,2,8500.0,0.4317916846321196,High Risk,0,Additional assessment required
27,61000,RENT,7.0,PERSONAL,13000,0.21,0,8,7625.0,0.0770506641150396,Low Risk,1,"Consider approval, subject to lender policy"
25,73000,RENT,2.0,VENTURE,12000,0.16,0,2,24333.333333333332,0.10601692431914342,Low Risk,1,"Consider approval, subject to lender policy"
41,17000,RENT,0.0,PERSONAL,1500,0.09,0,13,17000.0,0.362495264764603,High Risk,1,Additional assessment required
34,30000,MORTGAGE,4.0,EDUCATION,7300,0.24,0,9,6000.0,0.14833863304225295,Low Risk,0,"Consider approval, subject to lender policy"
23,100000,RENT,0.0,PERSONAL,10000,0.1,0,2,100000.0,0.0862427899747333,Low Risk,0,"Consider approval, subject to lender policy"
26,50000,RENT,10.0,PERSONAL,18950,0.38,0,3,4545.454545454545,0.9590518149214398,Very High Risk,1,High-risk application; apply lender policy
23,75000,MORTGAGE,5.0,VENTURE,5000,0.07,0,3,12500.0,0.022308529837043862,Low Risk,0,"Consider approval, subject to lender policy"
27,45150,RENT,1.0,VENTURE,18000,0.4,0,7,22575.0,0.9708256444917206,Very High Risk,1,High-risk application; apply lender policy
45,60000,RENT,4.0,DEBTCONSOLIDATION,25000,0.42,0,16,12000.0,0.9802935527802041,Very High Risk,1,High-risk application; apply lender policy
27,25000,RENT,9.0,VENTURE,2000,0.08,1,6,2500.0,0.22816045132522206,Medium Risk,0,Consider manual review
27,83000,MORTGAGE,11.0,EDUCATION,3500,0.04,0,5,6916.666666666667,0.044187879851776135,Low Risk,0,"Consider approval, subject to lender policy"
22,40000,MORTGAGE,2.0,EDUCATION,10000,0.25,0,3,13333.333333333334,0.07717912950038934,Low Risk,0,"Consider approval, subject to lender policy"
24,49200,MORTGAGE,8.0,MEDICAL,2500,0.05,0,2,5466.666666666667,0.17194104676970626,Medium Risk,1,Consider manual review
22,15000,RENT,0.0,VENTURE,5000,0.33,1,4,15000.0,0.99424850916249,Very High Risk,1,High-risk application; apply lender policy
25,12000,RENT,0.0,EDUCATION,1000,0.08,0,2,12000.0,0.38102283035778345,High Risk,0,Additional assessment required
34,64000,MORTGAGE,13.0,PERSONAL,24000,0.38,0,7,4571.428571428572,0.1634588287983506,Medium Risk,1,Consider manual review
25,40000,RENT,1.0,DEBTCONSOLIDATION,6500,0.16,0,4,20000.0,0.10740205702666955,Low Risk,0,"Consider approval, subject to lender policy"
34,42000,MORTGAGE,18.0,MEDICAL,2000,0.05,0,7,2210.5263157894738,0.1632238819835664,Medium Risk,0,Consider manual review
22,50000,MORTGAGE,0.0,DEBTCONSOLIDATION,12800,0.26,0,2,50000.0,0.13982702133665298,Low Risk,0,"Consider approval, subject to lender policy"
31,60000,RENT,3.0,DEBTCONSOLIDATION,7500,0.13,0,9,15000.0,0.10521885787741175,Low Risk,0,"Consider approval, subject to lender policy"
26,130000,RENT,0.0,HOMEIMPROVEMENT,4550,0.04,1,4,130000.0,0.34001135655324893,High Risk,0,Additional assessment required
25,84000,MORTGAGE,9.0,DEBTCONSOLIDATION,4200,0.05,0,4,8400.0,0.08273664466703322,Low Risk,0,"Consider approval, subject to lender policy"
22,35000,RENT,2.0,MEDICAL,6000,0.17,0,2,11666.666666666666,0.12274408733859227,Low Risk,0,"Consider approval, subject to lender policy"
27,57996,MORTGAGE,1.0,MEDICAL,4800,0.08,0,9,28998.0,0.13949054263481125,Low Risk,0,"Consider approval, subject to lender policy"
24,51024,MORTGAGE,8.0,HOMEIMPROVEMENT,2000,0.04,1,4,5669.333333333333,0.2204500507061725,Medium Risk,0,Consider manual review
24,80689,MORTGAGE,1.0,DEBTCONSOLIDATION,16000,0.2,1,2,40344.5,0.3488768526854393,High Risk,0,Additional assessment required
26,44000,RENT,10.0,PERSONAL,8000,0.18,0,3,4000.0,0.11472782977662492,Low Risk,0,"Consider approval, subject to lender policy"
23,70800,MORTGAGE,6.0,EDUCATION,9600,0.14,0,4,10114.285714285714,0.050309112100086026,Low Risk,0,"Consider approval, subject to lender policy"
25,41000,RENT,3.0,PERSONAL,8000,0.2,0,2,10250.0,0.11477823404230571,Low Risk,0,"Consider approval, subject to lender policy"
24,135000,MORTGAGE,8.0,MEDICAL,17000,0.13,0,4,15000.0,0.09970942742632946,Low Risk,0,"Consider approval, subject to lender policy"
43,74000,MORTGAGE,5.0,MEDICAL,11000,0.15,0,15,12333.333333333334,0.14360829805903016,Low Risk,0,"Consider approval, subject to lender policy"
30,67092,RENT,0.0,DEBTCONSOLIDATION,9000,0.13,0,8,67092.0,0.1204174679558837,Low Risk,0,"Consider approval, subject to lender policy"
40,45000,MORTGAGE,5.0,HOMEIMPROVEMENT,3600,0.08,0,13,7500.0,0.11015041395447007,Low Risk,0,"Consider approval, subject to lender policy"
30,61000,RENT,1.0,PERSONAL,9000,0.15,0,5,30500.0,0.09698486404275991,Low Risk,0,"Consider approval, subject to lender policy"
22,37000,RENT,2.0,EDUCATION,4000,0.11,0,2,12333.333333333334,0.12494824176365033,Low Risk,0,"Consider approval, subject to lender policy"
36,53550,RENT,1.0,MEDICAL,1600,0.03,0,16,26775.0,0.12605825783550922,Low Risk,1,"Consider approval, subject to lender policy"
27,51600,MORTGAGE,2.0,VENTURE,13650,0.26,0,9,17200.0,0.0686122256624722,Low Risk,1,"Consider approval, subject to lender policy"
42,39000,RENT,4.0,HOMEIMPROVEMENT,19750,0.51,0,14,7800.0,0.9802599893980763,Very High Risk,1,High-risk application; apply lender policy
32,24600,MORTGAGE,6.0,MEDICAL,4800,0.2,0,7,3514.285714285714,0.19633249710348907,Medium Risk,1,Consider manual review
27,50400,MORTGAGE,7.0,MEDICAL,11000,0.22,0,5,6300.0,0.16002191318126455,Medium Risk,0,Consider manual review
35,36153,MORTGAGE,2.0,PERSONAL,3000,0.08,0,8,12051.0,0.09593213884406558,Low Risk,0,"Consider approval, subject to lender policy"
24,49639,RENT,8.0,MEDICAL,10000,0.2,0,3,5515.444444444444,0.14919206029231993,Low Risk,0,"Consider approval, subject to lender policy"
25,48000,RENT,2.0,PERSONAL,6000,0.13,0,4,16000.0,0.12997237491811392,Low Risk,0,"Consider approval, subject to lender policy"
22,60612,MORTGAGE,6.0,PERSONAL,5300,0.09,0,4,8658.857142857143,0.055662041742779,Low Risk,0,"Consider approval, subject to lender policy"
28,72000,MORTGAGE,12.0,VENTURE,16000,0.22,0,5,5538.461538461538,0.045451969794983116,Low Risk,0,"Consider approval, subject to lender policy"
29,136000,RENT,0.0,DEBTCONSOLIDATION,10000,0.07,0,6,136000.0,0.09101765521043143,Low Risk,0,"Consider approval, subject to lender policy"
22,39300,MORTGAGE,5.0,EDUCATION,5325,0.14,1,3,6550.0,0.22935128801210966,Medium Risk,0,Consider manual review
28,40000,MORTGAGE,9.0,DEBTCONSOLIDATION,19200,0.48,0,6,4000.0,0.23426215939465622,Medium Risk,0,Consider manual review
28,114000,MORTGAGE,4.0,DEBTCONSOLIDATION,12000,0.11,0,5,22800.0,0.07384043149800212,Low Risk,0,"Consider approval, subject to lender policy"
29,140000,MORTGAGE,12.0,MEDICAL,24250,0.17,0,8,10769.23076923077,0.1854754522345684,Medium Risk,0,Consider manual review
31,100000,MORTGAGE,5.0,HOMEIMPROVEMENT,15000,0.15,0,10,16666.666666666668,0.04641696224377817,Low Risk,0,"Consider approval, subject to lender policy"
24,48000,OWN,5.0,VENTURE,10400,0.22,0,3,8000.0,0.0076272544935276285,Low Risk,0,"Consider approval, subject to lender policy"
25,47000,OWN,9.0,VENTURE,4000,0.09,0,4,4700.0,0.007005012972167974,Low Risk,0,"Consider approval, subject to lender policy"
27,72000,MORTGAGE,6.0,MEDICAL,17000,0.24,0,6,10285.714285714286,0.14189675270142593,Low Risk,0,"Consider approval, subject to lender policy"
22,49536,MORTGAGE,6.0,EDUCATION,5200,0.1,0,3,7076.571428571428,0.07411590030848639,Low Risk,0,"Consider approval, subject to lender policy"
23,70000,OWN,0.0,EDUCATION,3600,0.05,0,4,70000.0,0.011077247449344609,Low Risk,0,"Consider approval, subject to lender policy"
22,67350,MORTGAGE,6.0,EDUCATION,9600,0.14,0,4,9621.42857142857,0.05290859846148877,Low Risk,0,"Consider approval, subject to lender policy"
24,40000,RENT,2.0,DEBTCONSOLIDATION,3600,0.09,0,3,13333.333333333334,0.11436972332382682,Low Risk,0,"Consider approval, subject to lender policy"
27,43218,RENT,11.0,PERSONAL,5300,0.12,1,7,3601.5,0.23914119751377202,Medium Risk,0,Consider manual review
21,82000,MORTGAGE,3.0,PERSONAL,11000,0.13,0,3,20500.0,0.04318530842925588,Low Risk,0,"Consider approval, subject to lender policy"
43,97000,MORTGAGE,0.0,MEDICAL,14000,0.14,0,13,97000.0,0.09168769443986104,Low Risk,0,"Consider approval, subject to lender policy"
25,115200,RENT,0.0,HOMEIMPROVEMENT,24250,0.21,0,2,115200.0,0.30842564048591375,High Risk,0,Additional assessment required
22,60000,RENT,4.0,PERSONAL,6600,0.11,0,2,12000.0,0.07361999724450514,Low Risk,0,"Consider approval, subject to lender policy"
42,300000,RENT,26.0,MEDICAL,16000,0.05,0,15,11111.111111111111,0.13719890841586588,Low Risk,0,"Consider approval, subject to lender policy"
26,45500,RENT,2.0,EDUCATION,9400,0.21,0,2,15166.666666666666,0.13018258661701865,Low Risk,0,"Consider approval, subject to lender policy"
24,75000,MORTGAGE,8.0,MEDICAL,15000,0.2,0,2,8333.333333333334,0.13925445701744388,Low Risk,0,"Consider approval, subject to lender policy"
29,70004,RENT,0.0,EDUCATION,12500,0.18,0,7,70004.0,0.07705930550924897,Low Risk,0,"Consider approval, subject to lender policy"
26,60000,RENT,0.0,VENTURE,9000,0.15,0,3,60000.0,0.07363423348451004,Low Risk,0,"Consider approval, subject to lender policy"
36,148000,MORTGAGE,6.0,DEBTCONSOLIDATION,10000,0.07,0,13,21142.85714285714,0.07221651417896037,Low Risk,1,"Consider approval, subject to lender policy"
34,130000,MORTGAGE,5.0,HOMEIMPROVEMENT,5000,0.04,0,7,21666.666666666668,0.03984040730604535,Low Risk,0,"Consider approval, subject to lender policy"
27,90000,MORTGAGE,0.0,MEDICAL,10000,0.11,0,10,90000.0,0.08467893259065525,Low Risk,0,"Consider approval, subject to lender policy"
53,55000,RENT,1.0,HOMEIMPROVEMENT,9500,0.17,0,26,27500.0,0.215088278724014,Medium Risk,0,Consider manual review
25,48000,RENT,3.0,PERSONAL,5000,0.1,0,3,12000.0,0.09612475381663495,Low Risk,0,"Consider approval, subject to lender policy"
23,43500,RENT,0.0,MEDICAL,10450,0.24,0,2,43500.0,0.1568152757890662,Medium Risk,0,Consider manual review
35,90000,RENT,3.0,PERSONAL,11000,0.12,0,10,22500.0,0.04640361177029011,Low Risk,0,"Consider approval, subject to lender policy"
29,48000,MORTGAGE,8.0,VENTURE,4500,0.09,0,6,5333.333333333333,0.03715161367405207,Low Risk,0,"Consider approval, subject to lender policy"
24,65000,MORTGAGE,1.0,MEDICAL,10000,0.15,0,3,32500.0,0.10781360786997402,Low Risk,0,"Consider approval, subject to lender policy"
22,45000,MORTGAGE,4.0,PERSONAL,5000,0.11,1,4,9000.0,0.17440177858922948,Medium Risk,0,Consider manual review
25,60000,MORTGAGE,9.0,VENTURE,12000,0.2,0,2,6000.0,0.043928274815294106,Low Risk,0,"Consider approval, subject to lender policy"
29,50700,RENT,2.0,HOMEIMPROVEMENT,5000,0.1,0,8,16900.0,0.2119793687647395,Medium Risk,0,Consider manual review
23,48000,MORTGAGE,7.0,VENTURE,14125,0.29,0,2,6000.0,0.06080927045202062,Low Risk,0,"Consider approval, subject to lender policy"
28,90000,MORTGAGE,7.0,PERSONAL,12000,0.13,0,9,11250.0,0.03750135232372642,Low Risk,0,"Consider approval, subject to lender policy"
23,45500,OWN,5.0,EDUCATION,14000,0.31,1,2,7583.333333333333,0.02776948672300596,Low Risk,0,"Consider approval, subject to lender policy"
26,55000,MORTGAGE,10.0,VENTURE,2800,0.05,0,2,5000.0,0.04103057703361793,Low Risk,0,"Consider approval, subject to lender policy"
28,51043,MORTGAGE,12.0,VENTURE,2100,0.04,0,5,3926.3846153846152,0.035241980015971675,Low Risk,1,"Consider approval, subject to lender policy"
35,80000,RENT,5.0,DEBTCONSOLIDATION,4800,0.06,0,9,13333.333333333334,0.06121382883583405,Low Risk,0,"Consider approval, subject to lender policy"
30,95000,MORTGAGE,6.0,HOMEIMPROVEMENT,12000,0.13,0,5,13571.42857142857,0.040768281027077385,Low Risk,0,"Consider approval, subject to lender policy"
32,47500,RENT,2.0,MEDICAL,5300,0.11,0,8,15833.333333333334,0.13874271697137056,Low Risk,0,"Consider approval, subject to lender policy"
28,145000,MORTGAGE,9.0,MEDICAL,25000,0.17,0,7,14500.0,0.19069716015829521,Medium Risk,0,Consider manual review
27,127000,MORTGAGE,6.0,VENTURE,21000,0.17,0,5,18142.85714285714,0.027723780643123867,Low Risk,0,"Consider approval, subject to lender policy"
33,35496,RENT,3.0,PERSONAL,6000,0.17,1,8,8874.0,0.2433477663005035,Medium Risk,1,Consider manual review
24,184992,RENT,7.0,HOMEIMPROVEMENT,22000,0.12,1,4,23124.0,0.21197707309670846,Medium Risk,0,Consider manual review
24,31000,RENT,2.0,EDUCATION,10000,0.32,1,3,10333.333333333334,0.9707056384014293,Very High Risk,1,High-risk application; apply lender policy
22,27600,OWN,0.0,EDUCATION,9600,0.35,0,3,27600.0,0.03874903565054001,Low Risk,0,"Consider approval, subject to lender policy"
24,70000,OWN,0.0,EDUCATION,15000,0.21,0,2,70000.0,0.012744121827993091,Low Risk,0,"Consider approval, subject to lender policy"
22,56000,RENT,0.0,DEBTCONSOLIDATION,7000,0.13,0,2,56000.0,0.13976439136474428,Low Risk,0,"Consider approval, subject to lender policy"
27,120000,MORTGAGE,3.0,PERSONAL,14000,0.12,0,10,30000.0,0.04156659932746968,Low Risk,0,"Consider approval, subject to lender policy"
34,57000,RENT,9.0,DEBTCONSOLIDATION,7500,0.13,0,7,5700.0,0.14181334214090083,Low Risk,0,"Consider approval, subject to lender policy"
27,46000,RENT,5.0,EDUCATION,13000,0.28,1,10,7666.666666666667,0.2835460408978575,High Risk,0,Additional assessment required
26,86004,RENT,0.0,EDUCATION,12000,0.14,0,2,86004.0,0.07454924037375625,Low Risk,0,"Consider approval, subject to lender policy"
39,30000,RENT,1.0,HOMEIMPROVEMENT,7675,0.26,1,16,15000.0,0.9011489708895386,Very High Risk,1,High-risk application; apply lender policy
26,36000,RENT,2.0,PERSONAL,4000,0.11,0,2,12000.0,0.15290518781012205,Medium Risk,1,Consider manual review
26,30000,RENT,2.0,EDUCATION,1000,0.03,0,3,10000.0,0.21742949689921617,Medium Risk,0,Consider manual review
25,25200,RENT,0.0,DEBTCONSOLIDATION,6000,0.24,0,3,25200.0,0.18702879455329588,Medium Risk,0,Consider manual review
22,27000,RENT,1.0,VENTURE,5000,0.19,0,2,13500.0,0.18865943324494228,Medium Risk,0,Consider manual review
23,60000,RENT,3.0,EDUCATION,8000,0.13,0,3,15000.0,0.0652204726897961,Low Risk,0,"Consider approval, subject to lender policy"
31,110000,MORTGAGE,5.0,VENTURE,5000,0.05,1,9,18333.333333333332,0.0641144144653988,Low Risk,0,"Consider approval, subject to lender policy"
22,78000,RENT,4.0,VENTURE,3000,0.04,0,2,15600.0,0.05028330754424525,Low Risk,0,"Consider approval, subject to lender policy"
28,61104,MORTGAGE,2.0,HOMEIMPROVEMENT,4400,0.07,0,8,20368.0,0.07000988816193476,Low Risk,0,"Consider approval, subject to lender policy"
32,80000,MORTGAGE,15.0,VENTURE,12000,0.15,0,8,5000.0,0.01986868350116523,Low Risk,0,"Consider approval, subject to lender policy"
23,75800,RENT,0.0,PERSONAL,7000,0.09,0,2,75800.0,0.10847410877693496,Low Risk,0,"Consider approval, subject to lender policy"
22,55000,OWN,0.0,VENTURE,1000,0.02,0,3,55000.0,0.009569220982786123,Low Risk,0,"Consider approval, subject to lender policy"
22,45000,MORTGAGE,6.0,VENTURE,5000,0.11,0,4,6428.571428571428,0.03663648305091841,Low Risk,0,"Consider approval, subject to lender policy"
23,39500,MORTGAGE,3.0,DEBTCONSOLIDATION,10000,0.25,1,2,9875.0,0.5667817466221844,Very High Risk,0,High-risk application; apply lender policy
38,140000,MORTGAGE,0.0,VENTURE,25000,0.18,0,13,140000.0,0.10858684410246026,Low Risk,0,"Consider approval, subject to lender policy"
23,51000,MORTGAGE,3.0,PERSONAL,16000,0.31,1,3,12750.0,0.18597904295137746,Medium Risk,0,Consider manual review
24,56000,MORTGAGE,3.0,EDUCATION,15000,0.27,0,2,14000.0,0.09743925956608601,Low Risk,0,"Consider approval, subject to lender policy"
25,105000,MORTGAGE,2.0,DEBTCONSOLIDATION,9600,0.09,0,3,35000.0,0.07128019083922058,Low Risk,0,"Consider approval, subject to lender policy"
25,54000,RENT,4.0,HOMEIMPROVEMENT,6000,0.11,0,4,10800.0,0.17150822885283074,Medium Risk,0,Consider manual review
31,60000,RENT,4.0,EDUCATION,15000,0.25,0,9,12000.0,0.08104347180037963,Low Risk,0,"Consider approval, subject to lender policy"
54,20000,RENT,2.0,MEDICAL,5000,0.25,0,28,6666.666666666667,0.19322147127883657,Medium Risk,0,Consider manual review
24,75000,RENT,0.0,VENTURE,25000,0.33,1,3,75000.0,0.9874800318756413,Very High Risk,1,High-risk application; apply lender policy
33,75000,MORTGAGE,6.0,DEBTCONSOLIDATION,10000,0.13,0,10,10714.285714285714,0.09311610797913983,Low Risk,0,"Consider approval, subject to lender policy"
24,38000,MORTGAGE,3.0,HOMEIMPROVEMENT,16000,0.42,0,3,9500.0,0.2085094036793381,Medium Risk,0,Consider manual review
26,155000,RENT,7.0,DEBTCONSOLIDATION,24000,0.15,0,4,19375.0,0.1781032392948358,Medium Risk,0,Consider manual review
22,61000,MORTGAGE,6.0,MEDICAL,12000,0.2,0,2,8714.285714285714,0.12953230740083335,Low Risk,0,"Consider approval, subject to lender policy"
38,40000,MORTGAGE,4.0,PERSONAL,4000,0.1,0,13,8000.0,0.06673106388170237,Low Risk,0,"Consider approval, subject to lender policy"
27,59004,OWN,8.0,MEDICAL,24250,0.41,0,9,6556.0,0.20554334828331844,Medium Risk,0,Consider manual review
23,62000,RENT,1.0,DEBTCONSOLIDATION,10000,0.16,0,2,31000.0,0.10927478433549309,Low Risk,0,"Consider approval, subject to lender policy"
25,65000,RENT,3.0,PERSONAL,4000,0.06,0,2,16250.0,0.07361999724450514,Low Risk,0,"Consider approval, subject to lender policy"
21,23040,RENT,3.0,MEDICAL,2000,0.09,1,2,5760.0,0.36242324682937876,High Risk,0,Additional assessment required
32,86004,MORTGAGE,16.0,DEBTCONSOLIDATION,8000,0.09,0,5,5059.058823529412,0.08149242601004071,Low Risk,0,"Consider approval, subject to lender policy"
30,125000,MORTGAGE,14.0,VENTURE,7000,0.06,0,7,8333.333333333334,0.020161003040072796,Low Risk,0,"Consider approval, subject to lender policy"
33,88296,MORTGAGE,0.0,DEBTCONSOLIDATION,15000,0.17,0,8,88296.0,0.12340970727131981,Low Risk,1,"Consider approval, subject to lender policy"
23,60000,RENT,8.0,VENTURE,7500,0.13,0,2,6666.666666666667,0.0495376203775294,Low Risk,0,"Consider approval, subject to lender policy"
23,70000,RENT,7.0,DEBTCONSOLIDATION,1600,0.02,0,4,8750.0,0.0954504910360195,Low Risk,0,"Consider approval, subject to lender policy"
26,48000,MORTGAGE,10.0,VENTURE,4000,0.08,0,2,4363.636363636364,0.041205464240006255,Low Risk,0,"Consider approval, subject to lender policy"
40,70000,MORTGAGE,6.0,MEDICAL,18000,0.26,0,12,10000.0,0.1746321021470969,Medium Risk,0,Consider manual review
38,21000,MORTGAGE,5.0,HOMEIMPROVEMENT,3000,0.14,1,17,3500.0,0.5641066443137893,Very High Risk,0,High-risk application; apply lender policy
29,64548,MORTGAGE,3.0,MEDICAL,15000,0.23,0,7,16137.0,0.1577235134604252,Medium Risk,0,Consider manual review
24,26000,RENT,1.0,MEDICAL,12250,0.47,0,2,13000.0,0.9729373074381563,Very High Risk,1,High-risk application; apply lender policy
49,72000,RENT,4.0,DEBTCONSOLIDATION,8000,0.11,0,17,14400.0,0.10032152155711238,Low Risk,0,"Consider approval, subject to lender policy"
26,37500,RENT,1.0,DEBTCONSOLIDATION,10000,0.27,0,3,18750.0,0.1895375937194117,Medium Risk,0,Consider manual review
27,26400,RENT,0.0,PERSONAL,8000,0.3,0,7,26400.0,0.24131068158866945,Medium Risk,1,Consider manual review
25,70000,RENT,0.0,MEDICAL,10000,0.14,0,3,70000.0,0.08369385494973904,Low Risk,0,"Consider approval, subject to lender policy"
27,68000,MORTGAGE,0.0,HOMEIMPROVEMENT,3000,0.04,1,10,68000.0,0.22437015144630226,Medium Risk,0,Consider manual review
28,40000,RENT,2.0,VENTURE,4200,0.1,0,5,13333.333333333334,0.07929598734984088,Low Risk,0,"Consider approval, subject to lender policy"
27,85000,OWN,6.0,VENTURE,20000,0.24,0,6,12142.857142857143,0.009097066515359076,Low Risk,0,"Consider approval, subject to lender policy"
29,35500,MORTGAGE,3.0,DEBTCONSOLIDATION,4000,0.11,0,6,8875.0,0.13830584509300597,Low Risk,0,"Consider approval, subject to lender policy"
24,100800,MORTGAGE,8.0,MEDICAL,10800,0.11,0,4,11200.0,0.07649776780315648,Low Risk,0,"Consider approval, subject to lender policy"
29,249999,MORTGAGE,2.0,EDUCATION,25000,0.1,0,9,83333.0,0.1251189102790658,Low Risk,0,"Consider approval, subject to lender policy"
37,73000,MORTGAGE,4.0,DEBTCONSOLIDATION,5000,0.07,0,15,14600.0,0.137084043774856,Low Risk,0,"Consider approval, subject to lender policy"
33,36000,RENT,10.0,MEDICAL,12325,0.34,0,10,3272.7272727272725,0.9659082953282498,Very High Risk,1,High-risk application; apply lender policy
21,104740,MORTGAGE,5.0,MEDICAL,19200,0.18,0,3,17456.666666666668,0.10874192550673988,Low Risk,0,"Consider approval, subject to lender policy"
31,70000,RENT,0.0,PERSONAL,10000,0.14,1,8,70000.0,0.2553539878268648,High Risk,0,Additional assessment required
36,24000,RENT,1.0,EDUCATION,5000,0.21,0,17,12000.0,0.18383297443894647,Medium Risk,0,Consider manual review
35,60000,RENT,18.0,HOMEIMPROVEMENT,15000,0.25,0,5,3157.8947368421054,0.11312046847160524,Low Risk,0,"Consider approval, subject to lender policy"
24,45888,RENT,5.0,EDUCATION,9000,0.2,0,4,7648.0,0.09581829849669211,Low Risk,0,"Consider approval, subject to lender policy"
32,27000,RENT,5.0,VENTURE,4500,0.17,1,5,4500.0,0.20781256051470323,Medium Risk,0,Consider manual review
24,29000,RENT,4.0,MEDICAL,14400,0.5,0,4,5800.0,0.979465664340512,Very High Risk,1,High-risk application; apply lender policy
24,127000,MORTGAGE,3.0,HOMEIMPROVEMENT,12000,0.09,1,3,31750.0,0.11395010041358984,Low Risk,0,"Consider approval, subject to lender policy"
33,36000,MORTGAGE,2.0,EDUCATION,6625,0.18,0,5,12000.0,0.08976846883971698,Low Risk,0,"Consider approval, subject to lender policy"
25,150000,MORTGAGE,9.0,MEDICAL,25000,0.17,0,2,15000.0,0.1945686731803905,Medium Risk,0,Consider manual review
26,63000,MORTGAGE,10.0,MEDICAL,10000,0.16,0,2,5727.272727272727,0.1335287913241611,Low Risk,0,"Consider approval, subject to lender policy"
50,65000,RENT,0.0,VENTURE,3000,0.05,0,14,65000.0,0.07124253699916991,Low Risk,0,"Consider approval, subject to lender policy"
22,34000,RENT,0.0,MEDICAL,10000,0.29,1,3,34000.0,0.6865100144990083,Very High Risk,1,High-risk application; apply lender policy
31,50000,MORTGAGE,5.0,VENTURE,2000,0.04,0,7,8333.333333333334,0.03274637302927331,Low Risk,0,"Consider approval, subject to lender policy"
22,26400,RENT,1.0,PERSONAL,3500,0.13,0,3,13200.0,0.1888761546832457,Medium Risk,0,Consider manual review
23,49161,RENT,1.0,HOMEIMPROVEMENT,8000,0.16,1,4,24580.5,0.8956888429227404,Very High Risk,1,High-risk application; apply lender policy
34,90000,MORTGAGE,3.0,MEDICAL,7500,0.08,1,8,22500.0,0.2321292908428577,Medium Risk,0,Consider manual review
22,50000,RENT,1.0,MEDICAL,7500,0.15,0,3,25000.0,0.13393563341397782,Low Risk,0,"Consider approval, subject to lender policy"
30,120000,RENT,14.0,MEDICAL,15000,0.13,0,8,8000.0,0.09390543353566945,Low Risk,0,"Consider approval, subject to lender policy"
23,61200,MORTGAGE,2.0,VENTURE,9000,0.15,0,2,20400.0,0.041141854183112274,Low Risk,0,"Consider approval, subject to lender policy"
35,69000,RENT,5.0,DEBTCONSOLIDATION,6400,0.09,1,8,11500.0,0.3958080805909335,High Risk,1,Additional assessment required
23,39000,RENT,1.0,DEBTCONSOLIDATION,6000,0.15,1,3,19500.0,0.5446868738414028,Very High Risk,1,High-risk application; apply lender policy
26,47000,RENT,5.0,PERSONAL,9500,0.2,0,4,7833.333333333333,0.10297075580871551,Low Risk,0,"Consider approval, subject to lender policy"
25,45600,RENT,3.0,MEDICAL,12250,0.27,0,3,11400.0,0.18343287529913346,Medium Risk,1,Consider manual review
30,30000,RENT,14.0,MEDICAL,12800,0.43,1,9,2000.0,0.9804577308943173,Very High Risk,1,High-risk application; apply lender policy
35,57721,RENT,3.0,DEBTCONSOLIDATION,16500,0.29,0,6,14430.25,0.19559261248130883,Medium Risk,0,Consider manual review
22,67440,MORTGAGE,6.0,EDUCATION,5500,0.08,0,4,9634.285714285714,0.0495242878609549,Low Risk,0,"Consider approval, subject to lender policy"
24,45336,MORTGAGE,8.0,MEDICAL,10000,0.22,0,2,5037.333333333333,0.18309290939470463,Medium Risk,0,Consider manual review
23,80000,MORTGAGE,6.0,EDUCATION,9000,0.11,0,4,11428.57142857143,0.033175853354951955,Low Risk,0,"Consider approval, subject to lender policy"
36,94185,MORTGAGE,3.0,PERSONAL,10000,0.11,0,15,23546.25,0.04077925625785892,Low Risk,0,"Consider approval, subject to lender policy"
31,29000,RENT,0.0,DEBTCONSOLIDATION,10000,0.34,0,8,29000.0,0.9773056003590282,Very High Risk,1,High-risk application; apply lender policy
24,60516,OTHER,8.0,DEBTCONSOLIDATION,18000,0.3,0,4,6724.0,0.1599715603507266,Medium Risk,1,Consider manual review
28,55704,MORTGAGE,12.0,EDUCATION,8400,0.15,0,6,4284.923076923077,0.08301978176380487,Low Risk,0,"Consider approval, subject to lender policy"
24,10000,RENT,8.0,PERSONAL,3000,0.3,0,3,1111.111111111111,0.9209381710483215,Very High Risk,1,High-risk application; apply lender policy
27,15600,RENT,11.0,MEDICAL,2800,0.18,0,7,1300.0,0.941589965077216,Very High Risk,1,High-risk application; apply lender policy
39,73000,MORTGAGE,3.0,DEBTCONSOLIDATION,10000,0.14,0,13,18250.0,0.14553568240591822,Low Risk,0,"Consider approval, subject to lender policy"
20,77052,MORTGAGE,4.0,EDUCATION,24250,0.31,0,2,15410.4,0.14942122797790108,Low Risk,0,"Consider approval, subject to lender policy"
23,105000,RENT,7.0,PERSONAL,7200,0.07,0,4,13125.0,0.050418880219283486,Low Risk,0,"Consider approval, subject to lender policy"
32,45000,RENT,0.0,MEDICAL,8000,0.18,0,5,45000.0,0.14122920300704084,Low Risk,0,"Consider approval, subject to lender policy"
26,80004,MORTGAGE,7.0,PERSONAL,7500,0.09,0,4,10000.5,0.040612679653176546,Low Risk,1,"Consider approval, subject to lender policy"
32,60000,RENT,5.0,MEDICAL,1925,0.03,1,9,10000.0,0.26036625181446954,High Risk,0,Additional assessment required
21,40800,RENT,1.0,PERSONAL,10400,0.25,0,3,20400.0,0.14537043400193997,Low Risk,0,"Consider approval, subject to lender policy"
38,30000,RENT,0.0,EDUCATION,5600,0.19,0,15,30000.0,0.2199700983282047,Medium Risk,1,Consider manual review
22,60000,MORTGAGE,3.0,DEBTCONSOLIDATION,15000,0.25,0,4,15000.0,0.13440033209946606,Low Risk,0,"Consider approval, subject to lender policy"
21,29760,RENT,1.0,DEBTCONSOLIDATION,8500,0.29,0,2,14880.0,0.37189831211316837,High Risk,0,Additional assessment required
22,79000,MORTGAGE,6.0,EDUCATION,10000,0.13,0,2,11285.714285714286,0.06293673346252344,Low Risk,0,"Consider approval, subject to lender policy"
43,195000,MORTGAGE,4.0,EDUCATION,10000,0.05,0,12,39000.0,0.03849629717854649,Low Risk,0,"Consider approval, subject to lender policy"
24,47000,MORTGAGE,3.0,MEDICAL,12000,0.26,0,3,11750.0,0.17730083211774045,Medium Risk,0,Consider manual review
23,57996,MORTGAGE,5.0,EDUCATION,8800,0.15,0,2,9666.0,0.07202667515697023,Low Risk,0,"Consider approval, subject to lender policy"
27,30000,OWN,4.0,VENTURE,5000,0.17,0,5,6000.0,0.014310543135166501,Low Risk,0,"Consider approval, subject to lender policy"
33,44000,MORTGAGE,17.0,VENTURE,16000,0.36,0,10,2444.4444444444443,0.13584085922975006,Low Risk,0,"Consider approval, subject to lender policy"
23,48000,RENT,1.0,VENTURE,4325,0.09,0,4,24000.0,0.09037477723434893,Low Risk,0,"Consider approval, subject to lender policy"
24,86400,MORTGAGE,2.0,DEBTCONSOLIDATION,12200,0.14,0,3,28800.0,0.07153322051547044,Low Risk,0,"Consider approval, subject to lender policy"
35,37400,MORTGAGE,3.0,VENTURE,10750,0.29,0,5,9350.0,0.05129565115901062,Low Risk,0,"Consider approval, subject to lender policy"
23,54000,RENT,7.0,MEDICAL,9500,0.18,0,2,6750.0,0.1877750713772881,Medium Risk,0,Consider manual review
27,94500,MORTGAGE,2.0,PERSONAL,10000,0.11,0,5,31500.0,0.047180021838762416,Low Risk,0,"Consider approval, subject to lender policy"
28,57000,RENT,2.0,VENTURE,15000,0.26,0,10,19000.0,0.22082280807894003,Medium Risk,1,Consider manual review
33,55000,RENT,3.0,EDUCATION,6000,0.11,1,5,13750.0,0.18814724548467118,Medium Risk,0,Consider manual review
29,25400,RENT,1.0,EDUCATION,7500,0.3,1,5,12700.0,0.4480442028189566,High Risk,1,Additional assessment required
23,38400,OWN,5.0,EDUCATION,7675,0.2,0,4,6400.0,0.012723496561687803,Low Risk,0,"Consider approval, subject to lender policy"
32,66300,MORTGAGE,5.0,DEBTCONSOLIDATION,6075,0.09,0,10,11050.0,0.10446542786542352,Low Risk,0,"Consider approval, subject to lender policy"
22,50000,MORTGAGE,6.0,DEBTCONSOLIDATION,10000,0.2,0,4,7142.857142857143,0.14230561477484122,Low Risk,0,"Consider approval, subject to lender policy"
34,61476,MORTGAGE,12.0,HOMEIMPROVEMENT,9200,0.15,0,7,4728.923076923077,0.0679213741148053,Low Risk,0,"Consider approval, subject to lender policy"
27,43200,RENT,9.0,MEDICAL,4000,0.09,0,7,4320.0,0.1452849362896863,Low Risk,0,"Consider approval, subject to lender policy"
22,58000,RENT,6.0,DEBTCONSOLIDATION,10000,0.17,0,2,8285.714285714286,0.14115875525270025,Low Risk,0,"Consider approval, subject to lender policy"
28,59000,MORTGAGE,2.0,VENTURE,14000,0.24,0,5,19666.666666666668,0.08136115860114457,Low Risk,0,"Consider approval, subject to lender policy"
57,45600,RENT,21.0,VENTURE,3000,0.07,0,20,2072.7272727272725,0.046902880631100284,Low Risk,0,"Consider approval, subject to lender policy"
29,31200,RENT,0.0,PERSONAL,3000,0.1,1,6,31200.0,0.4354164577534602,High Risk,0,Additional assessment required
29,29000,RENT,0.0,MEDICAL,6000,0.21,0,8,29000.0,0.297910922682877,High Risk,1,Additional assessment required
27,21600,RENT,9.0,PERSONAL,6000,0.28,0,9,2160.0,0.17697842686517776,Medium Risk,0,Consider manual review
27,70000,RENT,4.0,HOMEIMPROVEMENT,3700,0.05,0,5,14000.0,0.08958128803756216,Low Risk,1,"Consider approval, subject to lender policy"
24,77500,RENT,0.0,DEBTCONSOLIDATION,6800,0.09,0,3,77500.0,0.12018669592164087,Low Risk,0,"Consider approval, subject to lender policy"
22,74000,MORTGAGE,6.0,EDUCATION,4000,0.05,0,3,10571.42857142857,0.055341854061553335,Low Risk,1,"Consider approval, subject to lender policy"
26,112000,MORTGAGE,5.0,DEBTCONSOLIDATION,20000,0.18,0,4,18666.666666666668,0.09001396822341866,Low Risk,1,"Consider approval, subject to lender policy"
28,28089,RENT,0.0,PERSONAL,5500,0.2,1,5,28089.0,0.3772505955411142,High Risk,0,Additional assessment required
24,75200,OWN,5.0,EDUCATION,6500,0.09,0,2,12533.333333333334,0.010116839240272481,Low Risk,0,"Consider approval, subject to lender policy"
39,56000,RENT,0.0,DEBTCONSOLIDATION,4800,0.09,1,12,56000.0,0.4314054326207004,High Risk,1,Additional assessment required
33,48000,OWN,11.0,HOMEIMPROVEMENT,10000,0.21,0,8,4000.0,0.01815923306523825,Low Risk,0,"Consider approval, subject to lender policy"
25,125000,RENT,9.0,EDUCATION,21000,0.17,1,3,12500.0,0.14753025745367868,Low Risk,0,"Consider approval, subject to lender policy"
22,71004,RENT,6.0,PERSONAL,1800,0.03,0,4,10143.42857142857,0.06525239425087247,Low Risk,0,"Consider approval, subject to lender policy"
38,34296,OWN,1.0,MEDICAL,12000,0.35,1,12,17148.0,0.1309016341645626,Low Risk,0,"Consider approval, subject to lender policy"
24,109000,MORTGAGE,9.0,VENTURE,15250,0.14,0,4,10900.0,0.024627426408055014,Low Risk,0,"Consider approval, subject to lender policy"
48,19200,OWN,1.0,MEDICAL,7000,0.36,0,16,9600.0,0.9820523216767648,Very High Risk,1,High-risk application; apply lender policy
45,37500,MORTGAGE,1.0,DEBTCONSOLIDATION,5000,0.13,0,16,18750.0,0.12708549395155969,Low Risk,0,"Consider approval, subject to lender policy"
26,123996,MORTGAGE,10.0,MEDICAL,2000,0.02,0,4,11272.363636363636,0.07013803953675088,Low Risk,0,"Consider approval, subject to lender policy"
30,100000,RENT,1.0,PERSONAL,1000,0.01,0,6,50000.0,0.05738524728265983,Low Risk,0,"Consider approval, subject to lender policy"
26,200000,MORTGAGE,10.0,HOMEIMPROVEMENT,12000,0.06,0,2,18181.81818181818,0.0441741889626186,Low Risk,0,"Consider approval, subject to lender policy"
23,33000,RENT,7.0,MEDICAL,5500,0.17,0,2,4125.0,0.2542422069367918,High Risk,1,Additional assessment required
25,123000,RENT,0.0,EDUCATION,12000,0.1,0,2,123000.0,0.07265344020399213,Low Risk,0,"Consider approval, subject to lender policy"
25,39996,OWN,2.0,VENTURE,12000,0.3,0,3,13332.0,0.011353573665464401,Low Risk,0,"Consider approval, subject to lender policy"
24,63000,MORTGAGE,8.0,VENTURE,6300,0.1,0,4,7000.0,0.029862136908576073,Low Risk,0,"Consider approval, subject to lender policy"
21,50000,RENT,5.0,MEDICAL,6000,0.12,0,2,8333.333333333334,0.13694202975309555,Low Risk,0,"Consider approval, subject to lender policy"
28,130000,MORTGAGE,2.0,HOMEIMPROVEMENT,12000,0.09,1,8,43333.333333333336,0.14087415757328886,Low Risk,0,"Consider approval, subject to lender policy"
23,51000,RENT,3.0,DEBTCONSOLIDATION,7200,0.14,0,3,12750.0,0.12646979766125474,Low Risk,1,"Consider approval, subject to lender policy"
24,72000,MORTGAGE,8.0,HOMEIMPROVEMENT,5000,0.07,1,2,8000.0,0.17793795703998716,Medium Risk,0,Consider manual review
25,81000,RENT,5.0,DEBTCONSOLIDATION,25000,0.31,0,3,13500.0,0.9721628155656664,Very High Risk,1,High-risk application; apply lender policy
24,61289,MORTGAGE,8.0,PERSONAL,2000,0.03,0,4,6809.888888888889,0.05979609222000386,Low Risk,0,"Consider approval, subject to lender policy"
26,19200,OWN,7.0,PERSONAL,4500,0.23,0,3,2400.0,0.9229880409335061,Very High Risk,1,High-risk application; apply lender policy
67,200000,MORTGAGE,2.0,PERSONAL,3000,0.01,0,26,66666.66666666667,0.055568100346184354,Low Risk,0,"Consider approval, subject to lender policy"
22,41196,RENT,6.0,PERSONAL,6800,0.17,1,2,5885.142857142857,0.2701056139839316,High Risk,0,Additional assessment required
30,75000,OWN,14.0,VENTURE,10000,0.13,1,6,5000.0,0.02178511511163651,Low Risk,0,"Consider approval, subject to lender policy"
25,19200,RENT,1.0,VENTURE,7000,0.36,1,3,9600.0,0.9938575220225851,Very High Risk,1,High-risk application; apply lender policy
26,54996,RENT,1.0,HOMEIMPROVEMENT,10250,0.19,0,2,27498.0,0.22968819661442796,Medium Risk,0,Consider manual review
31,56000,MORTGAGE,4.0,MEDICAL,8000,0.14,0,6,11200.0,0.15978514960160645,Medium Risk,0,Consider manual review
29,35000,MORTGAGE,11.0,VENTURE,5000,0.14,0,9,2916.6666666666665,0.0295224822270445,Low Risk,0,"Consider approval, subject to lender policy"
31,24000,RENT,2.0,MEDICAL,1800,0.07,0,6,8000.0,0.18605004963162747,Medium Risk,0,Consider manual review
41,103000,MORTGAGE,2.0,DEBTCONSOLIDATION,20000,0.19,1,16,34333.333333333336,0.3312083600422411,High Risk,1,Additional assessment required
29,30000,MORTGAGE,3.0,HOMEIMPROVEMENT,6000,0.2,0,6,7500.0,0.44266669915565054,High Risk,0,Additional assessment required
34,63000,MORTGAGE,3.0,DEBTCONSOLIDATION,15000,0.24,0,9,15750.0,0.13440033209946606,Low Risk,0,"Consider approval, subject to lender policy"
21,50460,OWN,4.0,VENTURE,6000,0.12,0,3,10092.0,0.006313054247621639,Low Risk,0,"Consider approval, subject to lender policy"
23,40000,RENT,1.0,EDUCATION,9000,0.23,1,2,20000.0,0.2680835336056618,High Risk,0,Additional assessment required
22,55000,RENT,3.0,PERSONAL,15000,0.27,1,4,13750.0,0.3428898405144607,High Risk,0,Additional assessment required
22,42224,RENT,6.0,DEBTCONSOLIDATION,3000,0.07,1,2,6032.0,0.47412917478056305,Very High Risk,0,High-risk application; apply lender policy
26,120000,MORTGAGE,10.0,HOMEIMPROVEMENT,20000,0.17,1,4,10909.09090909091,0.13066121961391466,Low Risk,0,"Consider approval, subject to lender policy"
23,85000,MORTGAGE,8.0,DEBTCONSOLIDATION,5000,0.06,1,2,9444.444444444445,0.30451771053516047,High Risk,0,Additional assessment required
31,20800,RENT,0.0,DEBTCONSOLIDATION,6000,0.29,0,8,20800.0,0.22641722254004198,Medium Risk,0,Consider manual review
26,62000,RENT,1.0,EDUCATION,4000,0.06,1,2,31000.0,0.22773984161843933,Medium Risk,0,Consider manual review
22,45020,RENT,6.0,EDUCATION,8300,0.18,0,4,6431.428571428572,0.09740244373709081,Low Risk,0,"Consider approval, subject to lender policy"
26,51000,MORTGAGE,2.0,DEBTCONSOLIDATION,12000,0.24,0,4,17000.0,0.13875302073912996,Low Risk,0,"Consider approval, subject to lender policy"
33,74000,MORTGAGE,2.0,MEDICAL,20500,0.28,0,10,24666.666666666668,0.24332892991419627,Medium Risk,0,Consider manual review
43,93000,MORTGAGE,15.0,DEBTCONSOLIDATION,7500,0.08,1,15,5812.5,0.32395209524291085,High Risk,1,Additional assessment required
25,45000,RENT,0.0,EDUCATION,5000,0.11,0,4,45000.0,0.11785113776019446,Low Risk,0,"Consider approval, subject to lender policy"
22,33716,OWN,6.0,EDUCATION,13750,0.41,0,2,4816.571428571428,0.032475366003924165,Low Risk,0,"Consider approval, subject to lender policy"
23,102000,OWN,7.0,EDUCATION,15000,0.15,0,3,12750.0,0.011419498952359842,Low Risk,0,"Consider approval, subject to lender policy"
30,86706,MORTGAGE,6.0,MEDICAL,8500,0.1,0,10,12386.57142857143,0.07676778781271638,Low Risk,0,"Consider approval, subject to lender policy"
22,52000,RENT,0.0,VENTURE,8000,0.15,0,3,52000.0,0.07951710432730011,Low Risk,1,"Consider approval, subject to lender policy"
24,59000,RENT,1.0,HOMEIMPROVEMENT,18000,0.31,1,4,29500.0,0.9833006055863238,Very High Risk,1,High-risk application; apply lender policy
24,52000,MORTGAGE,7.0,MEDICAL,5000,0.1,0,2,6500.0,0.16428522831801362,Medium Risk,0,Consider manual review
50,75000,RENT,4.0,VENTURE,5000,0.07,0,15,15000.0,0.0313391364604005,Low Risk,0,"Consider approval, subject to lender policy"
35,33000,RENT,2.0,VENTURE,7600,0.23,0,6,11000.0,0.24158830926607686,Medium Risk,0,Consider manual review
25,49600,RENT,9.0,EDUCATION,12000,0.24,0,4,4960.0,0.1026107090431559,Low Risk,0,"Consider approval, subject to lender policy"
24,75000,RENT,7.0,HOMEIMPROVEMENT,24000,0.32,0,3,9375.0,0.9404307803743068,Very High Risk,1,High-risk application; apply lender policy
28,90000,RENT,0.0,VENTURE,7200,0.08,0,5,90000.0,0.06529879303721622,Low Risk,0,"Consider approval, subject to lender policy"
33,135000,OWN,0.0,PERSONAL,6275,0.05,0,7,135000.0,0.01662523835384782,Low Risk,0,"Consider approval, subject to lender policy"
27,28800,RENT,0.0,EDUCATION,3000,0.1,0,7,28800.0,0.156312928094839,Medium Risk,1,Consider manual review
32,39270,RENT,5.0,EDUCATION,6800,0.17,1,7,6545.0,0.3172180075901298,High Risk,0,Additional assessment required
24,120000,MORTGAGE,1.0,EDUCATION,25000,0.21,0,2,60000.0,0.11868063849359173,Low Risk,0,"Consider approval, subject to lender policy"
24,44000,RENT,4.0,DEBTCONSOLIDATION,10400,0.24,0,4,8800.0,0.14180435157485796,Low Risk,0,"Consider approval, subject to lender policy"
32,37076,RENT,3.0,PERSONAL,12000,0.32,0,7,9269.0,0.9401786274171214,Very High Risk,1,High-risk application; apply lender policy
22,183000,MORTGAGE,3.0,EDUCATION,1000,0.01,0,2,45750.0,0.034549544861622546,Low Risk,0,"Consider approval, subject to lender policy"
22,44000,MORTGAGE,1.0,DEBTCONSOLIDATION,18900,0.43,0,2,22000.0,0.2991724165236431,High Risk,0,Additional assessment required
34,106000,RENT,3.0,EDUCATION,3000,0.03,0,7,26500.0,0.043719455001345255,Low Risk,0,"Consider approval, subject to lender policy"
23,116700,RENT,2.0,EDUCATION,7500,0.06,0,4,38900.0,0.061207479537466955,Low Risk,0,"Consider approval, subject to lender policy"
20,98000,MORTGAGE,4.0,EDUCATION,24250,0.25,0,4,19600.0,0.07749568244140276,Low Risk,0,"Consider approval, subject to lender policy"
26,100000,MORTGAGE,7.0,DEBTCONSOLIDATION,7500,0.07,0,3,12500.0,0.075301308758181,Low Risk,0,"Consider approval, subject to lender policy"
24,45600,MORTGAGE,0.0,DEBTCONSOLIDATION,7200,0.16,0,4,45600.0,0.12856668100244908,Low Risk,0,"Consider approval, subject to lender policy"
23,105600,MORTGAGE,2.0,PERSONAL,25000,0.24,0,4,35200.0,0.14188670648954194,Low Risk,0,"Consider approval, subject to lender policy"
44,54000,RENT,0.0,DEBTCONSOLIDATION,10000,0.19,0,11,54000.0,0.27879148014040134,High Risk,0,Additional assessment required
22,33996,RENT,3.0,EDUCATION,2000,0.06,0,2,8499.0,0.21656749254285731,Medium Risk,0,Consider manual review
25,55200,RENT,2.0,MEDICAL,4800,0.09,0,3,18400.0,0.13177678319167935,Low Risk,0,"Consider approval, subject to lender policy"
27,91800,MORTGAGE,5.0,MEDICAL,25000,0.23,0,9,15300.0,0.24825228817545983,Medium Risk,1,Consider manual review
23,14400,RENT,2.0,VENTURE,5000,0.35,0,3,4800.0,0.9910350671177953,Very High Risk,1,High-risk application; apply lender policy
25,88000,RENT,9.0,EDUCATION,10000,0.11,1,4,8800.0,0.125755498720986,Low Risk,1,"Consider approval, subject to lender policy"
25,90000,MORTGAGE,6.0,PERSONAL,6000,0.07,0,4,12857.142857142857,0.03506608054864006,Low Risk,0,"Consider approval, subject to lender policy"
24,39000,RENT,2.0,DEBTCONSOLIDATION,16000,0.41,0,3,13000.0,0.9809008433961013,Very High Risk,1,High-risk application; apply lender policy
44,36000,OWN,5.0,EDUCATION,4000,0.11,0,11,6000.0,0.014380287771144104,Low Risk,0,"Consider approval, subject to lender policy"
24,25000,RENT,0.0,DEBTCONSOLIDATION,5625,0.23,0,4,25000.0,0.18702879455329588,Medium Risk,0,Consider manual review
37,45000,OWN,11.0,EDUCATION,12000,0.27,0,12,3750.0,0.015968721813966868,Low Risk,0,"Consider approval, subject to lender policy"
25,32000,MORTGAGE,8.0,DEBTCONSOLIDATION,5600,0.17,0,3,3555.5555555555557,0.23590578591742112,Medium Risk,0,Consider manual review
35,139000,MORTGAGE,12.0,DEBTCONSOLIDATION,35000,0.25,0,6,10692.307692307691,0.19235742402880981,Medium Risk,0,Consider manual review
44,61000,RENT,2.0,DEBTCONSOLIDATION,11000,0.18,1,15,20333.333333333332,0.43229678737608446,High Risk,1,Additional assessment required
28,88000,RENT,3.0,PERSONAL,10000,0.11,0,9,22000.0,0.05585892747862941,Low Risk,1,"Consider approval, subject to lender policy"
28,100000,MORTGAGE,6.0,DEBTCONSOLIDATION,10000,0.1,0,5,14285.714285714286,0.075301308758181,Low Risk,0,"Consider approval, subject to lender policy"
31,50000,OWN,1.0,HOMEIMPROVEMENT,16000,0.32,0,6,25000.0,0.045032900219179675,Low Risk,0,"Consider approval, subject to lender policy"
22,33000,MORTGAGE,4.0,VENTURE,12500,0.38,1,4,6600.0,0.21974400379497908,Medium Risk,0,Consider manual review
29,43800,OWN,13.0,HOMEIMPROVEMENT,4800,0.11,0,7,3128.5714285714284,0.020273012811767264,Low Risk,0,"Consider approval, subject to lender policy"
29,66000,MORTGAGE,4.0,VENTURE,3000,0.05,0,7,13200.0,0.02704191887664336,Low Risk,0,"Consider approval, subject to lender policy"
34,60000,RENT,3.0,VENTURE,6000,0.1,0,9,15000.0,0.03887706327599671,Low Risk,0,"Consider approval, subject to lender policy"
30,69000,RENT,2.0,VENTURE,20000,0.29,1,7,23000.0,0.5158158307785348,Very High Risk,1,High-risk application; apply lender policy
29,58800,MORTGAGE,13.0,VENTURE,16000,0.27,0,6,4200.0,0.09164462247511415,Low Risk,0,"Consider approval, subject to lender policy"
28,70000,RENT,2.0,MEDICAL,10000,0.14,1,9,23333.333333333332,0.3419133817757887,High Risk,0,Additional assessment required
25,30576,MORTGAGE,5.0,DEBTCONSOLIDATION,10000,0.33,0,4,5096.0,0.29877540664321806,High Risk,0,Additional assessment required
23,18000,RENT,0.0,HOMEIMPROVEMENT,3200,0.18,0,4,18000.0,0.9989962358770349,Very High Risk,1,High-risk application; apply lender policy
25,24864,OWN,9.0,VENTURE,9000,0.36,0,3,2486.4,0.03096400614447836,Low Risk,0,"Consider approval, subject to lender policy"
32,74000,RENT,15.0,VENTURE,15000,0.2,0,6,4625.0,0.08839096040856431,Low Risk,0,"Consider approval, subject to lender policy"
33,35000,RENT,5.0,MEDICAL,11200,0.32,0,9,5833.333333333333,0.9436558645428222,Very High Risk,1,High-risk application; apply lender policy
33,60000,MORTGAGE,1.0,VENTURE,17000,0.28,1,5,30000.0,0.2522253874405335,High Risk,0,Additional assessment required
26,78000,RENT,6.0,DEBTCONSOLIDATION,18000,0.23,0,4,11142.857142857143,0.1537505658593946,Medium Risk,0,Consider manual review
21,40000,RENT,4.0,EDUCATION,5000,0.13,0,2,8000.0,0.07085733123277341,Low Risk,0,"Consider approval, subject to lender policy"
30,170000,RENT,14.0,HOMEIMPROVEMENT,25000,0.15,0,5,11333.333333333334,0.126728626380983,Low Risk,0,"Consider approval, subject to lender policy"
29,45000,RENT,0.0,MEDICAL,8000,0.18,0,5,45000.0,0.14122920300704084,Low Risk,0,"Consider approval, subject to lender policy"
26,60000,MORTGAGE,6.0,PERSONAL,3050,0.05,0,3,8571.42857142857,0.055662041742779,Low Risk,0,"Consider approval, subject to lender policy"
25,52000,MORTGAGE,9.0,DEBTCONSOLIDATION,8500,0.16,0,3,5200.0,0.14319743368704096,Low Risk,0,"Consider approval, subject to lender policy"
29,33600,MORTGAGE,3.0,MEDICAL,12000,0.36,0,6,8400.0,0.3034218366547958,High Risk,0,Additional assessment required
29,42000,RENT,3.0,MEDICAL,5000,0.12,1,6,10500.0,0.3262935814613926,High Risk,0,Additional assessment required
30,28000,OWN,14.0,MEDICAL,14400,0.51,0,5,1866.6666666666667,0.08001578694466817,Low Risk,0,"Consider approval, subject to lender policy"
22,56000,RENT,1.0,EDUCATION,12000,0.21,0,2,28000.0,0.12036900726906809,Low Risk,0,"Consider approval, subject to lender policy"
36,59000,RENT,2.0,MEDICAL,21000,0.36,1,16,19666.666666666668,0.9897971281749338,Very High Risk,1,High-risk application; apply lender policy
29,71000,RENT,1.0,MEDICAL,12000,0.17,0,5,35500.0,0.09684183147062703,Low Risk,0,"Consider approval, subject to lender policy"
32,51250,RENT,2.0,MEDICAL,11000,0.21,0,5,17083.333333333332,0.1462673571960573,Low Risk,0,"Consider approval, subject to lender policy"
23,45000,MORTGAGE,7.0,DEBTCONSOLIDATION,7000,0.16,0,3,5625.0,0.15004698317442075,Medium Risk,0,Consider manual review
26,77000,MORTGAGE,4.0,DEBTCONSOLIDATION,5400,0.07,1,3,15400.0,0.40575091660617285,High Risk,0,Additional assessment required
34,44400,RENT,0.0,EDUCATION,4500,0.1,0,9,44400.0,0.12264079101431613,Low Risk,1,"Consider approval, subject to lender policy"
22,70000,MORTGAGE,1.0,DEBTCONSOLIDATION,4500,0.06,0,2,35000.0,0.09436630225931456,Low Risk,0,"Consider approval, subject to lender policy"
40,150000,MORTGAGE,1.0,EDUCATION,7500,0.05,0,15,75000.0,0.055083791760520966,Low Risk,0,"Consider approval, subject to lender policy"
25,35000,RENT,1.0,VENTURE,15000,0.43,0,3,17500.0,0.9619406755408645,Very High Risk,1,High-risk application; apply lender policy
27,60000,RENT,9.0,VENTURE,3000,0.05,0,6,6000.0,0.04078716953912973,Low Risk,0,"Consider approval, subject to lender policy"
25,90000,MORTGAGE,9.0,DEBTCONSOLIDATION,15000,0.17,0,2,9000.0,0.08866673315938227,Low Risk,0,"Consider approval, subject to lender policy"
28,65000,MORTGAGE,8.0,EDUCATION,3000,0.05,0,7,7222.222222222223,0.05545718752456656,Low Risk,0,"Consider approval, subject to lender policy"
33,65000,RENT,3.0,DEBTCONSOLIDATION,7000,0.11,0,10,16250.0,0.10521885787741175,Low Risk,0,"Consider approval, subject to lender policy"
25,21000,RENT,0.0,DEBTCONSOLIDATION,5175,0.25,0,2,21000.0,0.19284109379665484,Medium Risk,1,Consider manual review
30,98000,RENT,14.0,PERSONAL,8525,0.09,0,9,6533.333333333333,0.05344765225823177,Low Risk,1,"Consider approval, subject to lender policy"
24,40000,MORTGAGE,1.0,MEDICAL,7500,0.19,0,4,20000.0,0.13314449435110734,Low Risk,0,"Consider approval, subject to lender policy"
24,110004,RENT,5.0,MEDICAL,14000,0.13,0,2,18334.0,0.07519111029740716,Low Risk,0,"Consider approval, subject to lender policy"
26,148000,RENT,1.0,EDUCATION,24000,0.16,0,2,74000.0,0.19028323509000644,Medium Risk,1,Consider manual review
22,32000,MORTGAGE,2.0,MEDICAL,7500,0.23,1,3,10666.666666666666,0.5575099425236139,Very High Risk,0,High-risk application; apply lender policy
22,60000,MORTGAGE,7.0,EDUCATION,12000,0.2,0,3,7500.0,0.05579192891324839,Low Risk,0,"Consider approval, subject to lender policy"
40,52200,MORTGAGE,3.0,PERSONAL,4000,0.08,0,15,13050.0,0.07459986602092307,Low Risk,0,"Consider approval, subject to lender policy"
24,115000,OWN,8.0,HOMEIMPROVEMENT,10000,0.09,0,3,12777.777777777777,0.011167934402141736,Low Risk,0,"Consider approval, subject to lender policy"
41,62500,RENT,4.0,EDUCATION,14000,0.22,0,16,12500.0,0.0705978455526977,Low Risk,0,"Consider approval, subject to lender policy"
25,108000,MORTGAGE,9.0,MEDICAL,15000,0.14,0,4,10800.0,0.10188368195642146,Low Risk,0,"Consider approval, subject to lender policy"
65,93000,MORTGAGE,27.0,PERSONAL,25000,0.27,0,27,3321.4285714285716,0.17996555771205905,Medium Risk,0,Consider manual review
29,99000,MORTGAGE,1.0,HOMEIMPROVEMENT,6000,0.06,0,5,49500.0,0.041969942615588285,Low Risk,0,"Consider approval, subject to lender policy"
22,60000,MORTGAGE,6.0,EDUCATION,3950,0.07,0,2,8571.42857142857,0.04792305510126093,Low Risk,0,"Consider approval, subject to lender policy"
34,27600,RENT,5.0,DEBTCONSOLIDATION,10000,0.36,0,6,4600.0,0.9730841316528834,Very High Risk,1,High-risk application; apply lender policy
29,30000,MORTGAGE,2.0,DEBTCONSOLIDATION,1600,0.05,0,9,10000.0,0.2195072783177432,Medium Risk,0,Consider manual review
22,60000,RENT,6.0,MEDICAL,8000,0.13,0,2,8571.42857142857,0.11062698708681519,Low Risk,0,"Consider approval, subject to lender policy"
23,50004,MORTGAGE,7.0,PERSONAL,6000,0.12,0,3,6250.5,0.08002125330032835,Low Risk,0,"Consider approval, subject to lender policy"
30,70000,RENT,2.0,MEDICAL,8000,0.11,1,6,23333.333333333332,0.31439654306621506,High Risk,0,Additional assessment required
24,53000,RENT,1.0,DEBTCONSOLIDATION,15000,0.28,0,2,26500.0,0.25152368112266554,High Risk,1,Additional assessment required
26,17280,RENT,0.0,HOMEIMPROVEMENT,3000,0.17,0,4,17280.0,0.9915453676340796,Very High Risk,1,High-risk application; apply lender policy
48,29120,RENT,0.0,DEBTCONSOLIDATION,3000,0.1,1,14,29120.0,0.5554499259423964,Very High Risk,1,High-risk application; apply lender policy
29,21000,RENT,7.0,MEDICAL,7000,0.33,0,10,2625.0,0.9727099806619294,Very High Risk,1,High-risk application; apply lender policy
33,42000,RENT,8.0,MEDICAL,2000,0.05,1,9,4666.666666666667,0.33205331742066013,High Risk,0,Additional assessment required
24,48000,RENT,4.0,VENTURE,24000,0.5,1,2,9600.0,0.9659801922415368,Very High Risk,1,High-risk application; apply lender policy
32,60000,RENT,2.0,PERSONAL,6000,0.1,0,8,20000.0,0.08913980424544468,Low Risk,0,"Consider approval, subject to lender policy"
33,23400,RENT,13.0,VENTURE,5000,0.21,0,10,1671.4285714285713,0.10030010546960269,Low Risk,0,"Consider approval, subject to lender policy"
26,33000,MORTGAGE,10.0,PERSONAL,7000,0.21,0,4,3000.0,0.160668767182014,Medium Risk,0,Consider manual review
24,54000,RENT,6.0,DEBTCONSOLIDATION,5500,0.1,0,2,7714.285714285715,0.1541655999220296,Medium Risk,0,Consider manual review
34,119000,MORTGAGE,10.0,HOMEIMPROVEMENT,6000,0.05,0,10,10818.181818181818,0.03984040730604535,Low Risk,0,"Consider approval, subject to lender policy"
24,75600,MORTGAGE,5.0,VENTURE,7200,0.1,0,2,12600.0,0.03301663501250147,Low Risk,0,"Consider approval, subject to lender policy"
25,86000,RENT,9.0,EDUCATION,16000,0.19,1,2,8600.0,0.1475053387442624,Low Risk,0,"Consider approval, subject to lender policy"
31,110000,MORTGAGE,2.0,MEDICAL,6000,0.05,0,6,36666.666666666664,0.06874926379177629,Low Risk,0,"Consider approval, subject to lender policy"
25,85000,MORTGAGE,5.0,DEBTCONSOLIDATION,7500,0.09,1,3,14166.666666666666,0.2934914103062838,High Risk,0,Additional assessment required
29,59000,RENT,4.0,DEBTCONSOLIDATION,12000,0.2,1,9,11800.0,0.5486801577672317,Very High Risk,1,High-risk application; apply lender policy
25,35000,OWN,3.0,EDUCATION,3600,0.1,0,3,8750.0,0.011086802861080382,Low Risk,0,"Consider approval, subject to lender policy"
30,45000,MORTGAGE,5.0,EDUCATION,3250,0.07,0,6,7500.0,0.0728799050267041,Low Risk,0,"Consider approval, subject to lender policy"
29,24000,RENT,1.0,PERSONAL,3000,0.13,0,6,12000.0,0.1888761546832457,Medium Risk,0,Consider manual review
31,30000,RENT,5.0,MEDICAL,7000,0.23,0,8,5000.0,0.25105560142988514,High Risk,0,Additional assessment required
23,68000,RENT,3.0,MEDICAL,15700,0.23,0,2,17000.0,0.14977372892162322,Low Risk,0,"Consider approval, subject to lender policy"
23,28000,RENT,0.0,EDUCATION,4000,0.14,0,4,28000.0,0.16044189403602913,Medium Risk,0,Consider manual review
26,139992,MORTGAGE,0.0,DEBTCONSOLIDATION,14400,0.1,0,2,139992.0,0.08753595734293,Low Risk,0,"Consider approval, subject to lender policy"
21,37740,RENT,0.0,DEBTCONSOLIDATION,9600,0.25,1,4,37740.0,0.4832750546082331,Very High Risk,0,High-risk application; apply lender policy
24,85000,MORTGAGE,4.0,EDUCATION,1000,0.01,0,4,17000.0,0.03283251220000498,Low Risk,0,"Consider approval, subject to lender policy"
24,36000,MORTGAGE,8.0,VENTURE,3250,0.09,0,2,4000.0,0.043491581938130845,Low Risk,0,"Consider approval, subject to lender policy"
27,64000,RENT,2.0,HOMEIMPROVEMENT,13000,0.2,0,10,21333.333333333332,0.147557579837544,Low Risk,0,"Consider approval, subject to lender policy"
28,85000,RENT,7.0,DEBTCONSOLIDATION,11200,0.13,0,10,10625.0,0.06720007421494582,Low Risk,0,"Consider approval, subject to lender policy"
30,34000,RENT,0.0,DEBTCONSOLIDATION,2400,0.07,0,5,34000.0,0.30369883848073476,High Risk,1,Additional assessment required
26,48000,RENT,5.0,MEDICAL,7000,0.15,0,3,8000.0,0.14270172130130326,Low Risk,0,"Consider approval, subject to lender policy"
22,40000,RENT,2.0,EDUCATION,6200,0.15,0,3,13333.333333333334,0.09982211303063103,Low Risk,0,"Consider approval, subject to lender policy"
26,75000,RENT,3.0,EDUCATION,20000,0.27,0,3,18750.0,0.11062919346227416,Low Risk,0,"Consider approval, subject to lender policy"
24,72800,MORTGAGE,8.0,PERSONAL,11200,0.15,0,2,8088.888888888889,0.06342590505165302,Low Risk,0,"Consider approval, subject to lender policy"
24,30000,OWN,6.0,HOMEIMPROVEMENT,7500,0.25,0,4,4285.714285714285,0.07717253466735868,Low Risk,0,"Consider approval, subject to lender policy"
37,42000,RENT,0.0,MEDICAL,12000,0.29,0,14,42000.0,0.1874821323839487,Medium Risk,0,Consider manual review
24,113000,MORTGAGE,8.0,VENTURE,2100,0.02,0,3,12555.555555555555,0.018353977381738787,Low Risk,0,"Consider approval, subject to lender policy"
39,48000,RENT,4.0,MEDICAL,20500,0.43,0,16,9600.0,0.9740591150096788,Very High Risk,1,High-risk application; apply lender policy
31,65000,MORTGAGE,15.0,PERSONAL,3000,0.05,1,7,4062.5,0.1477315825619733,Low Risk,0,"Consider approval, subject to lender policy"
21,44000,MORTGAGE,2.0,DEBTCONSOLIDATION,12000,0.27,0,2,14666.666666666666,0.17967232066587083,Medium Risk,0,Consider manual review
23,16000,RENT,6.0,DEBTCONSOLIDATION,2250,0.14,0,4,2285.714285714286,0.35403005211592037,High Risk,0,Additional assessment required
21,50000,RENT,5.0,EDUCATION,4900,0.1,0,2,8333.333333333334,0.07917141890837331,Low Risk,0,"Consider approval, subject to lender policy"
22,60000,RENT,6.0,MEDICAL,3200,0.05,0,2,8571.42857142857,0.10395594964147582,Low Risk,0,"Consider approval, subject to lender policy"
22,33250,RENT,0.0,EDUCATION,2800,0.08,1,3,33250.0,0.381751697172397,High Risk,1,Additional assessment required
25,101000,MORTGAGE,9.0,EDUCATION,17000,0.17,0,3,10100.0,0.043918427563483936,Low Risk,0,"Consider approval, subject to lender policy"
23,57600,MORTGAGE,0.0,EDUCATION,1000,0.02,0,2,57600.0,0.07719271124529067,Low Risk,0,"Consider approval, subject to lender policy"
32,33000,MORTGAGE,2.0,MEDICAL,5000,0.15,0,7,11000.0,0.2374512829258423,Medium Risk,0,Consider manual review
25,38400,MORTGAGE,9.0,VENTURE,12000,0.31,0,3,3840.0,0.12258600718883983,Low Risk,0,"Consider approval, subject to lender policy"
24,115500,MORTGAGE,2.0,EDUCATION,3200,0.03,0,2,38500.0,0.039558667225478225,Low Risk,0,"Consider approval, subject to lender policy"
25,50000,MORTGAGE,10.0,EDUCATION,10000,0.2,1,4,4545.454545454545,0.17700440087645994,Medium Risk,0,Consider manual review
22,26784,RENT,6.0,DEBTCONSOLIDATION,5500,0.21,0,4,3826.285714285714,0.18815749349246327,Medium Risk,1,Consider manual review
40,27599,RENT,6.0,VENTURE,3000,0.11,0,17,3942.714285714286,0.0808011234888229,Low Risk,0,"Consider approval, subject to lender policy"
26,65000,MORTGAGE,6.0,VENTURE,22000,0.34,0,2,9285.714285714286,0.1372966898745166,Low Risk,0,"Consider approval, subject to lender policy"
32,85000,MORTGAGE,16.0,PERSONAL,10000,0.12,0,8,5000.0,0.04080380322152921,Low Risk,0,"Consider approval, subject to lender policy"
26,72645,OWN,5.0,VENTURE,12000,0.17,0,2,12107.5,0.008371642864908976,Low Risk,0,"Consider approval, subject to lender policy"
44,59000,RENT,1.0,EDUCATION,10000,0.17,0,13,29500.0,0.16408821929719594,Medium Risk,1,Consider manual review
34,32000,MORTGAGE,12.0,HOMEIMPROVEMENT,2275,0.07,0,6,2461.5384615384614,0.4559811584771022,Very High Risk,0,High-risk application; apply lender policy
25,95000,RENT,1.0,DEBTCONSOLIDATION,7000,0.07,0,2,47500.0,0.07958670207464195,Low Risk,0,"Consider approval, subject to lender policy"
21,36000,RENT,5.0,MEDICAL,20000,0.56,1,2,6000.0,0.9826713310859952,Very High Risk,1,High-risk application; apply lender policy
23,130008,MORTGAGE,0.0,MEDICAL,9000,0.07,0,2,130008.0,0.0880472829152208,Low Risk,0,"Consider approval, subject to lender policy"
21,24960,RENT,0.0,EDUCATION,1000,0.04,0,4,24960.0,0.16044189403602913,Medium Risk,0,Consider manual review
28,30000,RENT,0.0,MEDICAL,11500,0.38,1,5,30000.0,0.9806719184050746,Very High Risk,1,High-risk application; apply lender policy
25,26500,RENT,9.0,PERSONAL,6000,0.23,0,3,2650.0,0.14524504068034913,Low Risk,0,"Consider approval, subject to lender policy"
29,50000,RENT,0.0,VENTURE,6000,0.12,0,7,50000.0,0.0745647750158909,Low Risk,0,"Consider approval, subject to lender policy"
29,42000,RENT,6.0,VENTURE,18000,0.43,1,8,6000.0,0.9641635909173335,Very High Risk,1,High-risk application; apply lender policy
34,100000,MORTGAGE,7.0,EDUCATION,12000,0.12,0,6,12500.0,0.037764819393203176,Low Risk,0,"Consider approval, subject to lender policy"
35,18200,RENT,4.0,MEDICAL,2725,0.15,0,8,3640.0,0.35327677447835554,High Risk,0,Additional assessment required
33,186996,MORTGAGE,0.0,EDUCATION,25000,0.13,1,8,186996.0,0.3527880670914306,High Risk,0,Additional assessment required
31,45000,RENT,3.0,DEBTCONSOLIDATION,8000,0.18,0,10,11250.0,0.13638261783356884,Low Risk,0,"Consider approval, subject to lender policy"
25,34000,MORTGAGE,2.0,MEDICAL,6000,0.18,1,3,11333.333333333334,0.6329953602397947,Very High Risk,1,High-risk application; apply lender policy
26,117000,MORTGAGE,4.0,VENTURE,14400,0.12,0,4,23400.0,0.020523451486212606,Low Risk,0,"Consider approval, subject to lender policy"
30,53004,RENT,3.0,DEBTCONSOLIDATION,14000,0.26,1,10,13251.0,0.5177690078519577,Very High Risk,1,High-risk application; apply lender policy
23,114600,MORTGAGE,7.0,EDUCATION,10000,0.09,0,3,14325.0,0.03621965695710324,Low Risk,0,"Consider approval, subject to lender policy"
23,55000,RENT,4.0,EDUCATION,8000,0.15,0,2,11000.0,0.0883722287960371,Low Risk,0,"Consider approval, subject to lender policy"
26,47000,RENT,7.0,MEDICAL,15000,0.32,0,4,5875.0,0.9673836979905607,Very High Risk,1,High-risk application; apply lender policy
26,68926,RENT,4.0,PERSONAL,8400,0.12,0,2,13785.2,0.07851490142426594,Low Risk,0,"Consider approval, subject to lender policy"
29,52000,RENT,4.0,MEDICAL,10000,0.19,1,9,10400.0,0.3489261140768886,High Risk,0,Additional assessment required
26,88900,OWN,2.0,MEDICAL,5000,0.06,0,4,29633.333333333332,0.02306858511295822,Low Risk,0,"Consider approval, subject to lender policy"
30,51750,OWN,5.0,VENTURE,12000,0.23,0,10,8625.0,0.007223819498606207,Low Risk,0,"Consider approval, subject to lender policy"
34,65000,RENT,6.0,MEDICAL,17000,0.26,0,8,9285.714285714286,0.1998382865386508,Medium Risk,0,Consider manual review
30,36000,RENT,0.0,MEDICAL,13000,0.36,0,8,36000.0,0.9606940404208216,Very High Risk,1,High-risk application; apply lender policy
35,31000,MORTGAGE,2.0,PERSONAL,8875,0.29,0,7,10333.333333333334,0.19355684185425004,Medium Risk,1,Consider manual review
23,21000,RENT,3.0,MEDICAL,10000,0.48,1,4,5250.0,0.9793739185273256,Very High Risk,1,High-risk application; apply lender policy
26,95000,RENT,10.0,EDUCATION,17000,0.18,0,3,8636.363636363636,0.056433605344084106,Low Risk,0,"Consider approval, subject to lender policy"
24,61147,MORTGAGE,5.0,MEDICAL,17000,0.28,0,4,10191.166666666666,0.193287636733795,Medium Risk,0,Consider manual review
24,70000,RENT,8.0,DEBTCONSOLIDATION,8000,0.11,0,3,7777.777777777777,0.1016376290083805,Low Risk,0,"Consider approval, subject to lender policy"
30,65000,RENT,2.0,DEBTCONSOLIDATION,25000,0.38,0,8,21666.666666666668,0.9845826232466415,Very High Risk,1,High-risk application; apply lender policy
33,61000,RENT,0.0,HOMEIMPROVEMENT,6000,0.1,0,9,61000.0,0.13251348863724338,Low Risk,0,"Consider approval, subject to lender policy"
34,39600,MORTGAGE,16.0,PERSONAL,2400,0.06,0,9,2329.4117647058824,0.11074222148711217,Low Risk,0,"Consider approval, subject to lender policy"
38,95000,OWN,6.0,HOMEIMPROVEMENT,14000,0.15,1,17,13571.42857142857,0.03133864800079886,Low Risk,0,"Consider approval, subject to lender policy"
31,86000,RENT,2.0,DEBTCONSOLIDATION,5000,0.06,0,8,28666.666666666668,0.06961930276112197,Low Risk,0,"Consider approval, subject to lender policy"
28,95000,OWN,3.0,VENTURE,4800,0.05,0,10,23750.0,0.005722292003890719,Low Risk,0,"Consider approval, subject to lender policy"
26,30000,OWN,0.0,PERSONAL,15000,0.5,0,2,30000.0,0.05333692378132715,Low Risk,0,"Consider approval, subject to lender policy"
25,111996,RENT,9.0,PERSONAL,24250,0.22,0,3,11199.6,0.11488994212612565,Low Risk,0,"Consider approval, subject to lender policy"
50,116000,MORTGAGE,22.0,PERSONAL,5000,0.04,0,17,5043.478260869565,0.0653345915112594,Low Risk,0,"Consider approval, subject to lender policy"
25,116000,MORTGAGE,9.0,VENTURE,19950,0.17,0,4,11600.0,0.027723780643123867,Low Risk,0,"Consider approval, subject to lender policy"
28,30000,RENT,3.0,DEBTCONSOLIDATION,5600,0.19,1,10,7500.0,0.5679571380713748,Very High Risk,1,High-risk application; apply lender policy
24,60000,MORTGAGE,2.0,PERSONAL,2600,0.04,0,4,20000.0,0.061651287674540464,Low Risk,0,"Consider approval, subject to lender policy"
27,84780,MORTGAGE,5.0,VENTURE,18000,0.21,0,10,14130.0,0.028436280114729567,Low Risk,0,"Consider approval, subject to lender policy"
29,76000,MORTGAGE,4.0,HOMEIMPROVEMENT,20000,0.26,1,8,15200.0,0.26877270402582476,High Risk,1,Additional assessment required
23,74000,RENT,7.0,EDUCATION,6000,0.08,0,3,9250.0,0.08249897108988068,Low Risk,0,"Consider approval, subject to lender policy"
27,51000,OWN,3.0,HOMEIMPROVEMENT,3500,0.07,0,5,12750.0,0.016147182097136895,Low Risk,0,"Consider approval, subject to lender policy"
23,34000,MORTGAGE,0.0,DEBTCONSOLIDATION,2525,0.07,0,3,34000.0,0.283628144064014,High Risk,1,Additional assessment required
21,12000,RENT,0.0,VENTURE,3000,0.25,0,3,12000.0,0.9388316096673588,Very High Risk,1,High-risk application; apply lender policy
30,83203,RENT,6.0,MEDICAL,14100,0.17,0,8,11886.142857142857,0.08318038366979169,Low Risk,0,"Consider approval, subject to lender policy"
30,51000,RENT,14.0,MEDICAL,4800,0.09,0,10,3400.0,0.13329851068747697,Low Risk,0,"Consider approval, subject to lender policy"
25,82000,RENT,2.0,PERSONAL,9200,0.11,0,3,27333.333333333332,0.07261663168785232,Low Risk,0,"Consider approval, subject to lender policy"
30,72000,MORTGAGE,14.0,EDUCATION,9000,0.13,1,10,4800.0,0.13513779125809364,Low Risk,0,"Consider approval, subject to lender policy"
42,65000,MORTGAGE,0.0,DEBTCONSOLIDATION,6000,0.09,0,16,65000.0,0.0951112622410532,Low Risk,0,"Consider approval, subject to lender policy"
25,55000,RENT,7.0,MEDICAL,8500,0.15,0,2,6875.0,0.16187589904461094,Medium Risk,0,Consider manual review
21,47000,MORTGAGE,5.0,PERSONAL,7000,0.15,0,3,7833.333333333333,0.08365687461109819,Low Risk,0,"Consider approval, subject to lender policy"
28,200000,RENT,2.0,VENTURE,15000,0.07,1,10,66666.66666666667,0.3430570480153734,High Risk,0,Additional assessment required
28,35000,OWN,2.0,VENTURE,15000,0.43,0,7,11666.666666666666,0.03171872453217552,Low Risk,0,"Consider approval, subject to lender policy"
26,28800,RENT,5.0,EDUCATION,8000,0.28,1,3,4800.0,0.29496644605179817,High Risk,0,Additional assessment required
23,42000,RENT,2.0,PERSONAL,6500,0.15,0,3,14000.0,0.13517916482165285,Low Risk,0,"Consider approval, subject to lender policy"
25,84000,RENT,0.0,HOMEIMPROVEMENT,4500,0.05,0,2,84000.0,0.1302405650339626,Low Risk,0,"Consider approval, subject to lender policy"
35,108717,MORTGAGE,9.0,DEBTCONSOLIDATION,16000,0.15,0,5,10871.7,0.08701819268107251,Low Risk,0,"Consider approval, subject to lender policy"
30,54000,MORTGAGE,3.0,DEBTCONSOLIDATION,5000,0.09,0,9,13500.0,0.1522347531961254,Medium Risk,1,Consider manual review
26,53000,RENT,4.0,EDUCATION,6800,0.13,0,4,10600.0,0.09062243006845232,Low Risk,0,"Consider approval, subject to lender policy"
27,81000,OWN,4.0,VENTURE,9000,0.11,1,9,16200.0,0.01993674804599729,Low Risk,0,"Consider approval, subject to lender policy"
36,65000,MORTGAGE,1.0,DEBTCONSOLIDATION,7000,0.11,0,15,32500.0,0.10188625616135918,Low Risk,0,"Consider approval, subject to lender policy"
26,45000,RENT,3.0,VENTURE,1500,0.03,0,3,11250.0,0.04825765877250896,Low Risk,0,"Consider approval, subject to lender policy"
31,36000,OWN,15.0,VENTURE,5000,0.14,0,9,2250.0,0.007169429305037757,Low Risk,0,"Consider approval, subject to lender policy"
25,121000,MORTGAGE,9.0,MEDICAL,13600,0.11,0,2,12100.0,0.08263149335232325,Low Risk,0,"Consider approval, subject to lender policy"
25,80004,MORTGAGE,8.0,PERSONAL,6000,0.07,0,2,8889.333333333334,0.04212397185989935,Low Risk,1,"Consider approval, subject to lender policy"
39,95000,MORTGAGE,3.0,HOMEIMPROVEMENT,20000,0.21,1,11,23750.0,0.13829539059127752,Low Risk,0,"Consider approval, subject to lender policy"
26,35000,RENT,0.0,MEDICAL,6600,0.19,0,4,35000.0,0.11382033748410718,Low Risk,0,"Consider approval, subject to lender policy"
37,59448,RENT,6.0,DEBTCONSOLIDATION,12000,0.2,0,16,8492.57142857143,0.17791827130591686,Medium Risk,0,Consider manual review
22,62250,RENT,3.0,PERSONAL,24000,0.39,1,4,15562.5,0.9639204672175907,Very High Risk,1,High-risk application; apply lender policy
45,210000,MORTGAGE,14.0,DEBTCONSOLIDATION,12000,0.06,0,12,14000.0,0.07364781826283953,Low Risk,0,"Consider approval, subject to lender policy"
31,80000,MORTGAGE,0.0,MEDICAL,15000,0.19,0,8,80000.0,0.1251336325926765,Low Risk,0,"Consider approval, subject to lender policy"
33,30000,RENT,6.0,PERSONAL,7200,0.24,0,10,4285.714285714285,0.19954089087699298,Medium Risk,1,Consider manual review
28,33000,RENT,0.0,VENTURE,3200,0.1,1,6,33000.0,0.45083950325447397,Very High Risk,1,High-risk application; apply lender policy
39,77256,MORTGAGE,16.0,HOMEIMPROVEMENT,10000,0.13,0,11,4544.470588235294,0.0700738707530802,Low Risk,0,"Consider approval, subject to lender policy"
41,34800,RENT,4.0,DEBTCONSOLIDATION,5000,0.14,0,14,6960.0,0.292192065656162,High Risk,0,Additional assessment required
25,53004,OWN,9.0,EDUCATION,2000,0.04,0,4,5300.4,0.013505897635247932,Low Risk,0,"Consider approval, subject to lender policy"
33,70000,MORTGAGE,2.0,DEBTCONSOLIDATION,3700,0.05,0,6,23333.333333333332,0.09072310911886151,Low Risk,0,"Consider approval, subject to lender policy"
24,39000,MORTGAGE,8.0,VENTURE,1200,0.03,0,2,4333.333333333333,0.061661340440105676,Low Risk,0,"Consider approval, subject to lender policy"
29,39000,MORTGAGE,12.0,PERSONAL,16000,0.41,0,8,3000.0,0.22771999521668582,Medium Risk,0,Consider manual review
21,39900,RENT,3.0,DEBTCONSOLIDATION,6000,0.15,0,3,9975.0,0.16201211584028274,Medium Risk,0,Consider manual review
28,55000,RENT,10.0,EDUCATION,13000,0.24,0,8,5000.0,0.1022029821890503,Low Risk,0,"Consider approval, subject to lender policy"
31,190000,MORTGAGE,4.0,DEBTCONSOLIDATION,9000,0.05,0,7,38000.0,0.07521604768939982,Low Risk,0,"Consider approval, subject to lender policy"
28,45000,RENT,0.0,EDUCATION,4000,0.09,0,8,45000.0,0.11785113776019446,Low Risk,0,"Consider approval, subject to lender policy"
24,43200,RENT,8.0,MEDICAL,7200,0.17,1,4,4800.0,0.3762628088530173,High Risk,0,Additional assessment required
23,62844,RENT,7.0,HOMEIMPROVEMENT,7500,0.12,0,4,7855.5,0.4933090355222278,Very High Risk,1,High-risk application; apply lender policy
23,28000,RENT,0.0,VENTURE,5000,0.18,0,3,28000.0,0.16252851206343583,Medium Risk,0,Consider manual review
48,140000,MORTGAGE,4.0,EDUCATION,18000,0.13,0,12,28000.0,0.044763551565025386,Low Risk,0,"Consider approval, subject to lender policy"
29,49362,RENT,3.0,HOMEIMPROVEMENT,4500,0.09,0,6,12340.5,0.1942220796111492,Medium Risk,1,Consider manual review
38,51504,RENT,3.0,VENTURE,10500,0.2,0,17,12876.0,0.06194135766149154,Low Risk,0,"Consider approval, subject to lender policy"
39,45000,MORTGAGE,2.0,PERSONAL,3000,0.07,0,15,15000.0,0.09115219138943971,Low Risk,0,"Consider approval, subject to lender policy"
23,63000,RENT,7.0,EDUCATION,2500,0.04,0,2,7875.0,0.06174540732790373,Low Risk,0,"Consider approval, subject to lender policy"
26,51600,RENT,10.0,HOMEIMPROVEMENT,5500,0.11,0,3,4690.909090909091,0.1515708184898304,Medium Risk,1,Consider manual review
29,19200,RENT,4.0,DEBTCONSOLIDATION,4000,0.21,0,6,3840.0,0.9311304024201882,Very High Risk,1,High-risk application; apply lender policy
24,35364,RENT,1.0,MEDICAL,20000,0.57,0,4,17682.0,0.9793523221652797,Very High Risk,1,High-risk application; apply lender policy
42,114000,MORTGAGE,4.0,DEBTCONSOLIDATION,19200,0.17,0,17,22800.0,0.08467405701996367,Low Risk,0,"Consider approval, subject to lender policy"
25,79000,OWN,9.0,VENTURE,14500,0.18,0,3,7900.0,0.010970431489155066,Low Risk,0,"Consider approval, subject to lender policy"
27,19498,RENT,3.0,HOMEIMPROVEMENT,9575,0.49,0,9,4874.5,0.9939182339015438,Very High Risk,1,High-risk application; apply lender policy
30,44000,RENT,0.0,MEDICAL,2000,0.05,0,8,44000.0,0.13749691377927473,Low Risk,0,"Consider approval, subject to lender policy"
37,58000,RENT,1.0,EDUCATION,9500,0.16,0,15,29000.0,0.12480386727790187,Low Risk,0,"Consider approval, subject to lender policy"
23,45000,RENT,7.0,EDUCATION,9000,0.2,0,2,5625.0,0.0983920055124751,Low Risk,0,"Consider approval, subject to lender policy"
26,88900,OWN,2.0,PERSONAL,5000,0.06,0,4,29633.333333333332,0.014557172495024384,Low Risk,0,"Consider approval, subject to lender policy"
38,40000,RENT,4.0,EDUCATION,18225,0.46,0,17,8000.0,0.9472741808870913,Very High Risk,1,High-risk application; apply lender policy
27,100000,MORTGAGE,2.0,MEDICAL,2000,0.02,0,5,33333.333333333336,0.06874926379177629,Low Risk,0,"Consider approval, subject to lender policy"
22,75000,MORTGAGE,7.0,DEBTCONSOLIDATION,8000,0.11,0,2,9375.0,0.10396856573911019,Low Risk,0,"Consider approval, subject to lender policy"
25,48000,RENT,9.0,DEBTCONSOLIDATION,7500,0.16,0,3,4800.0,0.14235403421928366,Low Risk,0,"Consider approval, subject to lender policy"
42,55000,RENT,1.0,EDUCATION,10000,0.18,1,13,27500.0,0.324844988470329,High Risk,0,Additional assessment required
27,60000,OWN,2.0,VENTURE,10000,0.17,0,6,20000.0,0.010909309774106793,Low Risk,0,"Consider approval, subject to lender policy"
40,25920,OWN,2.0,HOMEIMPROVEMENT,4750,0.18,0,17,8640.0,0.0652039496334393,Low Risk,0,"Consider approval, subject to lender policy"
28,56700,MORTGAGE,11.0,VENTURE,15000,0.26,0,7,4725.0,0.06828714845345592,Low Risk,0,"Consider approval, subject to lender policy"
22,95000,MORTGAGE,0.0,MEDICAL,9000,0.09,0,2,95000.0,0.08999265388473172,Low Risk,0,"Consider approval, subject to lender policy"
23,75000,MORTGAGE,7.0,VENTURE,5400,0.07,0,2,9375.0,0.025137279120386546,Low Risk,0,"Consider approval, subject to lender policy"
31,30000,OWN,6.0,VENTURE,2500,0.08,0,9,4285.714285714285,0.012584105622759538,Low Risk,0,"Consider approval, subject to lender policy"
22,50000,RENT,7.0,DEBTCONSOLIDATION,15600,0.31,0,4,6250.0,0.9610836644228765,Very High Risk,1,High-risk application; apply lender policy
31,50000,RENT,4.0,PERSONAL,6000,0.12,1,10,10000.0,0.20858841863989092,Medium Risk,0,Consider manual review
24,37500,MORTGAGE,2.0,DEBTCONSOLIDATION,5600,0.15,0,4,12500.0,0.13513678810425714,Low Risk,0,"Consider approval, subject to lender policy"
25,115000,MORTGAGE,1.0,EDUCATION,20000,0.17,1,2,57500.0,0.1821559899022594,Medium Risk,0,Consider manual review
24,105000,RENT,2.0,HOMEIMPROVEMENT,19000,0.18,1,2,35000.0,0.3935424725639986,High Risk,0,Additional assessment required
27,34000,OWN,1.0,PERSONAL,16750,0.49,0,6,17000.0,0.06527046137715857,Low Risk,0,"Consider approval, subject to lender policy"
23,55000,RENT,7.0,MEDICAL,4200,0.08,0,4,6875.0,0.1392193842330061,Low Risk,0,"Consider approval, subject to lender policy"
25,50000,MORTGAGE,7.0,PERSONAL,6600,0.13,1,3,6250.0,0.18028453135342987,Medium Risk,0,Consider manual review
37,31200,OWN,1.0,VENTURE,6600,0.21,0,12,15600.0,0.02108209218975433,Low Risk,0,"Consider approval, subject to lender policy"
24,65000,MORTGAGE,0.0,MEDICAL,8000,0.12,0,3,65000.0,0.10155413802821854,Low Risk,0,"Consider approval, subject to lender policy"
24,37200,RENT,8.0,EDUCATION,7200,0.19,0,2,4133.333333333333,0.11313041163887307,Low Risk,0,"Consider approval, subject to lender policy"
26,56000,MORTGAGE,0.0,HOMEIMPROVEMENT,8000,0.14,0,4,56000.0,0.12295874675035957,Low Risk,0,"Consider approval, subject to lender policy"
24,52000,RENT,3.0,MEDICAL,4000,0.08,0,2,13000.0,0.13694202975309555,Low Risk,0,"Consider approval, subject to lender policy"
21,33800,RENT,5.0,MEDICAL,15000,0.44,0,2,5633.333333333333,0.9747077272157669,Very High Risk,1,High-risk application; apply lender policy
27,14400,RENT,3.0,EDUCATION,2500,0.17,0,7,3600.0,0.90660774840794,Very High Risk,1,High-risk application; apply lender policy
31,74628,MORTGAGE,12.0,DEBTCONSOLIDATION,15000,0.2,0,5,5740.615384615385,0.18666254028274976,Medium Risk,0,Consider manual review
27,175000,MORTGAGE,11.0,HOMEIMPROVEMENT,11500,0.07,0,7,14583.333333333334,0.03984040730604535,Low Risk,0,"Consider approval, subject to lender policy"
22,44500,RENT,1.0,DEBTCONSOLIDATION,16750,0.38,0,4,22250.0,0.972115390386958,Very High Risk,1,High-risk application; apply lender policy
22,36000,RENT,6.0,EDUCATION,6000,0.17,0,3,5142.857142857143,0.10063910838299392,Low Risk,0,"Consider approval, subject to lender policy"
24,49000,MORTGAGE,0.0,HOMEIMPROVEMENT,5000,0.1,0,3,49000.0,0.12375758790868532,Low Risk,1,"Consider approval, subject to lender policy"
28,35000,OWN,6.0,VENTURE,5000,0.14,1,10,5000.0,0.01862525534051747,Low Risk,0,"Consider approval, subject to lender policy"
26,100000,RENT,6.0,MEDICAL,8000,0.08,0,3,14285.714285714286,0.07193694240633915,Low Risk,0,"Consider approval, subject to lender policy"
25,60000,RENT,3.0,PERSONAL,17000,0.28,0,2,15000.0,0.14249607131488365,Low Risk,0,"Consider approval, subject to lender policy"
25,49152,MORTGAGE,7.0,MEDICAL,3000,0.06,0,2,6144.0,0.17194104676970626,Medium Risk,0,Consider manual review
26,75000,RENT,5.0,MEDICAL,20000,0.27,0,4,12500.0,0.1793929558923897,Medium Risk,0,Consider manual review
24,55000,MORTGAGE,5.0,PERSONAL,3100,0.06,0,2,9166.666666666666,0.08384257784252752,Low Risk,0,"Consider approval, subject to lender policy"
23,28000,MORTGAGE,2.0,VENTURE,8400,0.3,0,2,9333.333333333334,0.1143062211588376,Low Risk,0,"Consider approval, subject to lender policy"
28,42000,MORTGAGE,6.0,EDUCATION,5000,0.12,0,5,6000.0,0.08043459884265637,Low Risk,0,"Consider approval, subject to lender policy"
22,59000,MORTGAGE,1.0,MEDICAL,15000,0.25,0,3,29500.0,0.2717863552513447,High Risk,0,Additional assessment required
21,39600,OWN,5.0,PERSONAL,3500,0.09,0,3,6600.0,0.016678457725958058,Low Risk,0,"Consider approval, subject to lender policy"
24,53000,RENT,5.0,EDUCATION,5100,0.1,0,2,8833.333333333334,0.0823922952958493,Low Risk,0,"Consider approval, subject to lender policy"
27,67000,MORTGAGE,1.0,VENTURE,4200,0.06,0,7,33500.0,0.03665400861706444,Low Risk,0,"Consider approval, subject to lender policy"
23,36000,RENT,0.0,EDUCATION,10000,0.28,0,2,36000.0,0.162957741683534,Medium Risk,0,Consider manual review
42,13200,RENT,4.0,DEBTCONSOLIDATION,2500,0.19,1,14,2640.0,0.9676538545360797,Very High Risk,1,High-risk application; apply lender policy
23,39000,RENT,2.0,PERSONAL,10000,0.26,1,3,13000.0,0.5407163145483243,Very High Risk,1,High-risk application; apply lender policy
27,160000,MORTGAGE,4.0,HOMEIMPROVEMENT,25000,0.16,0,10,32000.0,0.08414053699569464,Low Risk,0,"Consider approval, subject to lender policy"
22,74000,MORTGAGE,4.0,PERSONAL,15000,0.2,0,3,14800.0,0.09433896382778141,Low Risk,1,"Consider approval, subject to lender policy"
24,64500,MORTGAGE,8.0,EDUCATION,1200,0.02,0,2,7166.666666666667,0.055284982641549046,Low Risk,0,"Consider approval, subject to lender policy"
28,86000,MORTGAGE,12.0,EDUCATION,15000,0.17,0,10,6615.384615384615,0.04739588291681599,Low Risk,0,"Consider approval, subject to lender policy"
28,140000,RENT,0.0,DEBTCONSOLIDATION,7400,0.05,0,9,140000.0,0.09101765521043143,Low Risk,0,"Consider approval, subject to lender policy"
24,60000,MORTGAGE,3.0,HOMEIMPROVEMENT,4000,0.07,0,2,15000.0,0.06795279300226534,Low Risk,0,"Consider approval, subject to lender policy"
23,28000,OWN,1.0,EDUCATION,7500,0.27,0,3,14000.0,0.022525034915583875,Low Risk,0,"Consider approval, subject to lender policy"
36,38568,RENT,7.0,PERSONAL,2400,0.06,1,12,4821.0,0.24800995697550265,Medium Risk,0,Consider manual review
22,60000,MORTGAGE,6.0,EDUCATION,2000,0.03,1,2,8571.42857142857,0.11052222985053058,Low Risk,0,"Consider approval, subject to lender policy"
42,75000,RENT,12.0,HOMEIMPROVEMENT,14000,0.19,0,14,5769.2307692307695,0.08744281359464606,Low Risk,0,"Consider approval, subject to lender policy"
34,89000,MORTGAGE,17.0,DEBTCONSOLIDATION,10000,0.11,0,7,4944.444444444444,0.08847938946144908,Low Risk,0,"Consider approval, subject to lender policy"
30,35000,RENT,8.0,MEDICAL,6000,0.17,0,9,3888.8888888888887,0.11402334479455314,Low Risk,0,"Consider approval, subject to lender policy"
32,75000,MORTGAGE,12.0,HOMEIMPROVEMENT,12000,0.16,0,5,5769.2307692307695,0.056447625126398206,Low Risk,0,"Consider approval, subject to lender policy"
24,45000,RENT,8.0,MEDICAL,8000,0.18,1,4,5000.0,0.3672595257315612,High Risk,0,Additional assessment required
30,79000,MORTGAGE,3.0,HOMEIMPROVEMENT,6000,0.08,0,8,19750.0,0.077533788599448,Low Risk,0,"Consider approval, subject to lender policy"
22,53000,MORTGAGE,6.0,EDUCATION,25000,0.47,0,3,7571.428571428572,0.24865411941479534,Medium Risk,1,Consider manual review
26,103992,RENT,10.0,VENTURE,5000,0.05,0,3,9453.818181818182,0.025826047283010026,Low Risk,0,"Consider approval, subject to lender policy"
26,69000,RENT,0.0,DEBTCONSOLIDATION,24000,0.35,0,3,69000.0,0.991184008904825,Very High Risk,1,High-risk application; apply lender policy
22,57600,OWN,6.0,VENTURE,6500,0.11,0,3,8228.57142857143,0.006636659573022039,Low Risk,0,"Consider approval, subject to lender policy"
23,80000,RENT,6.0,PERSONAL,5000,0.06,0,2,11428.57142857143,0.04654234752450326,Low Risk,0,"Consider approval, subject to lender policy"
27,38004,MORTGAGE,11.0,DEBTCONSOLIDATION,6500,0.17,1,8,3167.0,0.4872362387703885,Very High Risk,0,High-risk application; apply lender policy
26,38400,OWN,2.0,EDUCATION,5550,0.14,0,2,12800.0,0.015370674015379213,Low Risk,0,"Consider approval, subject to lender policy"
25,120000,RENT,9.0,VENTURE,4800,0.04,0,4,12000.0,0.025826047283010026,Low Risk,0,"Consider approval, subject to lender policy"
27,55140,MORTGAGE,8.0,HOMEIMPROVEMENT,10000,0.18,1,8,6126.666666666667,0.243275826423707,Medium Risk,0,Consider manual review
27,86000,MORTGAGE,12.0,EDUCATION,23000,0.27,0,7,6615.384615384615,0.0970456814696394,Low Risk,1,"Consider approval, subject to lender policy"
22,57204,MORTGAGE,6.0,EDUCATION,9000,0.16,1,3,8172.0,0.16622760857337116,Medium Risk,0,Consider manual review
23,149385,OWN,7.0,PERSONAL,7000,0.05,0,2,18673.125,0.012054038316126444,Low Risk,0,"Consider approval, subject to lender policy"
38,67000,RENT,6.0,HOMEIMPROVEMENT,13000,0.19,0,17,9571.42857142857,0.09761389036546361,Low Risk,0,"Consider approval, subject to lender policy"
31,45000,MORTGAGE,6.0,DEBTCONSOLIDATION,2500,0.06,0,8,6428.571428571428,0.1366599354727043,Low Risk,0,"Consider approval, subject to lender policy"
24,14400,RENT,4.0,MEDICAL,4050,0.28,0,4,2880.0,0.9388599573191803,Very High Risk,1,High-risk application; apply lender policy
24,66000,MORTGAGE,8.0,PERSONAL,15000,0.23,0,4,7333.333333333333,0.0835131189754706,Low Risk,0,"Consider approval, subject to lender policy"
24,31000,MORTGAGE,8.0,EDUCATION,5000,0.16,0,2,3444.4444444444443,0.13682796749689102,Low Risk,0,"Consider approval, subject to lender policy"
35,24996,RENT,2.0,DEBTCONSOLIDATION,6200,0.25,0,5,8332.0,0.19801623014872138,Medium Risk,0,Consider manual review
42,100000,MORTGAGE,16.0,DEBTCONSOLIDATION,4800,0.05,1,13,5882.35294117647,0.3047881150776589,High Risk,0,Additional assessment required
35,38000,MORTGAGE,2.0,MEDICAL,15000,0.39,0,5,12666.666666666666,0.33182865454684574,High Risk,0,Additional assessment required
42,2039784,RENT,0.0,VENTURE,8450,0.0,1,15,2039784.0,0.25895252716982686,High Risk,0,Additional assessment required
24,135000,MORTGAGE,0.0,EDUCATION,6000,0.04,0,2,135000.0,0.046764378902281405,Low Risk,0,"Consider approval, subject to lender policy"
26,46000,RENT,3.0,PERSONAL,8000,0.17,0,2,11500.0,0.10959843740927053,Low Risk,1,"Consider approval, subject to lender policy"
36,29000,RENT,9.0,VENTURE,1200,0.04,0,11,2900.0,0.14315601921477525,Low Risk,0,"Consider approval, subject to lender policy"
25,61000,RENT,4.0,VENTURE,9500,0.16,0,2,12200.0,0.0447234529335497,Low Risk,0,"Consider approval, subject to lender policy"
37,40800,OWN,4.0,PERSONAL,2875,0.07,0,14,8160.0,0.01455335529229206,Low Risk,0,"Consider approval, subject to lender policy"
32,108000,MORTGAGE,13.0,DEBTCONSOLIDATION,8400,0.08,0,7,7714.285714285715,0.075301308758181,Low Risk,1,"Consider approval, subject to lender policy"
24,24000,RENT,6.0,DEBTCONSOLIDATION,10000,0.42,0,4,3428.5714285714284,0.9730841316528834,Very High Risk,1,High-risk application; apply lender policy
25,74000,OWN,1.0,MEDICAL,16000,0.22,0,3,37000.0,0.04553901012204872,Low Risk,0,"Consider approval, subject to lender policy"
40,90996,MORTGAGE,9.0,HOMEIMPROVEMENT,22000,0.24,0,14,9099.6,0.0544947765552728,Low Risk,0,"Consider approval, subject to lender policy"
25,110000,MORTGAGE,1.0,PERSONAL,25000,0.23,0,4,55000.0,0.163232864869267,Medium Risk,0,Consider manual review
42,45760,MORTGAGE,4.0,DEBTCONSOLIDATION,9600,0.21,0,17,9152.0,0.14380697505416934,Low Risk,0,"Consider approval, subject to lender policy"
23,92004,MORTGAGE,7.0,EDUCATION,24250,0.26,0,2,11500.5,0.09051511282070787,Low Risk,0,"Consider approval, subject to lender policy"
23,55000,OWN,5.0,VENTURE,15000,0.27,0,2,9166.666666666666,0.012017533202093221,Low Risk,0,"Consider approval, subject to lender policy"
29,81000,MORTGAGE,5.0,DEBTCONSOLIDATION,12000,0.15,0,6,13500.0,0.07957525166204203,Low Risk,1,"Consider approval, subject to lender policy"
21,29000,RENT,0.0,EDUCATION,4000,0.14,0,4,29000.0,0.26361749896162007,High Risk,1,Additional assessment required
25,59000,MORTGAGE,4.0,PERSONAL,3000,0.05,1,3,11800.0,0.22117047113061583,Medium Risk,1,Consider manual review
29,65000,RENT,1.0,EDUCATION,12800,0.2,0,10,32500.0,0.09712694677534353,Low Risk,0,"Consider approval, subject to lender policy"
32,20000,RENT,3.0,VENTURE,4750,0.24,0,7,5000.0,0.09899940901496013,Low Risk,0,"Consider approval, subject to lender policy"
24,138000,RENT,4.0,PERSONAL,5000,0.04,1,4,27600.0,0.1258318760893516,Low Risk,1,"Consider approval, subject to lender policy"
23,56016,RENT,4.0,EDUCATION,5000,0.09,0,3,11203.2,0.08558348051990179,Low Risk,0,"Consider approval, subject to lender policy"
22,48000,RENT,2.0,DEBTCONSOLIDATION,5000,0.1,0,4,16000.0,0.13328999417096513,Low Risk,0,"Consider approval, subject to lender policy"
25,26004,MORTGAGE,3.0,EDUCATION,10000,0.38,0,2,6501.0,0.18420378399511472,Medium Risk,0,Consider manual review
27,38004,RENT,8.0,MEDICAL,5000,0.13,0,10,4222.666666666667,0.14727239558050542,Low Risk,0,"Consider approval, subject to lender policy"
22,41000,RENT,5.0,VENTURE,14000,0.34,0,3,6833.333333333333,0.9481368836849215,Very High Risk,1,High-risk application; apply lender policy
32,168000,RENT,5.0,EDUCATION,25000,0.15,0,6,28000.0,0.10588286030276939,Low Risk,0,"Consider approval, subject to lender policy"
24,49200,OWN,8.0,PERSONAL,4000,0.08,1,3,5466.666666666667,0.0335013822896676,Low Risk,0,"Consider approval, subject to lender policy"
21,45000,RENT,3.0,EDUCATION,10300,0.23,0,2,11250.0,0.08927602224926398,Low Risk,0,"Consider approval, subject to lender policy"
23,78000,MORTGAGE,7.0,EDUCATION,6150,0.08,0,2,9750.0,0.061541002449516144,Low Risk,0,"Consider approval, subject to lender policy"
22,55000,MORTGAGE,6.0,PERSONAL,13000,0.24,0,3,7857.142857142857,0.08383302705928504,Low Risk,0,"Consider approval, subject to lender policy"
25,55044,RENT,4.0,VENTURE,18250,0.33,0,2,11008.8,0.9540124695775515,Very High Risk,1,High-risk application; apply lender policy
26,64956,MORTGAGE,0.0,DEBTCONSOLIDATION,7500,0.12,1,3,64956.0,0.32697954787464556,High Risk,0,Additional assessment required
24,46000,MORTGAGE,8.0,PERSONAL,2000,0.04,0,2,5111.111111111111,0.09283295557259291,Low Risk,0,"Consider approval, subject to lender policy"
26,55000,MORTGAGE,0.0,MEDICAL,12500,0.23,0,3,55000.0,0.16489152711287652,Medium Risk,0,Consider manual review
23,30000,RENT,7.0,EDUCATION,10000,0.33,0,2,3750.0,0.9605880545041928,Very High Risk,1,High-risk application; apply lender policy
23,65000,RENT,2.0,EDUCATION,28000,0.43,0,2,21666.666666666668,0.9749808759713272,Very High Risk,1,High-risk application; apply lender policy
29,36000,RENT,4.0,EDUCATION,6000,0.17,0,6,7200.0,0.1046341003301396,Low Risk,0,"Consider approval, subject to lender policy"
31,120000,MORTGAGE,0.0,VENTURE,20000,0.17,0,9,120000.0,0.061120304700095475,Low Risk,0,"Consider approval, subject to lender policy"
25,201000,MORTGAGE,9.0,DEBTCONSOLIDATION,14000,0.07,0,4,20100.0,0.07221651417896037,Low Risk,0,"Consider approval, subject to lender policy"
27,50000,MORTGAGE,7.0,MEDICAL,9500,0.19,0,8,6250.0,0.16002191318126455,Medium Risk,0,Consider manual review
28,70000,RENT,4.0,HOMEIMPROVEMENT,2400,0.03,0,7,14000.0,0.08958128803756216,Low Risk,0,"Consider approval, subject to lender policy"
41,125000,RENT,0.0,DEBTCONSOLIDATION,12000,0.1,1,12,125000.0,0.3573931607973329,High Risk,0,Additional assessment required
22,70000,RENT,2.0,DEBTCONSOLIDATION,18750,0.27,0,2,23333.333333333332,0.22478695786650937,Medium Risk,0,Consider manual review
35,78000,MORTGAGE,9.0,PERSONAL,10000,0.13,0,5,7800.0,0.07390065594937678,Low Risk,0,"Consider approval, subject to lender policy"
28,125000,RENT,5.0,EDUCATION,10000,0.08,0,9,20833.333333333332,0.04566955918525826,Low Risk,0,"Consider approval, subject to lender policy"
29,150000,MORTGAGE,12.0,PERSONAL,7000,0.05,0,6,11538.461538461539,0.039851143121511445,Low Risk,0,"Consider approval, subject to lender policy"
34,86100,MORTGAGE,5.0,VENTURE,18000,0.21,0,5,14350.0,0.03070857998337637,Low Risk,0,"Consider approval, subject to lender policy"
28,62000,RENT,2.0,EDUCATION,12000,0.19,0,10,20666.666666666668,0.09510025463302675,Low Risk,0,"Consider approval, subject to lender policy"
29,42000,RENT,5.0,MEDICAL,3000,0.07,0,5,7000.0,0.14349391589820634,Low Risk,0,"Consider approval, subject to lender policy"
26,15000,RENT,0.0,DEBTCONSOLIDATION,4375,0.29,0,4,15000.0,0.9455041004262803,Very High Risk,1,High-risk application; apply lender policy
24,45000,RENT,3.0,DEBTCONSOLIDATION,7200,0.16,0,4,11250.0,0.1326430854276166,Low Risk,0,"Consider approval, subject to lender policy"
30,45000,RENT,2.0,EDUCATION,13250,0.29,0,9,15000.0,0.17366572829132976,Medium Risk,0,Consider manual review
23,13200,MORTGAGE,2.0,EDUCATION,1400,0.11,0,4,4400.0,0.23413535829548177,Medium Risk,0,Consider manual review
22,54000,MORTGAGE,6.0,PERSONAL,7000,0.13,0,2,7714.285714285715,0.1044709833406728,Low Risk,0,"Consider approval, subject to lender policy"
22,26886,OWN,6.0,EDUCATION,7500,0.28,1,4,3840.8571428571427,0.03424697139937056,Low Risk,0,"Consider approval, subject to lender policy"
24,176004,MORTGAGE,2.0,DEBTCONSOLIDATION,3200,0.02,0,4,58668.0,0.11969093615374339,Low Risk,0,"Consider approval, subject to lender policy"
22,80000,RENT,3.0,EDUCATION,20000,0.25,1,4,20000.0,0.14877888420339755,Low Risk,0,"Consider approval, subject to lender policy"
43,76000,MORTGAGE,4.0,HOMEIMPROVEMENT,9150,0.12,1,16,15200.0,0.1757075759431041,Medium Risk,0,Consider manual review
29,34000,RENT,0.0,VENTURE,3500,0.1,0,8,34000.0,0.25102802182924894,High Risk,0,Additional assessment required
22,120000,MORTGAGE,3.0,PERSONAL,8900,0.07,0,2,30000.0,0.043511333782011545,Low Risk,0,"Consider approval, subject to lender policy"
36,145000,MORTGAGE,4.0,PERSONAL,5000,0.03,0,16,29000.0,0.0388780008619184,Low Risk,0,"Consider approval, subject to lender policy"
34,120000,MORTGAGE,4.0,MEDICAL,16800,0.14,0,6,24000.0,0.09970942742632946,Low Risk,0,"Consider approval, subject to lender policy"
30,64300,MORTGAGE,4.0,HOMEIMPROVEMENT,14000,0.22,1,10,12860.0,0.18153364528347563,Medium Risk,0,Consider manual review
35,65000,MORTGAGE,19.0,DEBTCONSOLIDATION,20000,0.31,0,5,3250.0,0.24297362899319927,Medium Risk,0,Consider manual review
27,44000,RENT,5.0,EDUCATION,13650,0.31,0,7,7333.333333333333,0.9499089174506541,Very High Risk,1,High-risk application; apply lender policy
25,42900,RENT,9.0,MEDICAL,9000,0.21,0,4,4290.0,0.1550316055881483,Medium Risk,0,Consider manual review
25,130000,MORTGAGE,5.0,VENTURE,20000,0.15,0,2,21666.666666666668,0.025583138901917088,Low Risk,0,"Consider approval, subject to lender policy"
29,26400,MORTGAGE,7.0,MEDICAL,4800,0.18,0,9,3300.0,0.19863007853542877,Medium Risk,0,Consider manual review
25,120000,OWN,3.0,EDUCATION,3000,0.03,0,3,30000.0,0.010605743453188028,Low Risk,0,"Consider approval, subject to lender policy"
41,26400,MORTGAGE,4.0,DEBTCONSOLIDATION,6000,0.23,0,16,5280.0,0.1889749125324074,Medium Risk,1,Consider manual review
25,100000,MORTGAGE,2.0,EDUCATION,15000,0.15,1,3,33333.333333333336,0.1418706972092551,Low Risk,0,"Consider approval, subject to lender policy"
28,28800,MORTGAGE,2.0,HOMEIMPROVEMENT,2000,0.07,0,7,9600.0,0.39012235062027983,High Risk,0,Additional assessment required
21,36000,MORTGAGE,1.0,DEBTCONSOLIDATION,8000,0.22,0,3,18000.0,0.15330075298218637,Medium Risk,0,Consider manual review
30,105000,MORTGAGE,14.0,HOMEIMPROVEMENT,13000,0.12,0,9,7000.0,0.0432437214315923,Low Risk,0,"Consider approval, subject to lender policy"
22,15090,RENT,0.0,EDUCATION,7000,0.46,0,4,15090.0,0.9918390861473789,Very High Risk,1,High-risk application; apply lender policy
27,75860,RENT,9.0,MEDICAL,24000,0.32,0,5,7586.0,0.975458405615007,Very High Risk,1,High-risk application; apply lender policy
21,165000,MORTGAGE,5.0,EDUCATION,20000,0.12,0,4,27500.0,0.042588553468100455,Low Risk,0,"Consider approval, subject to lender policy"
24,65000,MORTGAGE,9.0,HOMEIMPROVEMENT,5500,0.08,0,3,6500.0,0.0679213741148053,Low Risk,0,"Consider approval, subject to lender policy"
22,42000,OWN,0.0,EDUCATION,12000,0.29,0,4,42000.0,0.016907898066136403,Low Risk,0,"Consider approval, subject to lender policy"
24,93000,MORTGAGE,3.0,VENTURE,18000,0.19,1,3,23250.0,0.09434220102254216,Low Risk,0,"Consider approval, subject to lender policy"
31,72000,RENT,0.0,HOMEIMPROVEMENT,8000,0.11,0,7,72000.0,0.1476115538428188,Low Risk,0,"Consider approval, subject to lender policy"
51,260000,MORTGAGE,1.0,PERSONAL,14000,0.05,0,26,130000.0,0.05939531946875608,Low Risk,0,"Consider approval, subject to lender policy"
25,40000,RENT,9.0,DEBTCONSOLIDATION,8000,0.2,0,2,4000.0,0.1381603542983385,Low Risk,0,"Consider approval, subject to lender policy"
22,38004,RENT,6.0,VENTURE,10000,0.26,0,3,5429.142857142857,0.09507198651197679,Low Risk,0,"Consider approval, subject to lender policy"
35,60000,OWN,1.0,PERSONAL,5000,0.08,0,9,30000.0,0.015444727492760843,Low Risk,0,"Consider approval, subject to lender policy"
32,75000,MORTGAGE,0.0,EDUCATION,10000,0.13,0,5,75000.0,0.057591751628904064,Low Risk,0,"Consider approval, subject to lender policy"
35,25200,RENT,0.0,PERSONAL,7000,0.28,1,7,25200.0,0.4609360566790896,Very High Risk,1,High-risk application; apply lender policy
50,50000,RENT,1.0,PERSONAL,16000,0.32,0,17,25000.0,0.9631736562545715,Very High Risk,1,High-risk application; apply lender policy
31,18240,RENT,0.0,HOMEIMPROVEMENT,3200,0.18,0,8,18240.0,0.9924686729917229,Very High Risk,1,High-risk application; apply lender policy
24,54000,OWN,8.0,EDUCATION,1200,0.02,1,3,6000.0,0.033168923625248696,Low Risk,0,"Consider approval, subject to lender policy"
25,31000,MORTGAGE,4.0,VENTURE,10000,0.32,0,4,6200.0,0.15076595644268312,Medium Risk,0,Consider manual review
37,43000,RENT,2.0,MEDICAL,8500,0.2,0,11,14333.333333333334,0.15920574572551394,Medium Risk,0,Consider manual review
23,35000,RENT,5.0,PERSONAL,5000,0.14,0,2,5833.333333333333,0.09242023695841697,Low Risk,0,"Consider approval, subject to lender policy"
34,41600,MORTGAGE,16.0,DEBTCONSOLIDATION,17500,0.42,0,8,2447.0588235294117,0.28109893394494917,High Risk,0,Additional assessment required
24,59000,RENT,8.0,MEDICAL,3200,0.05,0,3,6555.555555555556,0.18209718637308217,Medium Risk,1,Consider manual review
37,65000,RENT,7.0,HOMEIMPROVEMENT,12000,0.18,0,12,8125.0,0.09889838139727208,Low Risk,0,"Consider approval, subject to lender policy"
22,89800,MORTGAGE,6.0,DEBTCONSOLIDATION,20000,0.22,0,2,12828.57142857143,0.09087668309015506,Low Risk,0,"Consider approval, subject to lender policy"
39,82000,MORTGAGE,7.0,HOMEIMPROVEMENT,8000,0.1,1,17,10250.0,0.11743509044189572,Low Risk,0,"Consider approval, subject to lender policy"
22,110196,MORTGAGE,6.0,MEDICAL,25000,0.23,0,3,15742.285714285714,0.24825228817545983,Medium Risk,0,Consider manual review
25,80000,RENT,2.0,PERSONAL,12375,0.15,0,4,26666.666666666668,0.06054697102429755,Low Risk,0,"Consider approval, subject to lender policy"
31,54050,RENT,8.0,PERSONAL,12000,0.22,0,9,6005.555555555556,0.1278640638800422,Low Risk,0,"Consider approval, subject to lender policy"
36,80000,RENT,7.0,HOMEIMPROVEMENT,6000,0.07,0,16,10000.0,0.05704352014850867,Low Risk,0,"Consider approval, subject to lender policy"
22,70600,MORTGAGE,6.0,MEDICAL,7450,0.11,1,4,10085.714285714286,0.3255405897359075,High Risk,0,Additional assessment required
25,188000,MORTGAGE,9.0,HOMEIMPROVEMENT,25000,0.13,1,4,18800.0,0.20498053876074016,Medium Risk,1,Consider manual review
24,70000,RENT,4.0,VENTURE,10000,0.14,1,2,14000.0,0.14700718394151538,Low Risk,0,"Consider approval, subject to lender policy"
45,36700,OWN,7.0,PERSONAL,2000,0.05,0,16,4587.5,0.01578193606644411,Low Risk,0,"Consider approval, subject to lender policy"
23,60000,MORTGAGE,7.0,DEBTCONSOLIDATION,15000,0.25,0,3,7500.0,0.136095885877659,Low Risk,0,"Consider approval, subject to lender policy"
32,55000,RENT,2.0,VENTURE,20000,0.36,0,7,18333.333333333332,0.973172371324151,Very High Risk,1,High-risk application; apply lender policy
23,149385,OWN,7.0,VENTURE,7000,0.05,0,4,18673.125,0.005957591129498555,Low Risk,0,"Consider approval, subject to lender policy"
23,63402,RENT,3.0,VENTURE,6000,0.09,1,2,15850.5,0.13862550649256647,Low Risk,0,"Consider approval, subject to lender policy"
42,20400,RENT,4.0,PERSONAL,2000,0.1,1,13,4080.0,0.2558514402125143,High Risk,0,Additional assessment required
25,136000,MORTGAGE,1.0,DEBTCONSOLIDATION,8000,0.06,0,3,68000.0,0.08952649554592383,Low Risk,0,"Consider approval, subject to lender policy"
34,50000,RENT,8.0,EDUCATION,4800,0.1,0,10,5555.555555555556,0.09114788681002654,Low Risk,0,"Consider approval, subject to lender policy"
23,50000,RENT,0.0,EDUCATION,3000,0.06,0,2,50000.0,0.09584384020796267,Low Risk,0,"Consider approval, subject to lender policy"
23,100000,MORTGAGE,4.0,VENTURE,25000,0.25,1,2,20000.0,0.17804100820429103,Medium Risk,0,Consider manual review
22,44000,MORTGAGE,2.0,PERSONAL,3500,0.08,0,2,14666.666666666666,0.10175818960084859,Low Risk,0,"Consider approval, subject to lender policy"
28,105500,RENT,1.0,DEBTCONSOLIDATION,31000,0.29,0,9,52750.0,0.313385116194445,High Risk,0,Additional assessment required
27,105600,MORTGAGE,0.0,DEBTCONSOLIDATION,10000,0.09,0,6,105600.0,0.08966167143510974,Low Risk,0,"Consider approval, subject to lender policy"
39,25000,OWN,16.0,PERSONAL,8000,0.32,0,14,1470.5882352941176,0.03355329040865894,Low Risk,0,"Consider approval, subject to lender policy"
34,58000,OWN,8.0,MEDICAL,3000,0.05,0,10,6444.444444444444,0.03067385206568212,Low Risk,0,"Consider approval, subject to lender policy"
22,36600,MORTGAGE,2.0,VENTURE,9950,0.27,0,3,12200.0,0.07243607460917005,Low Risk,0,"Consider approval, subject to lender policy"
22,30000,RENT,0.0,HOMEIMPROVEMENT,5000,0.17,0,3,30000.0,0.9507815755265515,Very High Risk,1,High-risk application; apply lender policy
27,32220,RENT,11.0,MEDICAL,17725,0.55,0,7,2685.0,0.9731327090923049,Very High Risk,1,High-risk application; apply lender policy
25,80400,RENT,2.0,VENTURE,12500,0.16,0,2,26800.0,0.06102020623747677,Low Risk,0,"Consider approval, subject to lender policy"
23,78500,MORTGAGE,7.0,DEBTCONSOLIDATION,4800,0.06,0,4,9812.5,0.12838565032387145,Low Risk,0,"Consider approval, subject to lender policy"
34,47125,MORTGAGE,12.0,VENTURE,3200,0.07,0,8,3625.0,0.03715161367405207,Low Risk,0,"Consider approval, subject to lender policy"
27,55200,OWN,4.0,PERSONAL,4000,0.07,0,10,11040.0,0.01424766656290005,Low Risk,0,"Consider approval, subject to lender policy"
22,65004,MORTGAGE,6.0,MEDICAL,6500,0.1,0,4,9286.285714285714,0.1097878207979153,Low Risk,0,"Consider approval, subject to lender policy"
26,46000,RENT,4.0,DEBTCONSOLIDATION,9000,0.2,0,3,9200.0,0.13638261783356884,Low Risk,0,"Consider approval, subject to lender policy"
22,37800,MORTGAGE,7.0,EDUCATION,7200,0.19,0,2,4725.0,0.08462307102138222,Low Risk,0,"Consider approval, subject to lender policy"
32,59000,RENT,1.0,PERSONAL,8000,0.14,1,10,29500.0,0.42374432477094603,High Risk,1,Additional assessment required
32,70000,RENT,2.0,DEBTCONSOLIDATION,3000,0.04,0,6,23333.333333333332,0.09411906586708756,Low Risk,1,"Consider approval, subject to lender policy"
27,130000,MORTGAGE,1.0,HOMEIMPROVEMENT,21000,0.16,0,7,65000.0,0.06975227903585399,Low Risk,0,"Consider approval, subject to lender policy"
32,53196,RENT,9.0,VENTURE,25000,0.47,0,9,5319.6,0.9723966968844001,Very High Risk,1,High-risk application; apply lender policy
30,140000,MORTGAGE,2.0,HOMEIMPROVEMENT,15000,0.11,0,5,46666.666666666664,0.05913032812617822,Low Risk,0,"Consider approval, subject to lender policy"
29,60000,RENT,4.0,HOMEIMPROVEMENT,5500,0.09,0,6,12000.0,0.0940091097984515,Low Risk,0,"Consider approval, subject to lender policy"
23,44000,RENT,2.0,MEDICAL,12000,0.27,0,4,14666.666666666666,0.20244024453289247,Medium Risk,1,Consider manual review
24,57000,MORTGAGE,8.0,VENTURE,14000,0.25,0,4,6333.333333333333,0.05018941458303556,Low Risk,0,"Consider approval, subject to lender policy"
30,34000,RENT,0.0,PERSONAL,4000,0.12,0,9,34000.0,0.30578912795044705,High Risk,0,Additional assessment required
25,71004,RENT,9.0,PERSONAL,20000,0.28,0,2,7100.4,0.15756833251729838,Medium Risk,0,Consider manual review
27,24000,OWN,2.0,VENTURE,6000,0.25,0,9,8000.0,0.01430953226458124,Low Risk,0,"Consider approval, subject to lender policy"
25,44966,RENT,3.0,MEDICAL,10025,0.22,0,4,11241.5,0.1435272072608484,Low Risk,0,"Consider approval, subject to lender policy"
30,34000,RENT,6.0,DEBTCONSOLIDATION,4000,0.12,0,5,4857.142857142857,0.3138028599737642,High Risk,1,Additional assessment required
29,78000,MORTGAGE,7.0,HOMEIMPROVEMENT,18000,0.23,0,6,9750.0,0.08854858847070288,Low Risk,1,"Consider approval, subject to lender policy"
24,42000,RENT,2.0,EDUCATION,4800,0.11,1,2,14000.0,0.2932748421782009,High Risk,1,Additional assessment required
24,86610,MORTGAGE,7.0,EDUCATION,8750,0.1,1,2,10826.25,0.09044197341688948,Low Risk,0,"Consider approval, subject to lender policy"
25,32004,RENT,0.0,MEDICAL,7200,0.22,0,4,32004.0,0.25213925248315033,High Risk,0,Additional assessment required
34,97356,RENT,12.0,HOMEIMPROVEMENT,20000,0.21,1,7,7488.923076923077,0.21449592118467886,Medium Risk,0,Consider manual review
38,23000,RENT,4.0,EDUCATION,10000,0.43,1,16,4600.0,0.9642575773475147,Very High Risk,1,High-risk application; apply lender policy
25,37700,MORTGAGE,7.0,EDUCATION,9000,0.24,0,2,4712.5,0.08804452729179413,Low Risk,1,"Consider approval, subject to lender policy"
37,70000,MORTGAGE,3.0,EDUCATION,15000,0.21,0,15,17500.0,0.06275737010112044,Low Risk,0,"Consider approval, subject to lender policy"
22,38000,MORTGAGE,4.0,EDUCATION,1950,0.05,0,4,7600.0,0.07376340782214236,Low Risk,0,"Consider approval, subject to lender policy"
22,19800,RENT,4.0,MEDICAL,8000,0.4,0,4,3960.0,0.9916929721490129,Very High Risk,1,High-risk application; apply lender policy
35,90000,RENT,0.0,MEDICAL,7000,0.08,0,10,90000.0,0.08505268957061002,Low Risk,0,"Consider approval, subject to lender policy"
24,85000,MORTGAGE,4.0,MEDICAL,10000,0.12,0,4,17000.0,0.07133814509547035,Low Risk,0,"Consider approval, subject to lender policy"
28,42996,RENT,4.0,EDUCATION,3000,0.07,0,6,8599.2,0.09315591136068134,Low Risk,0,"Consider approval, subject to lender policy"
23,67700,MORTGAGE,7.0,EDUCATION,15000,0.22,1,3,8462.5,0.1601259968087266,Medium Risk,1,Consider manual review
34,32000,MORTGAGE,12.0,HOMEIMPROVEMENT,2275,0.07,0,10,2461.5384615384614,0.4559811584771022,Very High Risk,0,High-risk application; apply lender policy
24,125000,MORTGAGE,9.0,DEBTCONSOLIDATION,25000,0.2,0,2,12500.0,0.19625446978331346,Medium Risk,0,Consider manual review
22,53000,MORTGAGE,6.0,DEBTCONSOLIDATION,1000,0.02,1,4,7571.428571428572,0.4158925032338004,High Risk,0,Additional assessment required
22,29120,RENT,1.0,VENTURE,6800,0.23,0,2,14560.0,0.29108600864774536,High Risk,0,Additional assessment required
24,65000,MORTGAGE,1.0,PERSONAL,6000,0.09,0,2,32500.0,0.06528257717247847,Low Risk,0,"Consider approval, subject to lender policy"
22,50000,RENT,6.0,DEBTCONSOLIDATION,5000,0.1,0,3,7142.857142857143,0.12349895030558436,Low Risk,0,"Consider approval, subject to lender policy"
60,72000,OWN,3.0,PERSONAL,10000,0.14,0,24,18000.0,0.013054605046733333,Low Risk,0,"Consider approval, subject to lender policy"
21,23916,RENT,2.0,EDUCATION,4500,0.19,0,4,7972.0,0.17129591875196024,Medium Risk,0,Consider manual review
26,55000,MORTGAGE,10.0,VENTURE,10000,0.18,0,2,5000.0,0.05558377639605124,Low Risk,0,"Consider approval, subject to lender policy"
37,74784,RENT,8.0,HOMEIMPROVEMENT,15000,0.2,0,15,8309.333333333334,0.14040310337838507,Low Risk,0,"Consider approval, subject to lender policy"
43,93000,MORTGAGE,7.0,PERSONAL,7000,0.08,0,13,11625.0,0.04077925625785892,Low Risk,0,"Consider approval, subject to lender policy"
34,42000,RENT,5.0,VENTURE,6000,0.14,0,10,7000.0,0.054740810798698594,Low Risk,0,"Consider approval, subject to lender policy"
26,75000,RENT,5.0,PERSONAL,20000,0.27,0,2,12500.0,0.1269863452305258,Low Risk,0,"Consider approval, subject to lender policy"
31,73000,RENT,8.0,EDUCATION,35000,0.48,1,10,8111.111111111111,0.9700971534165495,Very High Risk,1,High-risk application; apply lender policy
39,168000,RENT,2.0,HOMEIMPROVEMENT,18000,0.11,0,11,56000.0,0.1549594192841631,Medium Risk,1,Consider manual review
25,40000,RENT,2.0,EDUCATION,4200,0.1,0,2,13333.333333333334,0.10061843221897572,Low Risk,0,"Consider approval, subject to lender policy"
25,50000,MORTGAGE,9.0,PERSONAL,10000,0.2,0,2,5000.0,0.09467239316705539,Low Risk,0,"Consider approval, subject to lender policy"
29,14573,RENT,6.0,HOMEIMPROVEMENT,5000,0.34,0,5,2081.8571428571427,0.9945977627901911,Very High Risk,1,High-risk application; apply lender policy
34,73000,MORTGAGE,6.0,PERSONAL,7500,0.1,1,5,10428.57142857143,0.19298019507809602,Medium Risk,1,Consider manual review
41,37000,RENT,2.0,MEDICAL,3000,0.08,0,16,12333.333333333334,0.14621824302629463,Low Risk,0,"Consider approval, subject to lender policy"
21,23040,RENT,0.0,HOMEIMPROVEMENT,6000,0.26,0,2,23040.0,0.9453093182837904,Very High Risk,1,High-risk application; apply lender policy
29,44400,RENT,2.0,HOMEIMPROVEMENT,12000,0.27,0,5,14800.0,0.3773052951223604,High Risk,1,Additional assessment required
33,57500,MORTGAGE,0.0,MEDICAL,15000,0.26,0,7,57500.0,0.24780885852828824,Medium Risk,0,Consider manual review
32,64000,RENT,1.0,HOMEIMPROVEMENT,10000,0.16,0,8,32000.0,0.14038302960083388,Low Risk,0,"Consider approval, subject to lender policy"
21,18000,RENT,5.0,MEDICAL,1500,0.08,0,3,3000.0,0.35327677447835554,High Risk,1,Additional assessment required
32,30000,RENT,4.0,PERSONAL,3000,0.1,1,6,6000.0,0.31678375615390286,High Risk,0,Additional assessment required
30,31200,RENT,5.0,MEDICAL,6000,0.19,0,8,5200.0,0.23296173927163227,Medium Risk,0,Consider manual review
22,35004,MORTGAGE,0.0,VENTURE,8400,0.24,0,2,35004.0,0.052138728563775265,Low Risk,0,"Consider approval, subject to lender policy"
23,25960,RENT,1.0,VENTURE,12250,0.47,0,4,12980.0,0.9702463425320762,Very High Risk,1,High-risk application; apply lender policy
24,41000,OWN,9.0,HOMEIMPROVEMENT,10000,0.24,0,4,4100.0,0.01846669491172414,Low Risk,0,"Consider approval, subject to lender policy"
55,51000,RENT,2.0,PERSONAL,8000,0.16,0,26,17000.0,0.13166875166357328,Low Risk,0,"Consider approval, subject to lender policy"
24,50004,RENT,4.0,DEBTCONSOLIDATION,7200,0.14,1,3,10000.8,0.4434901033186211,High Risk,0,Additional assessment required
26,38400,RENT,0.0,EDUCATION,12000,0.31,0,4,38400.0,0.9509554377367425,Very High Risk,1,High-risk application; apply lender policy
22,37392,RENT,1.0,EDUCATION,12000,0.32,0,2,18696.0,0.9466891557871341,Very High Risk,1,High-risk application; apply lender policy
33,70000,OWN,17.0,VENTURE,24000,0.34,0,6,3888.8888888888887,0.045923946535168896,Low Risk,0,"Consider approval, subject to lender policy"
21,96000,OWN,1.0,EDUCATION,7000,0.07,0,4,48000.0,0.012451210972719342,Low Risk,0,"Consider approval, subject to lender policy"
27,40000,RENT,9.0,DEBTCONSOLIDATION,2000,0.05,0,6,4000.0,0.11504333509250496,Low Risk,0,"Consider approval, subject to lender policy"
25,38400,MORTGAGE,5.0,MEDICAL,5700,0.15,0,2,6400.0,0.16620158590366316,Medium Risk,0,Consider manual review
36,135000,MORTGAGE,1.0,VENTURE,2500,0.02,0,17,67500.0,0.033723762342301504,Low Risk,0,"Consider approval, subject to lender policy"
28,35000,RENT,4.0,PERSONAL,10000,0.29,1,8,7000.0,0.2502990798757691,High Risk,0,Additional assessment required
25,53600,RENT,1.0,EDUCATION,7300,0.14,0,4,26800.0,0.11941102372203699,Low Risk,0,"Consider approval, subject to lender policy"
22,37000,RENT,3.0,EDUCATION,15000,0.41,0,4,9250.0,0.9536195091617737,Very High Risk,1,High-risk application; apply lender policy
22,19200,MORTGAGE,6.0,PERSONAL,4950,0.26,0,2,2742.8571428571427,0.8981876774082849,Very High Risk,1,High-risk application; apply lender policy
32,156000,MORTGAGE,14.0,PERSONAL,10000,0.06,0,9,10400.0,0.039851143121511445,Low Risk,0,"Consider approval, subject to lender policy"
23,54000,RENT,7.0,EDUCATION,2500,0.05,1,2,6750.0,0.2177328774116378,Medium Risk,0,Consider manual review
35,95000,MORTGAGE,17.0,HOMEIMPROVEMENT,15000,0.16,0,10,5277.777777777777,0.04921779073598281,Low Risk,0,"Consider approval, subject to lender policy"
29,100000,RENT,4.0,VENTURE,10000,0.1,0,9,20000.0,0.028347485480334063,Low Risk,0,"Consider approval, subject to lender policy"
21,65000,RENT,5.0,PERSONAL,16000,0.25,0,3,10833.333333333334,0.08719940882316582,Low Risk,0,"Consider approval, subject to lender policy"
22,72204,RENT,2.0,PERSONAL,6700,0.09,0,3,24068.0,0.08491982966250969,Low Risk,0,"Consider approval, subject to lender policy"
26,51700,OWN,2.0,HOMEIMPROVEMENT,13200,0.26,0,4,17233.333333333332,0.02237625228061365,Low Risk,0,"Consider approval, subject to lender policy"
29,51540,MORTGAGE,3.0,DEBTCONSOLIDATION,4000,0.08,0,7,12885.0,0.1255855556948927,Low Risk,0,"Consider approval, subject to lender policy"
28,33600,RENT,12.0,EDUCATION,4200,0.13,0,5,2584.6153846153848,0.17364585877326189,Medium Risk,0,Consider manual review
31,30000,RENT,4.0,DEBTCONSOLIDATION,10000,0.33,0,9,6000.0,0.9724804755065167,Very High Risk,1,High-risk application; apply lender policy
73,75000,RENT,0.0,MEDICAL,7800,0.1,0,24,75000.0,0.09404676081444242,Low Risk,0,"Consider approval, subject to lender policy"
23,66000,RENT,0.0,MEDICAL,9200,0.14,0,2,66000.0,0.11377419615944696,Low Risk,0,"Consider approval, subject to lender policy"
31,50004,MORTGAGE,15.0,DEBTCONSOLIDATION,10000,0.2,0,8,3125.25,0.1471840264295425,Low Risk,0,"Consider approval, subject to lender policy"
21,93600,MORTGAGE,5.0,EDUCATION,25000,0.27,0,3,15600.0,0.10331193838901497,Low Risk,0,"Consider approval, subject to lender policy"
42,82500,RENT,3.0,DEBTCONSOLIDATION,2575,0.03,0,11,20625.0,0.06909897457045053,Low Risk,0,"Consider approval, subject to lender policy"
31,40000,RENT,0.0,VENTURE,5000,0.13,0,10,40000.0,0.07700500743389457,Low Risk,0,"Consider approval, subject to lender policy"
26,175000,MORTGAGE,2.0,DEBTCONSOLIDATION,3000,0.02,0,3,58333.333333333336,0.07959217023679319,Low Risk,0,"Consider approval, subject to lender policy"
23,110000,RENT,0.0,PERSONAL,3600,0.03,0,3,110000.0,0.08244784097583618,Low Risk,0,"Consider approval, subject to lender policy"
31,35000,RENT,3.0,VENTURE,5000,0.14,0,5,8750.0,0.04118184259020452,Low Risk,0,"Consider approval, subject to lender policy"
40,176800,RENT,8.0,MEDICAL,25000,0.12,0,17,19644.444444444445,0.21853088623756242,Medium Risk,1,Consider manual review
28,100000,MORTGAGE,3.0,MEDICAL,8000,0.08,1,6,25000.0,0.24967535881110142,Medium Risk,0,Consider manual review
27,190000,RENT,5.0,VENTURE,22000,0.12,0,10,31666.666666666668,0.04440474472819527,Low Risk,0,"Consider approval, subject to lender policy"
22,72955,MORTGAGE,6.0,PERSONAL,7500,0.1,0,2,10422.142857142857,0.06076160573180561,Low Risk,1,"Consider approval, subject to lender policy"
25,60000,MORTGAGE,9.0,PERSONAL,10200,0.17,1,4,6000.0,0.1663612616230362,Medium Risk,0,Consider manual review
22,66000,RENT,0.0,VENTURE,3300,0.05,1,2,66000.0,0.293984339820631,High Risk,0,Additional assessment required
35,126696,MORTGAGE,19.0,MEDICAL,24250,0.19,0,6,6334.8,0.196673114205349,Medium Risk,0,Consider manual review
27,66000,MORTGAGE,0.0,EDUCATION,9250,0.14,0,9,66000.0,0.07161811478114123,Low Risk,0,"Consider approval, subject to lender policy"
22,72000,MORTGAGE,6.0,PERSONAL,5000,0.07,0,3,10285.714285714286,0.05293483532633079,Low Risk,0,"Consider approval, subject to lender policy"
33,130000,RENT,1.0,EDUCATION,20000,0.15,0,10,65000.0,0.12208247231909587,Low Risk,0,"Consider approval, subject to lender policy"
25,24000,RENT,2.0,MEDICAL,10625,0.44,0,2,8000.0,0.9727105448800704,Very High Risk,1,High-risk application; apply lender policy
26,16428,RENT,0.0,PERSONAL,2400,0.15,0,4,16428.0,0.362495264764603,High Risk,0,Additional assessment required
28,30000,RENT,2.0,MEDICAL,7700,0.26,0,8,10000.0,0.3108710313474845,High Risk,0,Additional assessment required
22,39000,MORTGAGE,6.0,PERSONAL,10750,0.28,0,3,5571.428571428572,0.1390767197382272,Low Risk,0,"Consider approval, subject to lender policy"
30,100000,MORTGAGE,0.0,PERSONAL,30000,0.3,1,6,100000.0,0.35582128291420945,High Risk,0,Additional assessment required
24,40000,OWN,6.0,EDUCATION,2800,0.07,0,4,5714.285714285715,0.012594820720899196,Low Risk,0,"Consider approval, subject to lender policy"
27,51600,RENT,2.0,VENTURE,13800,0.27,1,6,17200.0,0.43158715197646097,High Risk,1,Additional assessment required
29,86000,MORTGAGE,9.0,DEBTCONSOLIDATION,8400,0.1,0,10,8600.0,0.07658645700892296,Low Risk,0,"Consider approval, subject to lender policy"
24,115000,RENT,1.0,HOMEIMPROVEMENT,5000,0.04,0,3,57500.0,0.11728824072598819,Low Risk,0,"Consider approval, subject to lender policy"
21,74000,MORTGAGE,0.0,DEBTCONSOLIDATION,15000,0.2,0,3,74000.0,0.1965613705446889,Medium Risk,0,Consider manual review
37,56000,MORTGAGE,2.0,HOMEIMPROVEMENT,13000,0.23,0,17,18666.666666666668,0.1168837632933801,Low Risk,0,"Consider approval, subject to lender policy"
34,40000,RENT,2.0,PERSONAL,15000,0.38,0,6,13333.333333333334,0.9657049822165753,Very High Risk,1,High-risk application; apply lender policy
24,77964,RENT,4.0,DEBTCONSOLIDATION,9600,0.12,0,2,15592.8,0.13643126700978106,Low Risk,1,"Consider approval, subject to lender policy"
28,72000,MORTGAGE,9.0,HOMEIMPROVEMENT,18000,0.25,0,8,7200.0,0.07297697265056215,Low Risk,0,"Consider approval, subject to lender policy"
24,36000,RENT,2.0,HOMEIMPROVEMENT,2500,0.07,0,3,12000.0,0.3451812736380792,High Risk,1,Additional assessment required
26,60000,RENT,0.0,VENTURE,24000,0.4,0,2,60000.0,0.9740272430819462,Very High Risk,1,High-risk application; apply lender policy
38,36000,RENT,1.0,MEDICAL,8400,0.23,0,16,18000.0,0.1612644500355082,Medium Risk,0,Consider manual review
36,106000,MORTGAGE,15.0,HOMEIMPROVEMENT,4025,0.04,0,14,6625.0,0.0432437214315923,Low Risk,0,"Consider approval, subject to lender policy"
25,70000,MORTGAGE,4.0,PERSONAL,15000,0.21,1,3,14000.0,0.1751029386646078,Medium Risk,1,Consider manual review
24,54000,MORTGAGE,5.0,PERSONAL,11000,0.2,0,2,9000.0,0.10510242890902224,Low Risk,0,"Consider approval, subject to lender policy"
28,48000,MORTGAGE,13.0,MEDICAL,5000,0.1,1,8,3428.5714285714284,0.4409476414744909,High Risk,1,Additional assessment required
30,45000,RENT,5.0,PERSONAL,10000,0.22,0,7,7500.0,0.10297075580871551,Low Risk,0,"Consider approval, subject to lender policy"
27,65000,RENT,0.0,MEDICAL,6000,0.09,0,9,65000.0,0.09483119847919866,Low Risk,0,"Consider approval, subject to lender policy"
24,41000,RENT,1.0,DEBTCONSOLIDATION,7000,0.17,0,2,20500.0,0.14305548861244677,Low Risk,0,"Consider approval, subject to lender policy"
31,159200,MORTGAGE,1.0,DEBTCONSOLIDATION,16000,0.1,1,6,79600.0,0.3462123302089013,High Risk,1,Additional assessment required
25,46500,RENT,5.0,EDUCATION,9500,0.2,0,3,7750.0,0.09581829849669211,Low Risk,0,"Consider approval, subject to lender policy"
27,57240,OWN,4.0,VENTURE,15000,0.26,0,6,11448.0,0.01114205878994078,Low Risk,0,"Consider approval, subject to lender policy"
24,42000,RENT,8.0,MEDICAL,8000,0.19,0,4,4666.666666666667,0.1550316055881483,Medium Risk,1,Consider manual review
25,50160,RENT,0.0,DEBTCONSOLIDATION,3000,0.06,0,2,50160.0,0.11420115662431317,Low Risk,1,"Consider approval, subject to lender policy"
23,78000,RENT,3.0,VENTURE,20000,0.26,0,3,19500.0,0.11466787833270424,Low Risk,0,"Consider approval, subject to lender policy"
32,37050,RENT,2.0,DEBTCONSOLIDATION,8000,0.22,0,6,12350.0,0.16551377047089288,Medium Risk,0,Consider manual review
27,50000,MORTGAGE,1.0,VENTURE,6500,0.13,0,6,25000.0,0.04541089928262972,Low Risk,0,"Consider approval, subject to lender policy"
22,32340,RENT,6.0,DEBTCONSOLIDATION,7000,0.22,0,2,4620.0,0.2713512271324762,High Risk,0,Additional assessment required
35,45000,RENT,3.0,MEDICAL,5500,0.12,0,6,11250.0,0.13438877404335361,Low Risk,0,"Consider approval, subject to lender policy"
21,35000,MORTGAGE,5.0,DEBTCONSOLIDATION,13650,0.39,0,4,5833.333333333333,0.20521440482268175,Medium Risk,0,Consider manual review
36,84000,RENT,6.0,EDUCATION,25000,0.3,1,11,12000.0,0.32725700012252834,High Risk,0,Additional assessment required
22,48000,RENT,6.0,MEDICAL,16500,0.34,0,4,6857.142857142857,0.9732052287675813,Very High Risk,1,High-risk application; apply lender policy
24,50000,RENT,1.0,HOMEIMPROVEMENT,5000,0.1,0,4,25000.0,0.20671564353600866,Medium Risk,1,Consider manual review
22,54000,RENT,5.0,HOMEIMPROVEMENT,3200,0.06,0,2,9000.0,0.673910254468122,Very High Risk,1,High-risk application; apply lender policy
24,18000,RENT,8.0,PERSONAL,6000,0.33,0,2,2000.0,0.9907567778524945,Very High Risk,1,High-risk application; apply lender policy
26,149400,MORTGAGE,1.0,MEDICAL,7000,0.05,0,3,74700.0,0.0897092939515276,Low Risk,0,"Consider approval, subject to lender policy"
28,100000,MORTGAGE,2.0,PERSONAL,13500,0.14,0,9,33333.333333333336,0.047180021838762416,Low Risk,0,"Consider approval, subject to lender policy"
44,80100,MORTGAGE,16.0,MEDICAL,8000,0.1,0,16,4711.764705882353,0.08426755287010292,Low Risk,0,"Consider approval, subject to lender policy"
24,117300,RENT,4.0,MEDICAL,5000,0.04,1,3,23460.0,0.19002547608960213,Medium Risk,1,Consider manual review
29,125000,MORTGAGE,6.0,HOMEIMPROVEMENT,6400,0.05,1,9,17857.14285714286,0.10762130493525966,Low Risk,0,"Consider approval, subject to lender policy"
32,55000,MORTGAGE,16.0,PERSONAL,7000,0.13,1,8,3235.294117647059,0.2059089193269244,Medium Risk,0,Consider manual review
27,36000,MORTGAGE,9.0,DEBTCONSOLIDATION,15200,0.42,1,6,3600.0,0.4564543911456311,Very High Risk,1,High-risk application; apply lender policy
36,103000,RENT,6.0,VENTURE,25000,0.24,1,15,14714.285714285714,0.24508170902272305,Medium Risk,1,Consider manual review
33,90000,MORTGAGE,5.0,EDUCATION,4200,0.05,0,6,15000.0,0.03245967518421336,Low Risk,0,"Consider approval, subject to lender policy"
26,39000,RENT,1.0,VENTURE,15000,0.38,1,4,19500.0,0.9860360952365435,Very High Risk,1,High-risk application; apply lender policy
33,53796,RENT,1.0,DEBTCONSOLIDATION,10500,0.2,0,6,26898.0,0.1351829172806807,Low Risk,0,"Consider approval, subject to lender policy"
22,73000,MORTGAGE,7.0,VENTURE,12000,0.16,1,2,9125.0,0.1540663950271027,Medium Risk,0,Consider manual review
34,160000,MORTGAGE,14.0,HOMEIMPROVEMENT,25000,0.16,1,5,10666.666666666666,0.20703533571290916,Medium Risk,0,Consider manual review
27,39480,MORTGAGE,2.0,EDUCATION,7200,0.18,0,7,13160.0,0.11930232909272369,Low Risk,0,"Consider approval, subject to lender policy"
20,64000,RENT,3.0,VENTURE,16000,0.25,1,4,16000.0,0.18358119025128009,Medium Risk,1,Consider manual review
34,195000,MORTGAGE,18.0,PERSONAL,6000,0.03,0,10,10263.157894736842,0.037269188601257115,Low Risk,0,"Consider approval, subject to lender policy"
23,33000,RENT,4.0,VENTURE,18000,0.55,0,4,6600.0,0.9591879655784455,Very High Risk,1,High-risk application; apply lender policy
33,28000,OWN,3.0,VENTURE,4800,0.17,0,10,7000.0,0.010650967003352883,Low Risk,0,"Consider approval, subject to lender policy"
22,35100,RENT,0.0,EDUCATION,1000,0.03,1,3,35100.0,0.23784420043733825,Medium Risk,0,Consider manual review
32,27385,MORTGAGE,3.0,HOMEIMPROVEMENT,2000,0.07,1,9,6846.25,0.5452667661718688,Very High Risk,1,High-risk application; apply lender policy
21,82100,RENT,3.0,PERSONAL,12200,0.15,0,2,20525.0,0.055826499472930086,Low Risk,0,"Consider approval, subject to lender policy"
23,72000,MORTGAGE,7.0,EDUCATION,20000,0.28,0,2,9000.0,0.07598884454741776,Low Risk,0,"Consider approval, subject to lender policy"
25,62050,MORTGAGE,4.0,MEDICAL,5400,0.07,1,3,12410.0,0.3376612368550888,High Risk,1,Additional assessment required
25,69000,MORTGAGE,4.0,EDUCATION,4500,0.07,1,2,13800.0,0.11485943992771637,Low Risk,1,"Consider approval, subject to lender policy"
27,93600,MORTGAGE,0.0,HOMEIMPROVEMENT,16000,0.17,0,5,93600.0,0.07507191096782188,Low Risk,0,"Consider approval, subject to lender policy"
22,111460,RENT,3.0,DEBTCONSOLIDATION,5000,0.04,0,4,27865.0,0.06808293171748754,Low Risk,0,"Consider approval, subject to lender policy"
25,23460,RENT,5.0,MEDICAL,7000,0.3,0,2,3910.0,0.25450332364576794,High Risk,0,Additional assessment required
62,66000,RENT,2.0,EDUCATION,6000,0.09,0,23,22000.0,0.08285931762779526,Low Risk,0,"Consider approval, subject to lender policy"
24,156000,MORTGAGE,8.0,PERSONAL,15000,0.1,0,2,17333.333333333332,0.05133014095306625,Low Risk,0,"Consider approval, subject to lender policy"
26,21600,RENT,9.0,VENTURE,7200,0.33,0,3,2160.0,0.959127307387318,Very High Risk,1,High-risk application; apply lender policy
25,153600,MORTGAGE,1.0,DEBTCONSOLIDATION,18000,0.12,0,2,76800.0,0.10781535457601554,Low Risk,0,"Consider approval, subject to lender policy"
30,32004,RENT,2.0,PERSONAL,8700,0.27,0,10,10668.0,0.3057647243195471,High Risk,1,Additional assessment required
23,54000,MORTGAGE,5.0,EDUCATION,7750,0.14,0,4,9000.0,0.08719746042457484,Low Risk,1,"Consider approval, subject to lender policy"
25,55000,RENT,0.0,PERSONAL,10000,0.18,0,4,55000.0,0.14428750103948906,Low Risk,0,"Consider approval, subject to lender policy"
28,73000,RENT,0.0,PERSONAL,32000,0.44,0,9,73000.0,0.9836436011598968,Very High Risk,1,High-risk application; apply lender policy
43,45000,RENT,2.0,EDUCATION,7000,0.16,0,14,15000.0,0.1288161766301857,Low Risk,0,"Consider approval, subject to lender policy"
38,98000,MORTGAGE,7.0,MEDICAL,12000,0.12,0,17,12250.0,0.07649776780315648,Low Risk,0,"Consider approval, subject to lender policy"
22,119000,MORTGAGE,6.0,PERSONAL,35000,0.29,0,3,17000.0,0.09486892611587153,Low Risk,0,"Consider approval, subject to lender policy"
42,64464,MORTGAGE,13.0,MEDICAL,30000,0.4,0,14,4604.571428571428,0.4830807082599911,Very High Risk,1,High-risk application; apply lender policy
39,43000,MORTGAGE,3.0,HOMEIMPROVEMENT,6250,0.15,0,14,10750.0,0.1146677797473818,Low Risk,0,"Consider approval, subject to lender policy"
29,92000,MORTGAGE,2.0,EDUCATION,25000,0.27,0,8,30666.666666666668,0.1535740492673323,Medium Risk,0,Consider manual review
69,24000,RENT,3.0,MEDICAL,6000,0.25,0,20,6000.0,0.1838145622087523,Medium Risk,0,Consider manual review
31,55680,MORTGAGE,7.0,VENTURE,4000,0.07,0,7,6960.0,0.036993268265744166,Low Risk,0,"Consider approval, subject to lender policy"
25,30000,RENT,0.0,VENTURE,12000,0.4,0,4,30000.0,0.9673114850526807,Very High Risk,1,High-risk application; apply lender policy
24,60000,MORTGAGE,2.0,MEDICAL,9700,0.16,0,3,20000.0,0.10787280597273159,Low Risk,0,"Consider approval, subject to lender policy"
27,58000,RENT,0.0,EDUCATION,4600,0.08,0,8,58000.0,0.12603718182162005,Low Risk,0,"Consider approval, subject to lender policy"
28,128000,MORTGAGE,11.0,DEBTCONSOLIDATION,14400,0.11,1,8,10666.666666666666,0.3124776328118086,High Risk,1,Additional assessment required
25,30000,RENT,0.0,VENTURE,14500,0.48,0,4,30000.0,0.9685177518364552,Very High Risk,1,High-risk application; apply lender policy
22,28800,RENT,2.0,VENTURE,14000,0.49,0,2,9600.0,0.9690596894500468,Very High Risk,1,High-risk application; apply lender policy
27,58800,MORTGAGE,0.0,EDUCATION,9800,0.17,1,9,58800.0,0.38101927016421916,High Risk,0,Additional assessment required
39,100000,MORTGAGE,9.0,DEBTCONSOLIDATION,3000,0.03,0,11,10000.0,0.07059140380868391,Low Risk,0,"Consider approval, subject to lender policy"
23,62900,RENT,2.0,MEDICAL,12000,0.16,0,4,20966.666666666668,0.10164465191507333,Low Risk,1,"Consider approval, subject to lender policy"
21,30000,RENT,2.0,VENTURE,7000,0.23,0,3,10000.0,0.24158830926607686,Medium Risk,0,Consider manual review
35,762000,OWN,8.0,MEDICAL,10000,0.01,0,8,84666.66666666667,0.034811234974269856,Low Risk,0,"Consider approval, subject to lender policy"
39,60197,RENT,6.0,PERSONAL,5200,0.09,0,11,8599.57142857143,0.06856825652089167,Low Risk,0,"Consider approval, subject to lender policy"
29,20400,RENT,2.0,MEDICAL,2000,0.1,0,8,6800.0,0.18605004963162747,Medium Risk,0,Consider manual review
25,27336,OWN,9.0,VENTURE,5500,0.2,0,4,2733.6,0.010708126548198511,Low Risk,0,"Consider approval, subject to lender policy"
32,37000,RENT,4.0,MEDICAL,6000,0.16,0,8,7400.0,0.15820902206209403,Medium Risk,0,Consider manual review
31,20000,RENT,7.0,EDUCATION,2500,0.13,1,10,2500.0,0.23714776279031047,Medium Risk,0,Consider manual review
25,13440,RENT,3.0,MEDICAL,6000,0.45,0,3,3360.0,0.9922206609157519,Very High Risk,1,High-risk application; apply lender policy
25,36000,MORTGAGE,0.0,MEDICAL,5600,0.16,0,4,36000.0,0.14061459558901074,Low Risk,0,"Consider approval, subject to lender policy"
50,72000,MORTGAGE,13.0,MEDICAL,8000,0.11,0,14,5142.857142857143,0.10887788196868975,Low Risk,0,"Consider approval, subject to lender policy"
22,28000,RENT,6.0,EDUCATION,10000,0.36,0,3,4000.0,0.9610246909872394,Very High Risk,1,High-risk application; apply lender policy
23,37500,RENT,0.0,DEBTCONSOLIDATION,1800,0.05,0,4,37500.0,0.1382158849736307,Low Risk,0,"Consider approval, subject to lender policy"
22,50000,RENT,6.0,DEBTCONSOLIDATION,18250,0.36,1,3,7142.857142857143,0.983001030294511,Very High Risk,1,High-risk application; apply lender policy
23,22800,RENT,0.0,PERSONAL,1600,0.07,0,2,22800.0,0.1833444062712154,Medium Risk,0,Consider manual review
23,42000,RENT,2.0,PERSONAL,6000,0.14,0,4,14000.0,0.13517916482165285,Low Risk,1,"Consider approval, subject to lender policy"
30,72000,MORTGAGE,5.0,HOMEIMPROVEMENT,7500,0.1,0,9,12000.0,0.06018747133417105,Low Risk,1,"Consider approval, subject to lender policy"
41,95000,OWN,2.0,MEDICAL,21600,0.23,1,12,31666.666666666668,0.17301715563220812,Medium Risk,0,Consider manual review
22,60000,RENT,4.0,PERSONAL,9600,0.16,0,3,12000.0,0.07315380048423613,Low Risk,0,"Consider approval, subject to lender policy"
22,42000,MORTGAGE,6.0,MEDICAL,3000,0.07,0,2,6000.0,0.1718736790562845,Medium Risk,0,Consider manual review
31,60000,RENT,6.0,VENTURE,15000,0.25,0,5,8571.42857142857,0.06190140060106764,Low Risk,0,"Consider approval, subject to lender policy"
25,60000,MORTGAGE,3.0,VENTURE,7000,0.12,0,3,15000.0,0.029678448104810316,Low Risk,0,"Consider approval, subject to lender policy"
33,75000,MORTGAGE,17.0,MEDICAL,12000,0.16,1,8,4166.666666666667,0.3278381795747538,High Risk,0,Additional assessment required
31,81000,MORTGAGE,15.0,HOMEIMPROVEMENT,7200,0.09,0,8,5062.5,0.04642584913518628,Low Risk,0,"Consider approval, subject to lender policy"
21,60000,MORTGAGE,4.0,EDUCATION,12000,0.2,0,3,12000.0,0.0550331112021936,Low Risk,0,"Consider approval, subject to lender policy"
36,32642,MORTGAGE,18.0,DEBTCONSOLIDATION,8500,0.26,0,12,1718.0,0.2755405491995826,High Risk,0,Additional assessment required
25,31000,RENT,0.0,PERSONAL,5000,0.16,0,2,31000.0,0.23240167007045517,Medium Risk,0,Consider manual review
29,125000,MORTGAGE,4.0,MEDICAL,24000,0.19,0,7,25000.0,0.1918448398665581,Medium Risk,0,Consider manual review
24,92259,MORTGAGE,4.0,HOMEIMPROVEMENT,6000,0.07,0,4,18451.8,0.040768281027077385,Low Risk,0,"Consider approval, subject to lender policy"
24,36000,RENT,1.0,MEDICAL,7000,0.19,0,3,18000.0,0.1612644500355082,Medium Risk,0,Consider manual review
23,21996,RENT,6.0,VENTURE,6000,0.27,1,3,3142.285714285714,0.2818239240840101,High Risk,0,Additional assessment required
24,72000,RENT,6.0,PERSONAL,14400,0.2,0,4,10285.714285714286,0.07360816783604085,Low Risk,0,"Consider approval, subject to lender policy"
27,48000,RENT,2.0,EDUCATION,4000,0.08,0,6,16000.0,0.1211977639992851,Low Risk,1,"Consider approval, subject to lender policy"
25,60000,OWN,10.0,EDUCATION,5500,0.09,0,2,5454.545454545455,0.013466313006664045,Low Risk,0,"Consider approval, subject to lender policy"
23,144000,MORTGAGE,7.0,PERSONAL,10000,0.07,0,2,18000.0,0.044186038861745394,Low Risk,0,"Consider approval, subject to lender policy"
39,61020,MORTGAGE,4.0,DEBTCONSOLIDATION,9975,0.16,0,11,12204.0,0.111165103329842,Low Risk,1,"Consider approval, subject to lender policy"
29,106300,MORTGAGE,9.0,PERSONAL,6000,0.06,0,7,10630.0,0.03813955792488234,Low Risk,0,"Consider approval, subject to lender policy"
22,75000,RENT,5.0,EDUCATION,7000,0.09,0,2,12500.0,0.05243310880499603,Low Risk,0,"Consider approval, subject to lender policy"
23,65000,MORTGAGE,0.0,PERSONAL,12800,0.2,0,2,65000.0,0.06689448732921927,Low Risk,0,"Consider approval, subject to lender policy"
27,35000,RENT,4.0,EDUCATION,12800,0.37,0,7,7000.0,0.9384725967345638,Very High Risk,1,High-risk application; apply lender policy
23,20004,RENT,2.0,DEBTCONSOLIDATION,1500,0.07,0,3,6668.0,0.18682073172498972,Medium Risk,0,Consider manual review
25,60000,MORTGAGE,7.0,EDUCATION,12000,0.2,0,4,7500.0,0.05812170799688411,Low Risk,0,"Consider approval, subject to lender policy"
27,104371,RENT,4.0,HOMEIMPROVEMENT,15000,0.14,0,5,20874.2,0.06958358815433664,Low Risk,0,"Consider approval, subject to lender policy"
26,33000,RENT,1.0,VENTURE,3500,0.11,0,2,16500.0,0.21212840162013613,Medium Risk,0,Consider manual review
30,96000,MORTGAGE,8.0,EDUCATION,17000,0.18,0,10,10666.666666666666,0.04569936427697666,Low Risk,0,"Consider approval, subject to lender policy"
22,80000,RENT,3.0,PERSONAL,33950,0.42,1,4,20000.0,0.9622330328409112,Very High Risk,1,High-risk application; apply lender policy
28,65000,MORTGAGE,5.0,MEDICAL,4500,0.07,1,9,10833.333333333334,0.33336694983975973,High Risk,0,Additional assessment required
51,62046,RENT,8.0,VENTURE,8000,0.13,0,30,6894.0,0.044702259319616515,Low Risk,0,"Consider approval, subject to lender policy"
22,111000,RENT,1.0,VENTURE,15000,0.14,0,3,55500.0,0.10280562141950984,Low Risk,0,"Consider approval, subject to lender policy"
28,65000,MORTGAGE,12.0,EDUCATION,24000,0.37,0,5,5000.0,0.167640219200911,Medium Risk,0,Consider manual review
36,25200,MORTGAGE,0.0,EDUCATION,8700,0.35,1,14,25200.0,0.2391788466966218,Medium Risk,1,Consider manual review
22,40000,RENT,2.0,VENTURE,11200,0.28,0,2,13333.333333333334,0.1506051814961542,Medium Risk,0,Consider manual review
24,51000,RENT,1.0,EDUCATION,10000,0.2,0,2,25500.0,0.11963672354194804,Low Risk,0,"Consider approval, subject to lender policy"
44,50000,MORTGAGE,8.0,DEBTCONSOLIDATION,6000,0.12,0,17,5555.555555555556,0.13486015182472877,Low Risk,0,"Consider approval, subject to lender policy"
28,95000,RENT,5.0,EDUCATION,8000,0.08,0,6,15833.333333333334,0.04672658568424693,Low Risk,0,"Consider approval, subject to lender policy"
22,50400,MORTGAGE,0.0,VENTURE,12000,0.24,0,3,50400.0,0.049669399853417714,Low Risk,0,"Consider approval, subject to lender policy"
29,30000,RENT,3.0,EDUCATION,10000,0.33,0,7,7500.0,0.9600594914255874,Very High Risk,1,High-risk application; apply lender policy
24,46180,RENT,1.0,VENTURE,2500,0.05,1,3,23090.0,0.3135851754583803,High Risk,1,Additional assessment required
30,65144,MORTGAGE,9.0,MEDICAL,5000,0.07,1,6,6514.4,0.34787613821374935,High Risk,1,Additional assessment required
25,60000,MORTGAGE,6.0,VENTURE,8400,0.14,0,3,8571.42857142857,0.029678448104810316,Low Risk,0,"Consider approval, subject to lender policy"
27,98000,MORTGAGE,11.0,VENTURE,17000,0.17,0,9,8166.666666666667,0.027959325696955927,Low Risk,0,"Consider approval, subject to lender policy"
43,80000,MORTGAGE,3.0,PERSONAL,10000,0.13,0,16,20000.0,0.03736713236266206,Low Risk,0,"Consider approval, subject to lender policy"
23,32800,OWN,3.0,VENTURE,8000,0.24,0,3,8200.0,0.0145151026822929,Low Risk,0,"Consider approval, subject to lender policy"
34,32000,RENT,9.0,MEDICAL,3000,0.09,1,7,3200.0,0.45232220117229477,Very High Risk,0,High-risk application; apply lender policy
45,100000,MORTGAGE,3.0,DEBTCONSOLIDATION,10000,0.1,1,13,25000.0,0.30918556858178275,High Risk,1,Additional assessment required
23,70000,MORTGAGE,4.0,PERSONAL,25000,0.36,0,3,14000.0,0.16920803229416392,Medium Risk,0,Consider manual review
25,73163,MORTGAGE,9.0,VENTURE,25000,0.34,0,3,7316.3,0.18094232115100023,Medium Risk,0,Consider manual review
24,37000,RENT,8.0,EDUCATION,10500,0.28,0,4,4111.111111111111,0.13938271828817927,Low Risk,0,"Consider approval, subject to lender policy"
22,38004,RENT,2.0,DEBTCONSOLIDATION,8000,0.21,0,3,12668.0,0.16551377047089288,Medium Risk,0,Consider manual review
32,106000,RENT,14.0,DEBTCONSOLIDATION,25000,0.24,1,7,7066.666666666667,0.6911200129134938,Very High Risk,1,High-risk application; apply lender policy
25,35196,RENT,2.0,MEDICAL,6000,0.17,0,3,11732.0,0.14621824302629463,Low Risk,1,"Consider approval, subject to lender policy"
27,120000,MORTGAGE,11.0,PERSONAL,8000,0.07,0,6,10000.0,0.039851143121511445,Low Risk,0,"Consider approval, subject to lender policy"
25,86000,RENT,10.0,HOMEIMPROVEMENT,10000,0.12,0,2,7818.181818181818,0.06896652870616779,Low Risk,0,"Consider approval, subject to lender policy"
22,75000,RENT,6.0,VENTURE,12000,0.16,0,3,10714.285714285714,0.03437983076642469,Low Risk,0,"Consider approval, subject to lender policy"
27,58000,RENT,3.0,MEDICAL,1400,0.02,1,7,14500.0,0.31131553814843105,High Risk,0,Additional assessment required
35,45000,MORTGAGE,4.0,DEBTCONSOLIDATION,7500,0.17,0,9,9000.0,0.13989684750655026,Low Risk,0,"Consider approval, subject to lender policy"
24,132000,MORTGAGE,8.0,DEBTCONSOLIDATION,1500,0.01,0,2,14666.666666666666,0.07629066944582932,Low Risk,1,"Consider approval, subject to lender policy"
37,21600,RENT,7.0,MEDICAL,3000,0.14,0,16,2700.0,0.1849825529712186,Medium Risk,0,Consider manual review
23,51000,MORTGAGE,7.0,MEDICAL,10000,0.2,0,2,6375.0,0.17504551109397395,Medium Risk,0,Consider manual review
31,60000,MORTGAGE,0.0,VENTURE,7800,0.13,0,10,60000.0,0.03768982508884882,Low Risk,0,"Consider approval, subject to lender policy"
22,58992,RENT,0.0,MEDICAL,3000,0.05,1,3,58992.0,0.571275989478464,Very High Risk,1,High-risk application; apply lender policy
28,56864,MORTGAGE,5.0,PERSONAL,12300,0.22,0,7,9477.333333333334,0.08383302705928504,Low Risk,0,"Consider approval, subject to lender policy"
22,49560,RENT,5.0,EDUCATION,5000,0.1,0,4,8260.0,0.08593125176539489,Low Risk,0,"Consider approval, subject to lender policy"
23,34320,RENT,5.0,DEBTCONSOLIDATION,7000,0.2,1,3,5720.0,0.6812183488705156,Very High Risk,1,High-risk application; apply lender policy
34,60000,RENT,3.0,VENTURE,12000,0.2,0,9,15000.0,0.051421478122197065,Low Risk,0,"Consider approval, subject to lender policy"
25,84000,MORTGAGE,9.0,MEDICAL,20000,0.24,0,3,8400.0,0.1265571694228897,Low Risk,0,"Consider approval, subject to lender policy"
23,32500,OWN,2.0,VENTURE,5000,0.15,1,3,10833.333333333334,0.0497573968398184,Low Risk,0,"Consider approval, subject to lender policy"
24,31000,RENT,1.0,EDUCATION,2500,0.08,1,3,15500.0,0.422725213089519,High Risk,1,Additional assessment required
40,95000,OWN,12.0,MEDICAL,5000,0.05,0,11,7307.692307692308,0.022360957996060953,Low Risk,0,"Consider approval, subject to lender policy"
23,52000,RENT,5.0,DEBTCONSOLIDATION,8000,0.15,0,2,8666.666666666666,0.13516835380696118,Low Risk,0,"Consider approval, subject to lender policy"
24,90000,MORTGAGE,8.0,HOMEIMPROVEMENT,4300,0.05,0,4,10000.0,0.037491224818969805,Low Risk,0,"Consider approval, subject to lender policy"
26,110000,MORTGAGE,0.0,VENTURE,15600,0.14,0,4,110000.0,0.04808564473534964,Low Risk,0,"Consider approval, subject to lender policy"
21,60000,RENT,2.0,VENTURE,5000,0.08,0,2,20000.0,0.07332671605079324,Low Risk,0,"Consider approval, subject to lender policy"
23,61000,RENT,2.0,PERSONAL,8400,0.14,0,2,20333.333333333332,0.09914524454447131,Low Risk,1,"Consider approval, subject to lender policy"
27,69790,RENT,6.0,EDUCATION,18000,0.26,0,6,9970.0,0.11875317857374035,Low Risk,0,"Consider approval, subject to lender policy"
30,63000,RENT,2.0,HOMEIMPROVEMENT,6000,0.1,0,7,21000.0,0.13759128730020997,Low Risk,0,"Consider approval, subject to lender policy"
23,80000,RENT,1.0,MEDICAL,14400,0.18,0,4,40000.0,0.07153633992418677,Low Risk,0,"Consider approval, subject to lender policy"
29,60000,RENT,2.0,MEDICAL,14000,0.23,0,8,20000.0,0.10933729255407582,Low Risk,0,"Consider approval, subject to lender policy"
31,68000,MORTGAGE,2.0,PERSONAL,12000,0.18,0,9,22666.666666666668,0.06841196284262492,Low Risk,0,"Consider approval, subject to lender policy"
26,85000,MORTGAGE,10.0,MEDICAL,24000,0.28,0,3,7727.272727272727,0.23942867191808745,Medium Risk,0,Consider manual review
26,35000,OWN,1.0,VENTURE,4175,0.12,0,4,17500.0,0.007849104801625904,Low Risk,0,"Consider approval, subject to lender policy"
22,21216,RENT,0.0,MEDICAL,1500,0.07,0,2,21216.0,0.1833444062712154,Medium Risk,0,Consider manual review
30,40556,RENT,12.0,EDUCATION,8500,0.21,1,7,3119.6923076923076,0.2429902099298736,Medium Risk,0,Consider manual review
35,28000,OWN,3.0,VENTURE,7600,0.27,0,10,7000.0,0.013392278096182013,Low Risk,0,"Consider approval, subject to lender policy"
21,18000,RENT,5.0,PERSONAL,1500,0.08,0,4,3000.0,0.2888773811275922,High Risk,1,Additional assessment required
43,55000,RENT,3.0,DEBTCONSOLIDATION,11750,0.21,0,16,13750.0,0.13586101362030853,Low Risk,0,"Consider approval, subject to lender policy"
36,25000,RENT,4.0,MEDICAL,8000,0.32,0,13,5000.0,0.9658407201674173,Very High Risk,1,High-risk application; apply lender policy
21,60000,RENT,6.0,EDUCATION,25000,0.42,0,4,8571.42857142857,0.9642615791876281,Very High Risk,1,High-risk application; apply lender policy
22,95000,MORTGAGE,2.0,DEBTCONSOLIDATION,24000,0.25,0,4,31666.666666666668,0.201927848745686,Medium Risk,0,Consider manual review
25,75000,RENT,4.0,MEDICAL,7000,0.09,0,2,15000.0,0.09265625358165953,Low Risk,0,"Consider approval, subject to lender policy"
25,22800,RENT,1.0,MEDICAL,2400,0.11,0,4,11400.0,0.1888761546832457,Medium Risk,0,Consider manual review
40,38000,RENT,16.0,VENTURE,11000,0.29,0,11,2235.294117647059,0.09293456841471337,Low Risk,0,"Consider approval, subject to lender policy"
33,140000,MORTGAGE,14.0,DEBTCONSOLIDATION,9600,0.07,0,5,9333.333333333334,0.07364781826283953,Low Risk,0,"Consider approval, subject to lender policy"
27,40000,RENT,3.0,EDUCATION,5000,0.13,0,5,10000.0,0.07616273693014487,Low Risk,0,"Consider approval, subject to lender policy"
22,16200,OWN,6.0,PERSONAL,2000,0.12,0,3,2314.285714285714,0.06885665659413039,Low Risk,0,"Consider approval, subject to lender policy"
24,77385,RENT,6.0,DEBTCONSOLIDATION,9200,0.12,0,3,11055.0,0.10841586411265963,Low Risk,0,"Consider approval, subject to lender policy"
27,38300,MORTGAGE,2.0,PERSONAL,6000,0.16,0,10,12766.666666666666,0.09593213884406558,Low Risk,1,"Consider approval, subject to lender policy"
26,105400,MORTGAGE,6.0,MEDICAL,24000,0.19,0,3,15057.142857142857,0.2225150773378127,Medium Risk,1,Consider manual review
26,34800,MORTGAGE,4.0,MEDICAL,5975,0.17,0,4,6960.0,0.31393090049779876,High Risk,0,Additional assessment required
22,48000,MORTGAGE,2.0,VENTURE,13000,0.27,0,3,16000.0,0.07219475851944676,Low Risk,0,"Consider approval, subject to lender policy"
22,90000,RENT,3.0,DEBTCONSOLIDATION,12000,0.13,0,3,22500.0,0.06428469465204756,Low Risk,0,"Consider approval, subject to lender policy"
23,39600,MORTGAGE,8.0,MEDICAL,8250,0.21,0,3,4400.0,0.20576002992346507,Medium Risk,0,Consider manual review
23,35400,RENT,4.0,VENTURE,9600,0.27,0,2,7080.0,0.1018628345293691,Low Risk,0,"Consider approval, subject to lender policy"
28,78500,RENT,2.0,HOMEIMPROVEMENT,5000,0.06,1,6,26166.666666666668,0.4450816253095396,High Risk,0,Additional assessment required
22,50000,RENT,4.0,PERSONAL,10000,0.2,0,3,10000.0,0.09802236890454478,Low Risk,0,"Consider approval, subject to lender policy"
48,185000,MORTGAGE,2.0,VENTURE,10000,0.05,0,14,61666.666666666664,0.03748957206708097,Low Risk,0,"Consider approval, subject to lender policy"
35,34000,RENT,1.0,PERSONAL,9250,0.27,0,10,17000.0,0.4226374649889789,High Risk,1,Additional assessment required
29,53000,MORTGAGE,13.0,DEBTCONSOLIDATION,10750,0.2,0,7,3785.714285714286,0.1471840264295425,Low Risk,0,"Consider approval, subject to lender policy"
37,21000,RENT,19.0,PERSONAL,5000,0.24,0,11,1050.0,0.14524504068034913,Low Risk,0,"Consider approval, subject to lender policy"
40,28800,RENT,3.0,PERSONAL,4200,0.15,1,16,7200.0,0.2477976687340867,Medium Risk,1,Consider manual review
38,50400,RENT,5.0,DEBTCONSOLIDATION,10100,0.2,0,16,8400.0,0.13006138756436925,Low Risk,0,"Consider approval, subject to lender policy"
23,75000,OWN,8.0,VENTURE,8000,0.11,0,2,8333.333333333334,0.006772917383713384,Low Risk,0,"Consider approval, subject to lender policy"
26,155000,MORTGAGE,4.0,MEDICAL,18000,0.12,0,4,31000.0,0.10372322325884052,Low Risk,0,"Consider approval, subject to lender policy"
30,131004,MORTGAGE,14.0,VENTURE,5000,0.04,0,8,8733.6,0.018353977381738787,Low Risk,0,"Consider approval, subject to lender policy"
25,18000,RENT,0.0,DEBTCONSOLIDATION,4000,0.22,1,4,18000.0,0.9650505771747587,Very High Risk,1,High-risk application; apply lender policy
25,21600,RENT,0.0,MEDICAL,5200,0.24,0,3,21600.0,0.1846795441795934,Medium Risk,1,Consider manual review
25,107000,MORTGAGE,4.0,DEBTCONSOLIDATION,24000,0.22,0,2,21400.0,0.20162768149646199,Medium Risk,0,Consider manual review
22,18204,RENT,2.0,DEBTCONSOLIDATION,2500,0.14,0,4,6068.0,0.36514318889219377,High Risk,0,Additional assessment required
35,91000,MORTGAGE,14.0,EDUCATION,4000,0.04,0,9,6066.666666666667,0.03747020640758925,Low Risk,0,"Consider approval, subject to lender policy"
38,313000,MORTGAGE,0.0,DEBTCONSOLIDATION,21600,0.07,1,16,313000.0,0.4039709544755662,High Risk,0,Additional assessment required
24,48000,MORTGAGE,4.0,MEDICAL,4200,0.09,0,4,9600.0,0.15122035837982223,Medium Risk,0,Consider manual review
30,120000,RENT,3.0,HOMEIMPROVEMENT,10000,0.08,0,5,30000.0,0.06245457592550293,Low Risk,0,"Consider approval, subject to lender policy"
32,54000,MORTGAGE,16.0,PERSONAL,11200,0.21,0,9,3176.470588235294,0.10505576945345188,Low Risk,0,"Consider approval, subject to lender policy"
25,25000,RENT,4.0,MEDICAL,1600,0.06,0,3,5000.0,0.1828068230127276,Medium Risk,0,Consider manual review
25,115000,MORTGAGE,7.0,PERSONAL,18000,0.16,0,2,14375.0,0.05251097324117901,Low Risk,0,"Consider approval, subject to lender policy"
29,120000,MORTGAGE,2.0,PERSONAL,20000,0.17,0,6,40000.0,0.057915302560106165,Low Risk,0,"Consider approval, subject to lender policy"
22,40058,MORTGAGE,5.0,VENTURE,6000,0.15,0,2,6676.333333333333,0.034175601689620395,Low Risk,0,"Consider approval, subject to lender policy"
21,28800,RENT,3.0,EDUCATION,6000,0.21,1,4,7200.0,0.2210730733557788,Medium Risk,0,Consider manual review
22,58000,MORTGAGE,1.0,VENTURE,4000,0.07,0,3,29000.0,0.04647324560176069,Low Risk,0,"Consider approval, subject to lender policy"
24,61717,OWN,8.0,PERSONAL,3200,0.05,0,4,6857.444444444444,0.014617928524232382,Low Risk,0,"Consider approval, subject to lender policy"
30,49000,RENT,2.0,PERSONAL,5000,0.1,0,7,16333.333333333334,0.12997237491811392,Low Risk,1,"Consider approval, subject to lender policy"
26,45000,RENT,0.0,DEBTCONSOLIDATION,9000,0.2,0,2,45000.0,0.14637007348353076,Low Risk,0,"Consider approval, subject to lender policy"
29,48712,MORTGAGE,13.0,VENTURE,11050,0.23,0,9,3479.4285714285716,0.050401288312995195,Low Risk,0,"Consider approval, subject to lender policy"
29,67222,MORTGAGE,4.0,DEBTCONSOLIDATION,10000,0.15,0,9,13444.4,0.111165103329842,Low Risk,0,"Consider approval, subject to lender policy"
41,52000,RENT,2.0,DEBTCONSOLIDATION,5000,0.1,0,13,17333.333333333332,0.1270910104456975,Low Risk,0,"Consider approval, subject to lender policy"
31,24000,OWN,4.0,MEDICAL,2500,0.1,1,7,4800.0,0.08816578725328512,Low Risk,0,"Consider approval, subject to lender policy"
29,33600,RENT,0.0,PERSONAL,9600,0.29,1,7,33600.0,0.5419372093005085,Very High Risk,1,High-risk application; apply lender policy
22,60000,RENT,2.0,MEDICAL,12000,0.2,0,3,20000.0,0.10933729255407582,Low Risk,0,"Consider approval, subject to lender policy"
26,102552,RENT,10.0,MEDICAL,5600,0.05,0,3,9322.90909090909,0.06742212682744739,Low Risk,0,"Consider approval, subject to lender policy"
26,30000,MORTGAGE,3.0,HOMEIMPROVEMENT,15000,0.5,0,2,7500.0,0.2795005783673403,High Risk,0,Additional assessment required
25,68000,OWN,8.0,HOMEIMPROVEMENT,6000,0.09,0,4,7555.555555555556,0.01407621163228371,Low Risk,0,"Consider approval, subject to lender policy"
29,70000,MORTGAGE,12.0,HOMEIMPROVEMENT,7000,0.1,0,10,5384.615384615385,0.06463462338213012,Low Risk,0,"Consider approval, subject to lender policy"
25,5000,RENT,0.0,EDUCATION,1000,0.2,0,4,5000.0,0.9442066403059411,Very High Risk,1,High-risk application; apply lender policy
26,48500,MORTGAGE,9.0,HOMEIMPROVEMENT,13000,0.27,0,3,4850.0,0.13286212743530623,Low Risk,0,"Consider approval, subject to lender policy"
24,70000,MORTGAGE,8.0,HOMEIMPROVEMENT,4800,0.07,0,2,7777.777777777777,0.06748777081815735,Low Risk,0,"Consider approval, subject to lender policy"
26,45000,MORTGAGE,5.0,PERSONAL,14650,0.33,0,2,7500.0,0.16542008259847782,Medium Risk,0,Consider manual review
33,102996,MORTGAGE,4.0,EDUCATION,6000,0.06,0,8,20599.2,0.035313066245107105,Low Risk,0,"Consider approval, subject to lender policy"
33,78000,MORTGAGE,17.0,VENTURE,10000,0.13,0,10,4333.333333333333,0.03945202721483758,Low Risk,0,"Consider approval, subject to lender policy"
28,12000,RENT,1.0,HOMEIMPROVEMENT,1000,0.08,1,9,6000.0,0.8669307955807388,Very High Risk,1,High-risk application; apply lender policy
23,80000,MORTGAGE,5.0,VENTURE,2000,0.03,0,4,13333.333333333334,0.016785409520813963,Low Risk,0,"Consider approval, subject to lender policy"
28,34000,MORTGAGE,2.0,MEDICAL,8000,0.24,0,9,11333.333333333334,0.35236439097096917,High Risk,1,Additional assessment required
23,60000,OWN,0.0,PERSONAL,8000,0.13,0,3,60000.0,0.014668600446362319,Low Risk,0,"Consider approval, subject to lender policy"
25,65000,RENT,4.0,HOMEIMPROVEMENT,15000,0.23,1,3,13000.0,0.282104578136016,High Risk,0,Additional assessment required
27,42000,RENT,6.0,DEBTCONSOLIDATION,3000,0.07,1,7,6000.0,0.4550960153920697,Very High Risk,0,High-risk application; apply lender policy
23,125000,MORTGAGE,7.0,MEDICAL,10000,0.08,0,2,15625.0,0.08263149335232325,Low Risk,0,"Consider approval, subject to lender policy"
28,74400,MORTGAGE,3.0,HOMEIMPROVEMENT,20000,0.27,0,8,18600.0,0.11730548515989263,Low Risk,1,"Consider approval, subject to lender policy"
30,172000,MORTGAGE,13.0,VENTURE,20000,0.12,0,8,12285.714285714286,0.024419245985227968,Low Risk,0,"Consider approval, subject to lender policy"
27,70000,RENT,4.0,MEDICAL,7500,0.11,0,5,14000.0,0.0985004299645177,Low Risk,0,"Consider approval, subject to lender policy"
47,305000,MORTGAGE,6.0,HOMEIMPROVEMENT,10000,0.03,1,12,43571.42857142857,0.11756676251198614,Low Risk,0,"Consider approval, subject to lender policy"
25,12000,RENT,3.0,DEBTCONSOLIDATION,4350,0.36,1,4,3000.0,0.9954366135410094,Very High Risk,1,High-risk application; apply lender policy
26,55000,RENT,1.0,EDUCATION,3200,0.06,0,3,27500.0,0.11739077444218583,Low Risk,0,"Consider approval, subject to lender policy"
26,38400,OWN,1.0,PERSONAL,15500,0.4,0,3,19200.0,0.04502981140443122,Low Risk,0,"Consider approval, subject to lender policy"
25,52000,RENT,1.0,DEBTCONSOLIDATION,3000,0.06,1,4,26000.0,0.3995482985188343,High Risk,0,Additional assessment required
32,70000,MORTGAGE,8.0,PERSONAL,1800,0.03,1,6,7777.777777777777,0.133871046544463,Low Risk,0,"Consider approval, subject to lender policy"
25,30000,RENT,6.0,DEBTCONSOLIDATION,8000,0.27,0,3,4285.714285714285,0.3038850757704062,High Risk,0,Additional assessment required
22,100000,RENT,3.0,DEBTCONSOLIDATION,1200,0.01,0,4,25000.0,0.06534775827117073,Low Risk,0,"Consider approval, subject to lender policy"
23,60000,MORTGAGE,7.0,DEBTCONSOLIDATION,7200,0.12,0,2,7500.0,0.1238338884699912,Low Risk,0,"Consider approval, subject to lender policy"
26,48000,RENT,1.0,PERSONAL,15000,0.31,1,3,24000.0,0.9733058254912725,Very High Risk,1,High-risk application; apply lender policy
37,43000,RENT,1.0,VENTURE,4200,0.1,1,14,21500.0,0.32341332641102805,High Risk,0,Additional assessment required
32,62000,RENT,8.0,VENTURE,10000,0.16,1,7,6888.888888888889,0.153729400060892,Medium Risk,1,Consider manual review
37,24500,RENT,0.0,PERSONAL,2400,0.1,0,11,24500.0,0.17775530523822877,Medium Risk,0,Consider manual review
24,112000,MORTGAGE,0.0,EDUCATION,3000,0.03,0,3,112000.0,0.052753918381183075,Low Risk,0,"Consider approval, subject to lender policy"
37,58000,RENT,9.0,VENTURE,18200,0.31,0,17,5800.0,0.9432283772105704,Very High Risk,1,High-risk application; apply lender policy
31,30000,RENT,10.0,VENTURE,4400,0.15,0,8,2727.2727272727275,0.10736318863149481,Low Risk,0,"Consider approval, subject to lender policy"
24,69000,MORTGAGE,3.0,PERSONAL,11000,0.16,0,3,17250.0,0.05943955437104525,Low Risk,0,"Consider approval, subject to lender policy"
40,142000,MORTGAGE,8.0,VENTURE,15000,0.11,0,14,15777.777777777777,0.024627426408055014,Low Risk,0,"Consider approval, subject to lender policy"
24,60000,MORTGAGE,8.0,DEBTCONSOLIDATION,14000,0.23,0,2,6666.666666666667,0.13621322333036484,Low Risk,0,"Consider approval, subject to lender policy"
45,45000,MORTGAGE,14.0,HOMEIMPROVEMENT,14000,0.31,0,12,3000.0,0.19343875400364086,Medium Risk,0,Consider manual review
48,15000,RENT,4.0,DEBTCONSOLIDATION,2000,0.13,1,14,3000.0,0.4975435754353704,Very High Risk,0,High-risk application; apply lender policy
24,47928,RENT,1.0,MEDICAL,6000,0.13,0,3,23964.0,0.1322144978607077,Low Risk,0,"Consider approval, subject to lender policy"
22,49000,RENT,1.0,HOMEIMPROVEMENT,10500,0.21,0,2,24500.0,0.7782814202684188,Very High Risk,1,High-risk application; apply lender policy
31,30000,MORTGAGE,15.0,DEBTCONSOLIDATION,11225,0.37,1,6,1875.0,0.4904430484762048,Very High Risk,1,High-risk application; apply lender policy
23,23500,RENT,4.0,EDUCATION,3000,0.13,1,2,4700.0,0.2132440363726293,Medium Risk,0,Consider manual review
26,84000,MORTGAGE,6.0,HOMEIMPROVEMENT,2150,0.03,0,2,12000.0,0.05096568558974896,Low Risk,0,"Consider approval, subject to lender policy"
23,54000,RENT,2.0,PERSONAL,20000,0.37,0,2,18000.0,0.9758416706967139,Very High Risk,1,High-risk application; apply lender policy
26,51600,OWN,10.0,HOMEIMPROVEMENT,15000,0.29,0,3,4690.909090909091,0.01969450662748336,Low Risk,0,"Consider approval, subject to lender policy"
24,195000,MORTGAGE,4.0,MEDICAL,5000,0.03,0,3,39000.0,0.07305804104388759,Low Risk,0,"Consider approval, subject to lender policy"
30,35000,RENT,5.0,PERSONAL,1000,0.03,0,6,5833.333333333333,0.08619847808623751,Low Risk,0,"Consider approval, subject to lender policy"
38,61000,RENT,0.0,EDUCATION,1000,0.02,0,12,61000.0,0.08413529058179622,Low Risk,0,"Consider approval, subject to lender policy"
23,65000,MORTGAGE,2.0,DEBTCONSOLIDATION,4400,0.07,0,4,21666.666666666668,0.09520146713617332,Low Risk,0,"Consider approval, subject to lender policy"
26,19500,RENT,0.0,MEDICAL,500,0.03,0,2,19500.0,0.24591724526190464,Medium Risk,0,Consider manual review
22,25000,RENT,6.0,EDUCATION,8000,0.32,0,2,3571.4285714285716,0.9504248430329918,Very High Risk,1,High-risk application; apply lender policy
28,60675,MORTGAGE,6.0,DEBTCONSOLIDATION,14000,0.23,1,10,8667.857142857143,0.4436258267484168,High Risk,1,Additional assessment required
24,50000,RENT,7.0,VENTURE,5000,0.1,0,4,6250.0,0.04924440996708331,Low Risk,0,"Consider approval, subject to lender policy"
38,95000,RENT,9.0,MEDICAL,5000,0.05,1,16,9500.0,0.19002547608960213,Medium Risk,0,Consider manual review
25,19200,OWN,4.0,EDUCATION,3000,0.16,0,4,3840.0,0.9065865209418655,Very High Risk,1,High-risk application; apply lender policy
23,54000,RENT,7.0,EDUCATION,5000,0.09,1,2,6750.0,0.22103149722390106,Medium Risk,1,Consider manual review
29,28000,RENT,9.0,MEDICAL,13200,0.47,0,10,2800.0,0.9727099806619294,Very High Risk,1,High-risk application; apply lender policy
37,74000,RENT,0.0,EDUCATION,8000,0.11,0,15,74000.0,0.13118731744334947,Low Risk,1,"Consider approval, subject to lender policy"
27,45727,MORTGAGE,5.0,EDUCATION,1000,0.02,1,9,7621.166666666667,0.14767395797014668,Low Risk,0,"Consider approval, subject to lender policy"
25,45000,MORTGAGE,0.0,DEBTCONSOLIDATION,4325,0.1,0,3,45000.0,0.12096097521003542,Low Risk,0,"Consider approval, subject to lender policy"
30,42000,RENT,0.0,EDUCATION,2250,0.05,0,7,42000.0,0.12264079101431613,Low Risk,0,"Consider approval, subject to lender policy"
29,64000,RENT,3.0,EDUCATION,15000,0.23,0,6,16000.0,0.08104347180037963,Low Risk,1,"Consider approval, subject to lender policy"
29,40000,RENT,3.0,MEDICAL,14150,0.35,0,7,10000.0,0.9577258503623298,Very High Risk,1,High-risk application; apply lender policy
26,150000,OWN,10.0,VENTURE,24000,0.16,0,4,13636.363636363636,0.014574663365189292,Low Risk,0,"Consider approval, subject to lender policy"
23,35004,RENT,4.0,MEDICAL,5000,0.14,1,3,7000.8,0.28885548909599285,High Risk,0,Additional assessment required
26,84000,RENT,7.0,DEBTCONSOLIDATION,15000,0.18,1,2,10500.0,0.4365997150630482,High Risk,1,Additional assessment required
22,50000,RENT,2.0,VENTURE,7000,0.14,0,3,16666.666666666668,0.09654044088300175,Low Risk,0,"Consider approval, subject to lender policy"
31,34000,RENT,0.0,MEDICAL,12000,0.35,1,9,34000.0,0.9871233234616429,Very High Risk,1,High-risk application; apply lender policy
23,39000,RENT,0.0,PERSONAL,4800,0.12,0,4,39000.0,0.18968568148464723,Medium Risk,1,Consider manual review
29,35000,OWN,0.0,VENTURE,10000,0.29,1,8,35000.0,0.030982428104335064,Low Risk,0,"Consider approval, subject to lender policy"
22,105000,MORTGAGE,6.0,DEBTCONSOLIDATION,3650,0.03,0,3,15000.0,0.07059140380868391,Low Risk,0,"Consider approval, subject to lender policy"
22,37212,RENT,6.0,DEBTCONSOLIDATION,20000,0.54,0,3,5316.0,0.9715767349148274,Very High Risk,1,High-risk application; apply lender policy
23,92004,RENT,2.0,DEBTCONSOLIDATION,8000,0.09,0,4,30668.0,0.07400759428294916,Low Risk,0,"Consider approval, subject to lender policy"
29,160800,RENT,3.0,VENTURE,4800,0.03,0,5,40200.0,0.026954719679973534,Low Risk,0,"Consider approval, subject to lender policy"
24,52000,MORTGAGE,8.0,EDUCATION,3000,0.06,0,4,5777.777777777777,0.07433080053565803,Low Risk,0,"Consider approval, subject to lender policy"
30,78000,RENT,10.0,DEBTCONSOLIDATION,15000,0.19,0,9,7090.909090909091,0.16131429094389582,Medium Risk,1,Consider manual review
28,74000,OWN,12.0,VENTURE,5450,0.07,1,6,5692.307692307692,0.03383683132677253,Low Risk,0,"Consider approval, subject to lender policy"
42,600000,OTHER,2.0,EDUCATION,25000,0.04,0,11,200000.0,0.13100740388962495,Low Risk,0,"Consider approval, subject to lender policy"
27,55000,RENT,0.0,VENTURE,16000,0.29,0,9,55000.0,0.22892018319848512,Medium Risk,0,Consider manual review
32,42000,RENT,4.0,DEBTCONSOLIDATION,5000,0.12,0,9,8400.0,0.1298623313205222,Low Risk,0,"Consider approval, subject to lender policy"
28,73000,MORTGAGE,9.0,DEBTCONSOLIDATION,15600,0.21,0,9,7300.0,0.18290970817468116,Medium Risk,0,Consider manual review
31,62000,RENT,2.0,PERSONAL,12800,0.21,0,7,20666.666666666668,0.10220517144558758,Low Risk,0,"Consider approval, subject to lender policy"
26,56000,MORTGAGE,10.0,EDUCATION,15000,0.27,0,2,5090.909090909091,0.10729059302532051,Low Risk,0,"Consider approval, subject to lender policy"
36,55000,RENT,5.0,VENTURE,7000,0.13,0,16,9166.666666666666,0.05262872030109199,Low Risk,0,"Consider approval, subject to lender policy"
26,70000,MORTGAGE,10.0,HOMEIMPROVEMENT,12000,0.17,0,2,6363.636363636364,0.07146474011121287,Low Risk,0,"Consider approval, subject to lender policy"
26,48000,RENT,2.0,DEBTCONSOLIDATION,6400,0.13,1,3,16000.0,0.4461288432153113,High Risk,0,Additional assessment required
31,73000,RENT,2.0,VENTURE,7000,0.1,0,7,24333.333333333332,0.10157518659228452,Low Risk,0,"Consider approval, subject to lender policy"
28,60000,MORTGAGE,0.0,HOMEIMPROVEMENT,7500,0.13,0,8,60000.0,0.06723174287188209,Low Risk,0,"Consider approval, subject to lender policy"
23,45000,RENT,0.0,VENTURE,2100,0.05,0,4,45000.0,0.09037477723434893,Low Risk,0,"Consider approval, subject to lender policy"
22,83000,OWN,6.0,EDUCATION,25000,0.3,0,2,11857.142857142857,0.023787669248028352,Low Risk,0,"Consider approval, subject to lender policy"
31,65200,MORTGAGE,7.0,DEBTCONSOLIDATION,7000,0.11,0,7,8150.0,0.1126056615482924,Low Risk,0,"Consider approval, subject to lender policy"
22,46000,RENT,4.0,PERSONAL,11000,0.24,0,4,9200.0,0.10297075580871551,Low Risk,0,"Consider approval, subject to lender policy"
21,31970,RENT,2.0,VENTURE,4650,0.15,0,2,10656.666666666666,0.1982118941803673,Medium Risk,0,Consider manual review
22,28000,RENT,0.0,EDUCATION,6975,0.25,0,4,28000.0,0.18099797867302922,Medium Risk,0,Consider manual review
22,36000,RENT,6.0,EDUCATION,4000,0.11,0,2,5142.857142857143,0.09755484272554961,Low Risk,0,"Consider approval, subject to lender policy"
22,37000,RENT,4.0,EDUCATION,5700,0.15,0,4,7400.0,0.10996444398551389,Low Risk,0,"Consider approval, subject to lender policy"
26,71820,RENT,10.0,DEBTCONSOLIDATION,18000,0.25,0,2,6529.090909090909,0.14032685057848185,Low Risk,0,"Consider approval, subject to lender policy"
28,16000,RENT,2.0,DEBTCONSOLIDATION,5000,0.31,1,7,5333.333333333333,0.9937038796562416,Very High Risk,1,High-risk application; apply lender policy
25,44000,RENT,1.0,EDUCATION,15000,0.34,0,3,22000.0,0.9725275878473166,Very High Risk,1,High-risk application; apply lender policy
23,130000,RENT,7.0,VENTURE,25000,0.19,0,4,16250.0,0.08167777789397206,Low Risk,0,"Consider approval, subject to lender policy"
28,46000,RENT,3.0,DEBTCONSOLIDATION,9000,0.2,1,7,11500.0,0.47008313003552016,Very High Risk,1,High-risk application; apply lender policy
24,85000,MORTGAGE,8.0,MEDICAL,25000,0.29,0,3,9444.444444444445,0.24380586070376498,Medium Risk,0,Consider manual review
34,85000,MORTGAGE,19.0,EDUCATION,8500,0.1,1,8,4250.0,0.08762622769502396,Low Risk,0,"Consider approval, subject to lender policy"
33,80000,OWN,12.0,HOMEIMPROVEMENT,9000,0.11,0,7,6153.846153846154,0.010328131813756572,Low Risk,0,"Consider approval, subject to lender policy"
23,30000,MORTGAGE,6.0,EDUCATION,10000,0.33,0,3,4285.714285714285,0.17949790378382763,Medium Risk,0,Consider manual review
33,108000,MORTGAGE,17.0,PERSONAL,7200,0.07,1,6,6000.0,0.10879479571571156,Low Risk,0,"Consider approval, subject to lender policy"
26,82400,RENT,10.0,VENTURE,2500,0.03,0,3,7490.909090909091,0.0277636728649474,Low Risk,0,"Consider approval, subject to lender policy"
27,137720,MORTGAGE,6.0,DEBTCONSOLIDATION,13000,0.09,0,9,19674.285714285714,0.07221651417896037,Low Risk,0,"Consider approval, subject to lender policy"
22,75000,RENT,4.0,EDUCATION,3000,0.04,0,2,15000.0,0.04907763693444317,Low Risk,0,"Consider approval, subject to lender policy"
23,38000,RENT,3.0,MEDICAL,4000,0.11,0,4,9500.0,0.1416682956637049,Low Risk,0,"Consider approval, subject to lender policy"
23,65000,RENT,0.0,VENTURE,7000,0.11,0,2,65000.0,0.07224640256027595,Low Risk,0,"Consider approval, subject to lender policy"
25,44000,RENT,4.0,EDUCATION,6375,0.14,0,2,8800.0,0.09027796089972888,Low Risk,0,"Consider approval, subject to lender policy"
35,40000,OWN,5.0,VENTURE,8000,0.2,0,7,6666.666666666667,0.0072616785045774655,Low Risk,0,"Consider approval, subject to lender policy"
23,42900,OWN,6.0,MEDICAL,1000,0.02,0,3,6128.571428571428,0.030883896930908074,Low Risk,0,"Consider approval, subject to lender policy"
22,35496,RENT,6.0,VENTURE,10200,0.29,1,3,5070.857142857143,0.2518785831233637,High Risk,0,Additional assessment required
38,36400,RENT,1.0,PERSONAL,6000,0.16,1,17,18200.0,0.3718178491441582,High Risk,0,Additional assessment required
30,60000,OWN,11.0,EDUCATION,20000,0.33,0,9,5000.0,0.04136767865294889,Low Risk,0,"Consider approval, subject to lender policy"
40,73000,RENT,2.0,PERSONAL,9975,0.14,1,17,24333.333333333332,0.36094633715588,High Risk,1,Additional assessment required
31,78504,RENT,2.0,EDUCATION,10000,0.13,0,7,26168.0,0.1075813232400586,Low Risk,0,"Consider approval, subject to lender policy"
45,24600,RENT,8.0,EDUCATION,9000,0.37,0,14,2733.3333333333335,0.9631356669592703,Very High Risk,1,High-risk application; apply lender policy
33,25000,MORTGAGE,0.0,DEBTCONSOLIDATION,3000,0.12,1,10,25000.0,0.38541981714660956,High Risk,0,Additional assessment required
25,60000,OWN,1.0,DEBTCONSOLIDATION,10000,0.17,0,3,30000.0,0.07568832677415238,Low Risk,0,"Consider approval, subject to lender policy"
24,52000,MORTGAGE,8.0,EDUCATION,5000,0.1,0,4,5777.777777777777,0.07433080053565803,Low Risk,1,"Consider approval, subject to lender policy"
24,68000,MORTGAGE,7.0,EDUCATION,6000,0.09,0,2,8500.0,0.052157829949211115,Low Risk,0,"Consider approval, subject to lender policy"
40,81120,MORTGAGE,1.0,EDUCATION,24000,0.3,0,15,40560.0,0.12140811427810819,Low Risk,0,"Consider approval, subject to lender policy"
28,108000,MORTGAGE,6.0,PERSONAL,27400,0.25,0,8,15428.57142857143,0.09382855065115733,Low Risk,0,"Consider approval, subject to lender policy"
21,48000,RENT,1.0,DEBTCONSOLIDATION,1800,0.04,1,2,24000.0,0.42193917426765365,High Risk,0,Additional assessment required
38,120000,RENT,3.0,DEBTCONSOLIDATION,10000,0.08,1,12,30000.0,0.31176575268044815,High Risk,0,Additional assessment required
28,40500,RENT,9.0,DEBTCONSOLIDATION,15000,0.37,0,5,4050.0,0.9713569288122312,Very High Risk,1,High-risk application; apply lender policy
28,35000,RENT,0.0,PERSONAL,3000,0.09,0,8,35000.0,0.10919702016352151,Low Risk,1,"Consider approval, subject to lender policy"
33,53004,RENT,0.0,EDUCATION,20000,0.38,1,9,53004.0,0.9778901045732548,Very High Risk,1,High-risk application; apply lender policy
21,16200,RENT,2.0,MEDICAL,2200,0.14,0,2,5400.0,0.3759958652519169,High Risk,1,Additional assessment required
23,66500,RENT,0.0,VENTURE,5675,0.09,0,2,66500.0,0.08060462282591732,Low Risk,0,"Consider approval, subject to lender policy"
25,120000,MORTGAGE,9.0,PERSONAL,10000,0.08,0,3,12000.0,0.039851143121511445,Low Risk,0,"Consider approval, subject to lender policy"
23,72000,MORTGAGE,5.0,PERSONAL,8700,0.12,0,4,12000.0,0.05653834672948592,Low Risk,0,"Consider approval, subject to lender policy"
23,58000,RENT,4.0,EDUCATION,8000,0.14,0,4,11600.0,0.09119551701217186,Low Risk,0,"Consider approval, subject to lender policy"
35,88000,RENT,2.0,PERSONAL,13600,0.15,0,6,29333.333333333332,0.07594218149436356,Low Risk,0,"Consider approval, subject to lender policy"
29,44991,MORTGAGE,13.0,MEDICAL,5000,0.11,1,8,3213.6428571428573,0.4409476414744909,High Risk,0,Additional assessment required
39,50000,MORTGAGE,1.0,EDUCATION,8000,0.16,0,14,25000.0,0.08344276816493164,Low Risk,0,"Consider approval, subject to lender policy"
30,60000,MORTGAGE,0.0,HOMEIMPROVEMENT,6000,0.1,0,8,60000.0,0.06723174287188209,Low Risk,0,"Consider approval, subject to lender policy"
29,250000,MORTGAGE,5.0,PERSONAL,10000,0.04,0,10,41666.666666666664,0.042997366584991495,Low Risk,0,"Consider approval, subject to lender policy"
34,84000,MORTGAGE,15.0,PERSONAL,9250,0.11,0,8,5250.0,0.05095526017044486,Low Risk,0,"Consider approval, subject to lender policy"
22,38004,RENT,0.0,MEDICAL,4100,0.11,0,4,38004.0,0.13939521025467663,Low Risk,0,"Consider approval, subject to lender policy"
28,50400,RENT,8.0,VENTURE,18500,0.37,0,6,5600.0,0.9539906959566568,Very High Risk,1,High-risk application; apply lender policy
30,75000,RENT,6.0,MEDICAL,12325,0.16,0,6,10714.285714285714,0.08642011892726421,Low Risk,0,"Consider approval, subject to lender policy"
30,46000,OWN,10.0,HOMEIMPROVEMENT,11200,0.24,1,10,4181.818181818182,0.042072326409547146,Low Risk,0,"Consider approval, subject to lender policy"
30,40000,RENT,9.0,EDUCATION,9000,0.23,1,5,4000.0,0.1985651980530243,Medium Risk,0,Consider manual review
39,75000,MORTGAGE,6.0,DEBTCONSOLIDATION,16000,0.21,0,14,10714.285714285714,0.11305867684129307,Low Risk,0,"Consider approval, subject to lender policy"
24,65000,RENT,3.0,EDUCATION,3500,0.05,0,3,16250.0,0.06363591072120627,Low Risk,0,"Consider approval, subject to lender policy"
30,38000,RENT,0.0,MEDICAL,12800,0.34,0,8,38000.0,0.9606940404208216,Very High Risk,1,High-risk application; apply lender policy
23,30000,MORTGAGE,4.0,DEBTCONSOLIDATION,4800,0.16,0,3,6000.0,0.2333025585722915,Medium Risk,1,Consider manual review
29,107000,MORTGAGE,3.0,PERSONAL,25000,0.23,0,5,26750.0,0.09881670739441531,Low Risk,0,"Consider approval, subject to lender policy"
23,150000,RENT,4.0,EDUCATION,25000,0.17,0,3,30000.0,0.10184561325724442,Low Risk,0,"Consider approval, subject to lender policy"
29,98000,MORTGAGE,13.0,HOMEIMPROVEMENT,14000,0.14,0,5,7000.0,0.0432437214315923,Low Risk,0,"Consider approval, subject to lender policy"
23,99200,MORTGAGE,7.0,DEBTCONSOLIDATION,23000,0.23,0,4,12400.0,0.18963481387709177,Medium Risk,0,Consider manual review
30,31500,RENT,0.0,MEDICAL,12250,0.39,0,5,31500.0,0.9682781467687046,Very High Risk,1,High-risk application; apply lender policy
31,95000,MORTGAGE,5.0,HOMEIMPROVEMENT,15000,0.16,0,5,15833.333333333334,0.04641696224377817,Low Risk,0,"Consider approval, subject to lender policy"
24,40000,MORTGAGE,8.0,EDUCATION,3000,0.07,0,2,4444.444444444444,0.06628428545632331,Low Risk,0,"Consider approval, subject to lender policy"
49,61776,MORTGAGE,1.0,PERSONAL,12000,0.19,0,12,30888.0,0.07255598519117723,Low Risk,0,"Consider approval, subject to lender policy"
26,105000,MORTGAGE,3.0,VENTURE,25000,0.24,0,3,26250.0,0.0625427965806349,Low Risk,0,"Consider approval, subject to lender policy"
23,40000,RENT,3.0,EDUCATION,8000,0.2,0,3,10000.0,0.07851888841002869,Low Risk,0,"Consider approval, subject to lender policy"
24,45000,MORTGAGE,0.0,MEDICAL,3000,0.07,0,3,45000.0,0.1400238235597117,Low Risk,0,"Consider approval, subject to lender policy"
22,45000,RENT,4.0,DEBTCONSOLIDATION,5400,0.12,0,2,9000.0,0.1334338178348173,Low Risk,0,"Consider approval, subject to lender policy"
25,31000,RENT,1.0,HOMEIMPROVEMENT,6450,0.21,1,3,15500.0,0.8905238296552835,Very High Risk,1,High-risk application; apply lender policy
40,32878,RENT,6.0,HOMEIMPROVEMENT,13775,0.42,0,11,4696.857142857143,0.9798022320471108,Very High Risk,1,High-risk application; apply lender policy
23,94800,MORTGAGE,7.0,DEBTCONSOLIDATION,6000,0.06,1,3,11850.0,0.29468140989836317,High Risk,0,Additional assessment required
22,43000,MORTGAGE,0.0,PERSONAL,6650,0.15,0,3,43000.0,0.09227504671598938,Low Risk,0,"Consider approval, subject to lender policy"
28,36928,OWN,2.0,MEDICAL,7800,0.21,1,9,12309.333333333334,0.09771954329279685,Low Risk,0,"Consider approval, subject to lender policy"
27,30000,RENT,0.0,MEDICAL,5000,0.17,0,8,30000.0,0.22573045971480366,Medium Risk,0,Consider manual review
27,35000,RENT,0.0,EDUCATION,12000,0.34,0,6,35000.0,0.948004071701569,Very High Risk,1,High-risk application; apply lender policy
39,48500,RENT,1.0,PERSONAL,5000,0.1,0,13,24250.0,0.1264183104349044,Low Risk,0,"Consider approval, subject to lender policy"
29,46000,MORTGAGE,3.0,VENTURE,6000,0.13,0,5,11500.0,0.03540547998608064,Low Risk,0,"Consider approval, subject to lender policy"
25,83000,RENT,3.0,EDUCATION,9600,0.12,0,2,20750.0,0.05251423306324706,Low Risk,0,"Consider approval, subject to lender policy"
29,84000,OWN,11.0,EDUCATION,15000,0.18,0,10,7000.0,0.013274745496251489,Low Risk,0,"Consider approval, subject to lender policy"
30,28800,RENT,9.0,MEDICAL,2000,0.07,0,10,2880.0,0.17403350419891747,Medium Risk,0,Consider manual review
26,51000,RENT,10.0,PERSONAL,5000,0.1,0,2,4636.363636363636,0.10793757873418683,Low Risk,1,"Consider approval, subject to lender policy"
26,51000,RENT,3.0,DEBTCONSOLIDATION,3500,0.07,1,4,12750.0,0.4139765850425685,High Risk,1,Additional assessment required
22,59000,RENT,2.0,PERSONAL,21000,0.36,0,3,19666.666666666668,0.9809551765652352,Very High Risk,1,High-risk application; apply lender policy
24,62500,MORTGAGE,8.0,DEBTCONSOLIDATION,16000,0.26,0,3,6944.444444444444,0.1678899050578426,Medium Risk,0,Consider manual review
25,23712,RENT,9.0,MEDICAL,1000,0.04,0,2,2371.2,0.20178661508607978,Medium Risk,0,Consider manual review
24,60000,RENT,4.0,MEDICAL,10000,0.17,0,4,12000.0,0.10331907631313632,Low Risk,0,"Consider approval, subject to lender policy"
22,69383,MORTGAGE,6.0,PERSONAL,8500,0.12,1,3,9911.857142857143,0.14936347191497276,Low Risk,0,"Consider approval, subject to lender policy"
30,95000,MORTGAGE,0.0,PERSONAL,6000,0.06,1,7,95000.0,0.15243714914721168,Medium Risk,0,Consider manual review
40,35827,RENT,13.0,MEDICAL,5000,0.14,0,16,2559.0714285714284,0.14727239558050542,Low Risk,0,"Consider approval, subject to lender policy"
22,32484,MORTGAGE,6.0,HOMEIMPROVEMENT,6250,0.19,0,4,4640.571428571428,0.8626612080245496,Very High Risk,1,High-risk application; apply lender policy
31,58000,MORTGAGE,0.0,EDUCATION,3625,0.06,0,5,58000.0,0.08827311018488988,Low Risk,0,"Consider approval, subject to lender policy"
25,60000,MORTGAGE,2.0,EDUCATION,10000,0.17,0,3,20000.0,0.061060200733314265,Low Risk,0,"Consider approval, subject to lender policy"
37,84000,MORTGAGE,11.0,HOMEIMPROVEMENT,8225,0.1,1,11,7000.0,0.13495470531439877,Low Risk,0,"Consider approval, subject to lender policy"
23,85000,RENT,5.0,MEDICAL,6700,0.08,1,2,14166.666666666666,0.1901984663179165,Medium Risk,0,Consider manual review
24,29200,MORTGAGE,6.0,DEBTCONSOLIDATION,2500,0.09,0,2,4171.428571428572,0.2647850374744994,High Risk,0,Additional assessment required
29,39996,RENT,3.0,PERSONAL,7000,0.18,0,6,9999.0,0.08791767880063076,Low Risk,0,"Consider approval, subject to lender policy"
25,58000,RENT,5.0,VENTURE,6900,0.12,0,4,9666.666666666666,0.05262872030109199,Low Risk,0,"Consider approval, subject to lender policy"
24,30000,RENT,1.0,EDUCATION,12300,0.41,0,2,15000.0,0.9703067140339565,Very High Risk,1,High-risk application; apply lender policy
24,105000,MORTGAGE,8.0,HOMEIMPROVEMENT,5600,0.05,0,4,11666.666666666666,0.040768281027077385,Low Risk,0,"Consider approval, subject to lender policy"
23,58000,RENT,4.0,EDUCATION,8000,0.14,0,2,11600.0,0.0883722287960371,Low Risk,0,"Consider approval, subject to lender policy"
24,83100,RENT,5.0,HOMEIMPROVEMENT,5000,0.06,0,3,13850.0,0.07100456057132558,Low Risk,0,"Consider approval, subject to lender policy"
25,60000,MORTGAGE,9.0,EDUCATION,12000,0.2,0,3,6000.0,0.061583196538361966,Low Risk,0,"Consider approval, subject to lender policy"
32,47000,RENT,2.0,EDUCATION,8000,0.17,0,9,15666.666666666666,0.1288161766301857,Low Risk,0,"Consider approval, subject to lender policy"
26,70000,MORTGAGE,1.0,VENTURE,25000,0.36,0,4,35000.0,0.20206323369674134,Medium Risk,0,Consider manual review
27,51000,RENT,1.0,HOMEIMPROVEMENT,2000,0.04,0,6,25500.0,0.20671564353600866,Medium Risk,0,Consider manual review
24,29000,MORTGAGE,8.0,PERSONAL,1450,0.05,0,4,3222.222222222222,0.19309519398737515,Medium Risk,1,Consider manual review
27,42000,OWN,4.0,EDUCATION,10000,0.24,0,7,8400.0,0.01242043893258309,Low Risk,0,"Consider approval, subject to lender policy"
22,29244,RENT,0.0,DEBTCONSOLIDATION,3000,0.1,1,2,29244.0,0.5647579229527614,Very High Risk,1,High-risk application; apply lender policy
23,40000,RENT,3.0,EDUCATION,8000,0.2,0,2,10000.0,0.07605520815258517,Low Risk,0,"Consider approval, subject to lender policy"
23,50205,MORTGAGE,7.0,DEBTCONSOLIDATION,5300,0.11,0,4,6275.625,0.13486015182472877,Low Risk,0,"Consider approval, subject to lender policy"
26,36000,MORTGAGE,3.0,EDUCATION,11000,0.31,0,4,9000.0,0.14646327804348117,Low Risk,1,"Consider approval, subject to lender policy"
23,33504,RENT,5.0,VENTURE,12000,0.36,1,4,5584.0,0.9660381653354289,Very High Risk,1,High-risk application; apply lender policy
28,48000,OWN,1.0,EDUCATION,12000,0.25,0,7,24000.0,0.014468754670954806,Low Risk,0,"Consider approval, subject to lender policy"
24,58000,MORTGAGE,8.0,DEBTCONSOLIDATION,15700,0.27,0,3,6444.444444444444,0.18975380187144608,Medium Risk,0,Consider manual review
28,60000,RENT,3.0,EDUCATION,2000,0.03,0,6,15000.0,0.06363591072120627,Low Risk,0,"Consider approval, subject to lender policy"
31,46000,RENT,6.0,MEDICAL,9600,0.21,1,5,6571.428571428572,0.36861481025295634,High Risk,1,Additional assessment required
30,98000,MORTGAGE,12.0,VENTURE,12000,0.12,0,7,7538.461538461538,0.020161003040072796,Low Risk,0,"Consider approval, subject to lender policy"
24,72000,RENT,4.0,VENTURE,18000,0.25,0,2,14400.0,0.06327452458380939,Low Risk,0,"Consider approval, subject to lender policy"
25,57000,OWN,9.0,MEDICAL,12000,0.21,0,3,5700.0,0.02836297853482262,Low Risk,0,"Consider approval, subject to lender policy"
66,42000,RENT,2.0,MEDICAL,6475,0.15,0,30,14000.0,0.14424260327872848,Low Risk,0,"Consider approval, subject to lender policy"
23,60000,OWN,7.0,VENTURE,11500,0.19,0,4,7500.0,0.008223572281258806,Low Risk,0,"Consider approval, subject to lender policy"
21,25000,MORTGAGE,2.0,PERSONAL,3600,0.14,0,4,8333.333333333334,0.12405576577153594,Low Risk,0,"Consider approval, subject to lender policy"
22,80000,MORTGAGE,6.0,EDUCATION,16000,0.2,0,3,11428.57142857143,0.04018650440161065,Low Risk,0,"Consider approval, subject to lender policy"
39,70000,MORTGAGE,7.0,PERSONAL,12500,0.18,0,12,8750.0,0.059607036099083445,Low Risk,0,"Consider approval, subject to lender policy"
34,285000,RENT,5.0,EDUCATION,21000,0.07,0,10,47500.0,0.06640824632007508,Low Risk,0,"Consider approval, subject to lender policy"
24,59964,MORTGAGE,0.0,DEBTCONSOLIDATION,1275,0.02,0,4,59964.0,0.0951112622410532,Low Risk,1,"Consider approval, subject to lender policy"
25,40000,MORTGAGE,9.0,MEDICAL,3500,0.09,1,3,4000.0,0.35837432959392956,High Risk,0,Additional assessment required
26,45000,MORTGAGE,2.0,VENTURE,12000,0.27,0,3,15000.0,0.07219475851944676,Low Risk,0,"Consider approval, subject to lender policy"
24,54000,MORTGAGE,9.0,MEDICAL,8525,0.16,0,4,5400.0,0.1913272172987132,Medium Risk,0,Consider manual review
45,36000,RENT,2.0,EDUCATION,6000,0.17,0,12,12000.0,0.13372080217733667,Low Risk,0,"Consider approval, subject to lender policy"
31,150000,RENT,0.0,HOMEIMPROVEMENT,12000,0.08,0,9,150000.0,0.11800156743848728,Low Risk,0,"Consider approval, subject to lender policy"
47,33888,MORTGAGE,5.0,PERSONAL,7000,0.21,0,13,5648.0,0.1587233183907987,Medium Risk,0,Consider manual review
38,81000,MORTGAGE,3.0,PERSONAL,10000,0.12,1,16,20250.0,0.11061452315768684,Low Risk,0,"Consider approval, subject to lender policy"
26,92652,RENT,4.0,VENTURE,10000,0.11,1,2,18530.4,0.1006006131303462,Low Risk,0,"Consider approval, subject to lender policy"
33,350000,MORTGAGE,0.0,VENTURE,10000,0.03,1,10,350000.0,0.13124973609057822,Low Risk,0,"Consider approval, subject to lender policy"
26,45000,RENT,3.0,EDUCATION,6000,0.13,0,2,11250.0,0.0866274221529846,Low Risk,0,"Consider approval, subject to lender policy"
31,120000,MORTGAGE,8.0,EDUCATION,20000,0.17,0,6,13333.333333333334,0.0425659860051631,Low Risk,0,"Consider approval, subject to lender policy"
25,67000,MORTGAGE,3.0,PERSONAL,3000,0.04,0,3,16750.0,0.055662041742779,Low Risk,0,"Consider approval, subject to lender policy"
37,63000,RENT,0.0,HOMEIMPROVEMENT,4000,0.06,0,13,63000.0,0.1395818199421277,Low Risk,0,"Consider approval, subject to lender policy"
28,84000,RENT,7.0,PERSONAL,25000,0.3,1,7,10500.0,0.3460869443228506,High Risk,0,Additional assessment required
30,77500,MORTGAGE,2.0,DEBTCONSOLIDATION,9000,0.12,0,7,25833.333333333332,0.10446810182831921,Low Risk,0,"Consider approval, subject to lender policy"
29,56500,MORTGAGE,13.0,MEDICAL,14750,0.26,0,8,4035.714285714286,0.19204165520904218,Medium Risk,0,Consider manual review
35,78252,MORTGAGE,19.0,VENTURE,30000,0.38,0,8,3912.6,0.14520365895180276,Low Risk,0,"Consider approval, subject to lender policy"
24,72000,RENT,5.0,HOMEIMPROVEMENT,8000,0.11,0,2,12000.0,0.09602155914794182,Low Risk,0,"Consider approval, subject to lender policy"
22,42996,RENT,3.0,EDUCATION,4000,0.09,0,4,10749.0,0.0895553298913241,Low Risk,0,"Consider approval, subject to lender policy"
47,33600,MORTGAGE,12.0,PERSONAL,10000,0.3,0,12,2584.6153846153848,0.17219553350383754,Medium Risk,0,Consider manual review
24,72000,RENT,5.0,EDUCATION,7400,0.1,1,3,12000.0,0.1550362631231272,Medium Risk,0,Consider manual review
29,125800,RENT,11.0,MEDICAL,9000,0.06,0,8,10483.333333333334,0.07035170723096455,Low Risk,1,"Consider approval, subject to lender policy"
38,40000,OWN,6.0,MEDICAL,9000,0.23,0,16,5714.285714285715,0.025210121916832574,Low Risk,0,"Consider approval, subject to lender policy"
23,147000,MORTGAGE,2.0,MEDICAL,24000,0.16,0,3,49000.0,0.19578473382925543,Medium Risk,0,Consider manual review
22,41504,RENT,6.0,EDUCATION,4800,0.12,0,4,5929.142857142857,0.0947006500231872,Low Risk,0,"Consider approval, subject to lender policy"
26,38000,RENT,0.0,PERSONAL,12000,0.32,0,4,38000.0,0.9516245017293031,Very High Risk,1,High-risk application; apply lender policy
24,15000,RENT,0.0,EDUCATION,2100,0.14,1,4,15000.0,0.37197447739447603,High Risk,0,Additional assessment required
32,60040,RENT,1.0,VENTURE,5000,0.08,0,10,30020.0,0.07168415572304443,Low Risk,0,"Consider approval, subject to lender policy"
22,89800,MORTGAGE,6.0,VENTURE,20000,0.22,0,3,12828.57142857143,0.027875120766943463,Low Risk,0,"Consider approval, subject to lender policy"
36,45600,MORTGAGE,6.0,VENTURE,10000,0.22,1,15,6514.285714285715,0.14676554704878353,Low Risk,0,"Consider approval, subject to lender policy"
29,40000,MORTGAGE,13.0,PERSONAL,25000,0.63,0,7,2857.1428571428573,0.26691322518256466,High Risk,0,Additional assessment required
33,40000,OWN,2.0,MEDICAL,14000,0.35,0,8,13333.333333333334,0.060211436355177624,Low Risk,0,"Consider approval, subject to lender policy"
34,33666,RENT,4.0,PERSONAL,8000,0.24,1,9,6733.2,0.3515307710438906,High Risk,1,Additional assessment required
34,33666,RENT,4.0,DEBTCONSOLIDATION,8000,0.24,1,5,6733.2,0.598498560960512,Very High Risk,1,High-risk application; apply lender policy
30,96600,RENT,3.0,VENTURE,16750,0.17,0,5,24150.0,0.03918572181595712,Low Risk,0,"Consider approval, subject to lender policy"
24,85000,MORTGAGE,8.0,PERSONAL,10400,0.12,0,4,9444.444444444445,0.038462418442158385,Low Risk,0,"Consider approval, subject to lender policy"
24,36000,RENT,5.0,VENTURE,4500,0.13,0,4,6000.0,0.05691888825778562,Low Risk,0,"Consider approval, subject to lender policy"
28,138600,MORTGAGE,10.0,DEBTCONSOLIDATION,12000,0.09,0,7,12600.0,0.07364781826283953,Low Risk,0,"Consider approval, subject to lender policy"
23,101138,MORTGAGE,2.0,EDUCATION,20500,0.2,0,4,33712.666666666664,0.05695335098652102,Low Risk,0,"Consider approval, subject to lender policy"
23,105000,OWN,0.0,VENTURE,5000,0.05,1,3,105000.0,0.03824757523275684,Low Risk,0,"Consider approval, subject to lender policy"
24,58000,RENT,6.0,EDUCATION,12000,0.21,0,2,8285.714285714286,0.09249352081120082,Low Risk,0,"Consider approval, subject to lender policy"
28,43000,RENT,12.0,MEDICAL,5000,0.12,0,9,3307.6923076923076,0.1452849362896863,Low Risk,0,"Consider approval, subject to lender policy"
21,104740,MORTGAGE,5.0,EDUCATION,19200,0.18,0,2,17456.666666666668,0.04206647981150298,Low Risk,0,"Consider approval, subject to lender policy"
42,82000,RENT,6.0,DEBTCONSOLIDATION,22000,0.27,0,12,11714.285714285714,0.16115897448124022,Medium Risk,0,Consider manual review
58,100000,MORTGAGE,6.0,PERSONAL,6000,0.06,0,19,14285.714285714286,0.03813955792488234,Low Risk,0,"Consider approval, subject to lender policy"
27,30000,MORTGAGE,3.0,PERSONAL,5350,0.18,0,6,7500.0,0.1403389049463881,Low Risk,1,"Consider approval, subject to lender policy"
21,27200,RENT,0.0,MEDICAL,5000,0.18,0,3,27200.0,0.17874128833260727,Medium Risk,0,Consider manual review
32,80000,RENT,2.0,VENTURE,25000,0.31,0,8,26666.666666666668,0.9745523899621874,Very High Risk,1,High-risk application; apply lender policy
25,72000,RENT,7.0,DEBTCONSOLIDATION,15000,0.21,0,3,9000.0,0.12315739597570474,Low Risk,0,"Consider approval, subject to lender policy"
21,37000,RENT,0.0,EDUCATION,3000,0.08,0,3,37000.0,0.12524895022104146,Low Risk,0,"Consider approval, subject to lender policy"
23,32535,RENT,6.0,PERSONAL,4000,0.12,0,2,4647.857142857143,0.1949683421879048,Medium Risk,0,Consider manual review
23,42000,RENT,3.0,HOMEIMPROVEMENT,8000,0.19,0,2,10500.0,0.6997783126439869,Very High Risk,1,High-risk application; apply lender policy
21,20000,RENT,4.0,PERSONAL,6400,0.32,0,3,4000.0,0.9501270316024378,Very High Risk,1,High-risk application; apply lender policy
27,180000,MORTGAGE,2.0,PERSONAL,8000,0.04,0,9,60000.0,0.0519528856822804,Low Risk,0,"Consider approval, subject to lender policy"
23,120000,MORTGAGE,7.0,DEBTCONSOLIDATION,15000,0.13,0,4,15000.0,0.08513110547360202,Low Risk,0,"Consider approval, subject to lender policy"
23,120000,MORTGAGE,4.0,EDUCATION,2400,0.02,0,3,24000.0,0.03308851782556335,Low Risk,0,"Consider approval, subject to lender policy"
26,48000,MORTGAGE,10.0,DEBTCONSOLIDATION,11000,0.23,0,3,4363.636363636364,0.15418994965937383,Medium Risk,0,Consider manual review
40,96050,RENT,3.0,MEDICAL,11000,0.1,0,16,24012.5,0.07193694240633915,Low Risk,1,"Consider approval, subject to lender policy"
26,52992,RENT,6.0,HOMEIMPROVEMENT,12800,0.24,0,4,7570.285714285715,0.142872816151731,Low Risk,0,"Consider approval, subject to lender policy"
22,40000,RENT,2.0,EDUCATION,10000,0.25,0,3,13333.333333333334,0.11077373798083494,Low Risk,0,"Consider approval, subject to lender policy"
26,49995,MORTGAGE,10.0,EDUCATION,10000,0.2,0,3,4545.0,0.08387387143342856,Low Risk,0,"Consider approval, subject to lender policy"
30,85000,MORTGAGE,2.0,EDUCATION,25000,0.29,1,8,28333.333333333332,0.3204427916692552,High Risk,0,Additional assessment required
23,60996,RENT,2.0,PERSONAL,4200,0.07,0,2,20332.0,0.09309410670794001,Low Risk,1,"Consider approval, subject to lender policy"
22,76000,RENT,6.0,EDUCATION,7000,0.09,0,2,10857.142857142857,0.06515718584150074,Low Risk,0,"Consider approval, subject to lender policy"
24,65000,RENT,5.0,PERSONAL,15000,0.23,0,2,10833.333333333334,0.09348602317022978,Low Risk,0,"Consider approval, subject to lender policy"
36,62000,MORTGAGE,15.0,DEBTCONSOLIDATION,7500,0.12,0,14,3875.0,0.1195203027787667,Low Risk,0,"Consider approval, subject to lender policy"
28,54000,MORTGAGE,1.0,VENTURE,6250,0.12,0,6,27000.0,0.056139345287593505,Low Risk,0,"Consider approval, subject to lender policy"
28,47000,OWN,5.0,DEBTCONSOLIDATION,13000,0.28,0,9,7833.333333333333,0.09102532477621506,Low Risk,0,"Consider approval, subject to lender policy"
29,61656,RENT,4.0,PERSONAL,15000,0.24,0,9,12331.2,0.08719940882316582,Low Risk,0,"Consider approval, subject to lender policy"
22,137004,MORTGAGE,3.0,VENTURE,10000,0.07,0,2,34251.0,0.022054261866441757,Low Risk,0,"Consider approval, subject to lender policy"
24,97000,RENT,3.0,EDUCATION,8000,0.08,0,3,24250.0,0.04672658568424693,Low Risk,0,"Consider approval, subject to lender policy"
23,60000,RENT,0.0,DEBTCONSOLIDATION,15000,0.25,0,2,60000.0,0.15017270803712718,Medium Risk,0,Consider manual review
22,50985,RENT,4.0,EDUCATION,11000,0.22,0,2,10197.0,0.08492344747996709,Low Risk,0,"Consider approval, subject to lender policy"
22,59000,OTHER,1.0,DEBTCONSOLIDATION,15000,0.25,1,2,29500.0,0.5290184996194012,Very High Risk,1,High-risk application; apply lender policy
26,110000,MORTGAGE,2.0,VENTURE,4500,0.04,0,4,36666.666666666664,0.025463477649798612,Low Risk,0,"Consider approval, subject to lender policy"
22,95000,MORTGAGE,3.0,DEBTCONSOLIDATION,7200,0.08,0,2,23750.0,0.07717354610306228,Low Risk,0,"Consider approval, subject to lender policy"
23,49400,RENT,0.0,EDUCATION,20000,0.4,0,4,49400.0,0.974439135563228,Very High Risk,1,High-risk application; apply lender policy
36,53000,RENT,5.0,HOMEIMPROVEMENT,3150,0.06,0,12,8833.333333333334,0.14205046964739504,Low Risk,0,"Consider approval, subject to lender policy"
29,88000,MORTGAGE,3.0,DEBTCONSOLIDATION,15000,0.17,1,6,22000.0,0.37595815322983683,High Risk,0,Additional assessment required
29,100000,MORTGAGE,2.0,HOMEIMPROVEMENT,20000,0.2,1,10,33333.333333333336,0.17618974187624697,Medium Risk,0,Consider manual review
29,16800,RENT,9.0,HOMEIMPROVEMENT,2750,0.16,1,6,1680.0,0.9871876683376736,Very High Risk,1,High-risk application; apply lender policy
22,39996,OWN,5.0,EDUCATION,3500,0.09,0,2,6666.0,0.01166158507521157,Low Risk,0,"Consider approval, subject to lender policy"
22,46000,RENT,1.0,DEBTCONSOLIDATION,6200,0.13,0,3,23000.0,0.1253327847527389,Low Risk,1,"Consider approval, subject to lender policy"
21,40000,RENT,3.0,VENTURE,5000,0.13,0,4,10000.0,0.0408388328517618,Low Risk,0,"Consider approval, subject to lender policy"
36,21600,OWN,0.0,VENTURE,2100,0.1,0,12,21600.0,0.012204230551700791,Low Risk,0,"Consider approval, subject to lender policy"
48,42000,MORTGAGE,3.0,DEBTCONSOLIDATION,14400,0.34,1,17,10500.0,0.4007495177198918,High Risk,1,Additional assessment required
23,287000,RENT,3.0,EDUCATION,24250,0.08,0,3,71750.0,0.1161721323455421,Low Risk,0,"Consider approval, subject to lender policy"
35,67641,MORTGAGE,6.0,VENTURE,10000,0.15,0,5,9663.0,0.029678448104810316,Low Risk,0,"Consider approval, subject to lender policy"
34,40000,RENT,2.0,PERSONAL,13200,0.33,0,8,13333.333333333334,0.9547738514873935,Very High Risk,1,High-risk application; apply lender policy
22,52000,RENT,1.0,VENTURE,5000,0.1,0,4,26000.0,0.08597369060000504,Low Risk,0,"Consider approval, subject to lender policy"
25,43200,OWN,9.0,VENTURE,13800,0.32,0,2,4320.0,0.02973505803742526,Low Risk,0,"Consider approval, subject to lender policy"
25,24000,RENT,0.0,EDUCATION,1325,0.06,1,2,24000.0,0.31382066680506004,High Risk,1,Additional assessment required
25,195054,MORTGAGE,9.0,HOMEIMPROVEMENT,10000,0.05,0,2,19505.4,0.0429752545419208,Low Risk,0,"Consider approval, subject to lender policy"
28,40000,RENT,2.0,PERSONAL,7500,0.19,0,8,13333.333333333334,0.12351594377536435,Low Risk,0,"Consider approval, subject to lender policy"
21,33000,RENT,5.0,EDUCATION,9000,0.27,0,3,5500.0,0.2180541640826334,Medium Risk,0,Consider manual review
30,38000,OWN,0.0,EDUCATION,6000,0.16,0,7,38000.0,0.015412310910298604,Low Risk,0,"Consider approval, subject to lender policy"
27,72000,RENT,3.0,VENTURE,24000,0.33,0,10,18000.0,0.954064741628006,Very High Risk,1,High-risk application; apply lender policy
25,168000,MORTGAGE,2.0,PERSONAL,35000,0.21,0,2,56000.0,0.1196698654944813,Low Risk,0,"Consider approval, subject to lender policy"
23,47004,RENT,1.0,VENTURE,24000,0.51,0,4,23502.0,0.9755812549490745,Very High Risk,1,High-risk application; apply lender policy
23,54096,RENT,2.0,PERSONAL,4900,0.09,0,2,18032.0,0.16029415893927407,Medium Risk,0,Consider manual review
34,65000,MORTGAGE,8.0,VENTURE,13750,0.21,0,5,7222.222222222223,0.03961761899108751,Low Risk,0,"Consider approval, subject to lender policy"
23,75000,MORTGAGE,7.0,VENTURE,17000,0.23,0,2,9375.0,0.04138851977731251,Low Risk,0,"Consider approval, subject to lender policy"
24,45996,RENT,3.0,EDUCATION,2000,0.04,1,4,11499.0,0.18589303868504636,Medium Risk,0,Consider manual review
30,120000,MORTGAGE,1.0,EDUCATION,4800,0.04,0,8,60000.0,0.04607386319767919,Low Risk,0,"Consider approval, subject to lender policy"
34,109200,MORTGAGE,18.0,EDUCATION,6000,0.05,1,5,5747.368421052632,0.08692798655611557,Low Risk,0,"Consider approval, subject to lender policy"
27,95000,MORTGAGE,11.0,DEBTCONSOLIDATION,18000,0.19,0,9,7916.666666666667,0.09249099726975189,Low Risk,0,"Consider approval, subject to lender policy"
35,96000,MORTGAGE,5.0,MEDICAL,14000,0.15,0,10,16000.0,0.07649776780315648,Low Risk,0,"Consider approval, subject to lender policy"
32,55000,MORTGAGE,14.0,HOMEIMPROVEMENT,16000,0.29,0,7,3666.6666666666665,0.12639326064179304,Low Risk,1,"Consider approval, subject to lender policy"
28,119000,MORTGAGE,2.0,MEDICAL,5325,0.04,0,7,39666.666666666664,0.06722918517179532,Low Risk,0,"Consider approval, subject to lender policy"
29,125000,MORTGAGE,0.0,VENTURE,10000,0.08,0,9,125000.0,0.036199711677160996,Low Risk,0,"Consider approval, subject to lender policy"
25,154000,MORTGAGE,1.0,EDUCATION,21600,0.14,0,3,77000.0,0.08835918628219261,Low Risk,0,"Consider approval, subject to lender policy"
27,38000,RENT,12.0,VENTURE,7000,0.18,0,6,2923.076923076923,0.07768952115570602,Low Risk,0,"Consider approval, subject to lender policy"
35,73000,RENT,0.0,HOMEIMPROVEMENT,15000,0.21,0,8,73000.0,0.27142418325823425,High Risk,1,Additional assessment required
24,98000,RENT,4.0,EDUCATION,14000,0.14,0,3,19600.0,0.04672658568424693,Low Risk,1,"Consider approval, subject to lender policy"
25,130000,MORTGAGE,9.0,PERSONAL,15000,0.12,0,2,13000.0,0.05133014095306625,Low Risk,0,"Consider approval, subject to lender policy"
32,50000,RENT,3.0,HOMEIMPROVEMENT,11100,0.22,0,10,12500.0,0.142872816151731,Low Risk,0,"Consider approval, subject to lender policy"
25,113000,MORTGAGE,4.0,DEBTCONSOLIDATION,5000,0.04,1,2,22600.0,0.300237150557253,High Risk,1,Additional assessment required
24,100000,RENT,1.0,EDUCATION,4600,0.05,0,2,50000.0,0.05566332461205953,Low Risk,0,"Consider approval, subject to lender policy"
37,40080,RENT,7.0,MEDICAL,2350,0.06,0,12,5010.0,0.12004132493647351,Low Risk,0,"Consider approval, subject to lender policy"
35,45000,RENT,3.0,MEDICAL,12000,0.27,0,5,11250.0,0.18343287529913346,Medium Risk,0,Consider manual review
23,45000,RENT,2.0,PERSONAL,12000,0.27,0,3,15000.0,0.1914929484588015,Medium Risk,0,Consider manual review
33,65000,RENT,4.0,VENTURE,1000,0.02,0,9,13000.0,0.03791432024648931,Low Risk,0,"Consider approval, subject to lender policy"
23,70522,RENT,7.0,MEDICAL,9325,0.13,1,3,8815.25,0.2842323546868789,High Risk,0,Additional assessment required
21,37000,OWN,0.0,VENTURE,9250,0.25,0,4,37000.0,0.01046945228266742,Low Risk,0,"Consider approval, subject to lender policy"
23,80000,MORTGAGE,3.0,EDUCATION,6000,0.07,0,4,20000.0,0.031012421371488737,Low Risk,0,"Consider approval, subject to lender policy"
23,75000,MORTGAGE,7.0,EDUCATION,7100,0.09,0,2,9375.0,0.04432382488118095,Low Risk,0,"Consider approval, subject to lender policy"
24,57000,MORTGAGE,5.0,EDUCATION,8000,0.14,0,3,9500.0,0.07741234023041063,Low Risk,0,"Consider approval, subject to lender policy"
33,116000,MORTGAGE,5.0,EDUCATION,15000,0.13,0,7,19333.333333333332,0.043918427563483936,Low Risk,0,"Consider approval, subject to lender policy"
46,305000,MORTGAGE,22.0,VENTURE,20000,0.07,0,13,13260.869565217392,0.022676034772708655,Low Risk,0,"Consider approval, subject to lender policy"
36,100000,MORTGAGE,2.0,EDUCATION,8000,0.08,0,11,33333.333333333336,0.043713997590257556,Low Risk,0,"Consider approval, subject to lender policy"
22,140000,MORTGAGE,6.0,EDUCATION,10000,0.07,0,3,20000.0,0.0353914889067744,Low Risk,0,"Consider approval, subject to lender policy"
23,86500,MORTGAGE,7.0,PERSONAL,14000,0.16,0,3,10812.5,0.0415016685502559,Low Risk,0,"Consider approval, subject to lender policy"
29,48000,RENT,2.0,PERSONAL,15000,0.31,0,8,16000.0,0.9642720938587614,Very High Risk,1,High-risk application; apply lender policy
28,103000,MORTGAGE,4.0,VENTURE,10000,0.1,0,10,20600.0,0.020161003040072796,Low Risk,0,"Consider approval, subject to lender policy"
23,85000,OWN,7.0,PERSONAL,14000,0.16,1,4,10625.0,0.028102758026509023,Low Risk,0,"Consider approval, subject to lender policy"
22,21600,RENT,3.0,MEDICAL,2100,0.1,0,4,5400.0,0.1828068230127276,Medium Risk,0,Consider manual review
22,38000,RENT,6.0,PERSONAL,15000,0.39,0,3,5428.571428571428,0.9586215921754405,Very High Risk,1,High-risk application; apply lender policy
24,72000,RENT,8.0,PERSONAL,3200,0.04,0,3,8000.0,0.06614225665900483,Low Risk,0,"Consider approval, subject to lender policy"
35,132000,MORTGAGE,14.0,PERSONAL,22000,0.17,0,5,8800.0,0.05229049354628214,Low Risk,0,"Consider approval, subject to lender policy"
27,75000,RENT,5.0,PERSONAL,15000,0.2,0,10,12500.0,0.07272316734461953,Low Risk,0,"Consider approval, subject to lender policy"
26,85000,MORTGAGE,0.0,MEDICAL,11600,0.14,0,4,85000.0,0.08559850401581913,Low Risk,0,"Consider approval, subject to lender policy"
32,58800,OWN,16.0,PERSONAL,7000,0.12,0,7,3458.823529411765,0.02320445241698051,Low Risk,0,"Consider approval, subject to lender policy"
22,36000,MORTGAGE,3.0,EDUCATION,5250,0.15,0,4,9000.0,0.07376340782214236,Low Risk,0,"Consider approval, subject to lender policy"
38,34000,RENT,8.0,MEDICAL,9500,0.28,0,15,3777.777777777778,0.3940412342816388,High Risk,1,Additional assessment required
25,170850,MORTGAGE,9.0,MEDICAL,6500,0.03,0,2,17085.0,0.07750153086899794,Low Risk,1,"Consider approval, subject to lender policy"
26,43000,RENT,5.0,MEDICAL,7800,0.18,0,2,7166.666666666667,0.1633320057215265,Medium Risk,0,Consider manual review
37,36000,RENT,2.0,PERSONAL,4800,0.13,0,14,12000.0,0.1432542750992977,Low Risk,0,"Consider approval, subject to lender policy"
24,46000,RENT,0.0,EDUCATION,5975,0.13,1,2,46000.0,0.28327310254132004,High Risk,1,Additional assessment required
22,38000,RENT,5.0,PERSONAL,7500,0.2,0,4,6333.333333333333,0.12021151650717762,Low Risk,0,"Consider approval, subject to lender policy"
21,39900,RENT,0.0,EDUCATION,12000,0.3,0,4,39900.0,0.20041370945875084,Medium Risk,0,Consider manual review
27,73000,MORTGAGE,0.0,HOMEIMPROVEMENT,10500,0.14,0,6,73000.0,0.1050255246907397,Low Risk,1,"Consider approval, subject to lender policy"
30,24000,RENT,14.0,EDUCATION,5000,0.21,0,9,1600.0,0.1356000523895375,Low Risk,1,"Consider approval, subject to lender policy"
24,63000,MORTGAGE,8.0,DEBTCONSOLIDATION,7000,0.11,0,3,7000.0,0.11692330234079584,Low Risk,0,"Consider approval, subject to lender policy"
30,48000,MORTGAGE,13.0,VENTURE,10950,0.23,0,9,3428.5714285714284,0.050401288312995195,Low Risk,0,"Consider approval, subject to lender policy"
22,44664,RENT,5.0,MEDICAL,1200,0.03,1,3,7444.0,0.3408175808896753,High Risk,0,Additional assessment required
42,52800,RENT,3.0,EDUCATION,5600,0.11,0,14,13200.0,0.0850423603544757,Low Risk,0,"Consider approval, subject to lender policy"
28,26000,MORTGAGE,7.0,DEBTCONSOLIDATION,12000,0.46,0,7,3250.0,0.2972249846114701,High Risk,1,Additional assessment required
41,118075,MORTGAGE,5.0,MEDICAL,28000,0.24,0,13,19679.166666666668,0.2422704424162591,Medium Risk,0,Consider manual review
22,64000,OWN,6.0,EDUCATION,15000,0.23,1,4,9142.857142857143,0.031880864427072796,Low Risk,0,"Consider approval, subject to lender policy"
22,32500,RENT,0.0,MEDICAL,12000,0.37,0,2,32500.0,0.9694182467990509,Very High Risk,1,High-risk application; apply lender policy
22,24960,RENT,0.0,VENTURE,2500,0.1,0,2,24960.0,0.1459023408242226,Low Risk,0,"Consider approval, subject to lender policy"
25,55000,RENT,9.0,HOMEIMPROVEMENT,14000,0.25,0,2,5500.0,0.1740050178023806,Medium Risk,0,Consider manual review
28,33400,MORTGAGE,12.0,HOMEIMPROVEMENT,16700,0.5,0,9,2569.230769230769,0.2674440277196697,High Risk,0,Additional assessment required
23,40000,RENT,0.0,EDUCATION,5000,0.13,0,4,40000.0,0.09700058119057194,Low Risk,0,"Consider approval, subject to lender policy"
26,110000,MORTGAGE,5.0,PERSONAL,15000,0.14,0,3,18333.333333333332,0.04739985736627835,Low Risk,0,"Consider approval, subject to lender policy"
24,40800,RENT,5.0,MEDICAL,4800,0.12,1,3,6800.0,0.3288457213143743,High Risk,0,Additional assessment required
25,73000,RENT,2.0,DEBTCONSOLIDATION,6000,0.08,0,4,24333.333333333332,0.1298387658734654,Low Risk,1,"Consider approval, subject to lender policy"
47,37000,MORTGAGE,6.0,PERSONAL,7400,0.2,0,13,5285.714285714285,0.09372137819030946,Low Risk,0,"Consider approval, subject to lender policy"
21,102000,MORTGAGE,0.0,EDUCATION,18000,0.18,0,3,102000.0,0.0710294245570738,Low Risk,0,"Consider approval, subject to lender policy"
27,64000,RENT,3.0,MEDICAL,18000,0.28,0,8,16000.0,0.1998382865386508,Medium Risk,0,Consider manual review
26,54000,RENT,10.0,EDUCATION,5000,0.09,0,2,4909.090909090909,0.11109504861643998,Low Risk,0,"Consider approval, subject to lender policy"
29,65061,MORTGAGE,13.0,PERSONAL,12000,0.18,0,5,4647.214285714285,0.06636771579240851,Low Risk,0,"Consider approval, subject to lender policy"
26,54000,MORTGAGE,10.0,HOMEIMPROVEMENT,3600,0.07,0,4,4909.090909090909,0.12692728332777065,Low Risk,1,"Consider approval, subject to lender policy"
33,51000,RENT,17.0,MEDICAL,5000,0.1,1,9,2833.3333333333335,0.36471675151129557,High Risk,1,Additional assessment required
25,44000,RENT,0.0,MEDICAL,9000,0.2,0,3,44000.0,0.1518844848393764,Medium Risk,0,Consider manual review
31,60682,RENT,3.0,VENTURE,8650,0.14,0,8,15170.5,0.041565599707095696,Low Risk,0,"Consider approval, subject to lender policy"
28,95000,MORTGAGE,0.0,HOMEIMPROVEMENT,5000,0.05,0,5,95000.0,0.06073379749772591,Low Risk,0,"Consider approval, subject to lender policy"
40,132000,RENT,18.0,DEBTCONSOLIDATION,11200,0.08,0,12,6947.368421052632,0.07235275513828633,Low Risk,0,"Consider approval, subject to lender policy"
24,25000,MORTGAGE,3.0,DEBTCONSOLIDATION,7000,0.28,0,2,6250.0,0.23081503021057082,Medium Risk,0,Consider manual review
38,89000,MORTGAGE,11.0,EDUCATION,10000,0.11,0,13,7416.666666666667,0.04884146502743526,Low Risk,0,"Consider approval, subject to lender policy"
23,92500,RENT,6.0,VENTURE,2500,0.03,0,3,13214.285714285714,0.025826047283010026,Low Risk,0,"Consider approval, subject to lender policy"
34,52809,RENT,18.0,VENTURE,13000,0.25,0,9,2779.4210526315787,0.06650893046349485,Low Risk,0,"Consider approval, subject to lender policy"
37,77000,MORTGAGE,2.0,VENTURE,15000,0.19,0,15,25666.666666666668,0.06480271620660029,Low Risk,0,"Consider approval, subject to lender policy"
21,15300,RENT,5.0,HOMEIMPROVEMENT,3150,0.21,0,4,2550.0,0.998406750010681,Very High Risk,1,High-risk application; apply lender policy
30,32000,RENT,0.0,MEDICAL,6000,0.19,0,9,32000.0,0.23399169102937187,Medium Risk,0,Consider manual review
22,60000,MORTGAGE,6.0,PERSONAL,12900,0.21,0,4,8571.42857142857,0.06180919892295458,Low Risk,0,"Consider approval, subject to lender policy"
24,63000,MORTGAGE,0.0,VENTURE,6000,0.1,0,4,63000.0,0.035242762369699296,Low Risk,0,"Consider approval, subject to lender policy"
24,49000,MORTGAGE,5.0,HOMEIMPROVEMENT,2700,0.06,0,4,8166.666666666667,0.11015041395447007,Low Risk,0,"Consider approval, subject to lender policy"
26,124726,MORTGAGE,3.0,PERSONAL,15000,0.12,0,3,31181.5,0.048308589640415664,Low Risk,0,"Consider approval, subject to lender policy"
22,28500,MORTGAGE,1.0,DEBTCONSOLIDATION,8500,0.3,0,4,14250.0,0.2160279087604044,Medium Risk,0,Consider manual review
29,23520,RENT,0.0,PERSONAL,2400,0.1,0,6,23520.0,0.17775530523822877,Medium Risk,0,Consider manual review
28,62000,RENT,3.0,DEBTCONSOLIDATION,9300,0.15,1,5,15500.0,0.42522547970797775,High Risk,0,Additional assessment required
36,45000,MORTGAGE,21.0,HOMEIMPROVEMENT,2000,0.04,0,12,2045.4545454545455,0.23169180497829497,Medium Risk,0,Consider manual review
25,49716,MORTGAGE,6.0,MEDICAL,8000,0.16,0,2,7102.285714285715,0.17537271674291996,Medium Risk,0,Consider manual review
26,14400,RENT,2.0,VENTURE,2500,0.17,1,4,4800.0,0.9469279767748133,Very High Risk,1,High-risk application; apply lender policy
25,72893,MORTGAGE,9.0,PERSONAL,20000,0.27,0,2,7289.3,0.0995515742058443,Low Risk,0,"Consider approval, subject to lender policy"
30,31000,MORTGAGE,3.0,VENTURE,12000,0.39,0,9,7750.0,0.141680337716957,Low Risk,1,"Consider approval, subject to lender policy"
22,35000,OWN,1.0,EDUCATION,8000,0.23,0,4,17500.0,0.01227330156653688,Low Risk,0,"Consider approval, subject to lender policy"
27,46000,OWN,0.0,EDUCATION,18000,0.39,0,5,46000.0,0.04992880391609481,Low Risk,0,"Consider approval, subject to lender policy"
32,73000,RENT,4.0,DEBTCONSOLIDATION,10000,0.14,0,8,14600.0,0.13803646552820342,Low Risk,0,"Consider approval, subject to lender policy"
43,33000,RENT,0.0,DEBTCONSOLIDATION,6000,0.18,0,14,33000.0,0.2296442512990924,Medium Risk,1,Consider manual review
22,40000,RENT,0.0,EDUCATION,6000,0.15,1,3,40000.0,0.257965922492725,High Risk,0,Additional assessment required
33,35050,MORTGAGE,15.0,MEDICAL,8000,0.23,0,6,2190.625,0.1309541980409532,Low Risk,1,"Consider approval, subject to lender policy"
27,86004,MORTGAGE,8.0,HOMEIMPROVEMENT,16000,0.19,0,6,9556.0,0.04914281804287581,Low Risk,0,"Consider approval, subject to lender policy"
22,65000,RENT,0.0,EDUCATION,3000,0.05,0,4,65000.0,0.08085228078947794,Low Risk,0,"Consider approval, subject to lender policy"
27,65000,MORTGAGE,5.0,VENTURE,10000,0.15,0,6,10833.333333333334,0.029678448104810316,Low Risk,0,"Consider approval, subject to lender policy"
25,38000,RENT,4.0,MEDICAL,20000,0.53,0,4,7600.0,0.9741498521541094,Very High Risk,1,High-risk application; apply lender policy
46,30000,MORTGAGE,13.0,VENTURE,3050,0.1,0,14,2142.8571428571427,0.07423120534003728,Low Risk,0,"Consider approval, subject to lender policy"
34,69000,RENT,0.0,EDUCATION,12800,0.19,0,10,69000.0,0.18679749557650652,Medium Risk,1,Consider manual review
29,38004,RENT,3.0,MEDICAL,1500,0.04,1,10,9501.0,0.32555827686015837,High Risk,0,Additional assessment required
22,39000,RENT,6.0,MEDICAL,3500,0.09,0,4,5571.428571428572,0.19743786446426723,Medium Risk,0,Consider manual review
36,27600,RENT,0.0,EDUCATION,1000,0.04,0,12,27600.0,0.16637167729106656,Medium Risk,0,Consider manual review
29,126000,MORTGAGE,5.0,VENTURE,7000,0.06,0,5,21000.0,0.020161003040072796,Low Risk,0,"Consider approval, subject to lender policy"
25,33000,MORTGAGE,9.0,MEDICAL,3000,0.09,0,2,3300.0,0.26996989143562294,High Risk,0,Additional assessment required
28,75000,MORTGAGE,12.0,VENTURE,15250,0.2,0,5,5769.2307692307695,0.03959191088517467,Low Risk,0,"Consider approval, subject to lender policy"
27,79050,RENT,11.0,MEDICAL,4000,0.04,0,9,6587.5,0.12277145302276532,Low Risk,1,"Consider approval, subject to lender policy"
23,70000,MORTGAGE,7.0,PERSONAL,6000,0.09,0,2,8750.0,0.059411053637661165,Low Risk,0,"Consider approval, subject to lender policy"
30,110000,MORTGAGE,5.0,VENTURE,25000,0.23,0,9,18333.333333333332,0.0625427965806349,Low Risk,0,"Consider approval, subject to lender policy"
22,64000,RENT,7.0,EDUCATION,12000,0.19,1,2,8000.0,0.17743399607939192,Medium Risk,1,Consider manual review
22,29000,MORTGAGE,5.0,DEBTCONSOLIDATION,9000,0.31,0,4,4833.333333333333,0.367616836100726,High Risk,1,Additional assessment required
24,47000,MORTGAGE,1.0,DEBTCONSOLIDATION,8500,0.18,0,3,23500.0,0.13220880713048294,Low Risk,0,"Consider approval, subject to lender policy"
25,70000,OWN,4.0,HOMEIMPROVEMENT,12000,0.17,0,2,14000.0,0.014200363874669041,Low Risk,0,"Consider approval, subject to lender policy"
29,200000,RENT,2.0,DEBTCONSOLIDATION,15000,0.07,0,5,66666.66666666667,0.13085947302185422,Low Risk,0,"Consider approval, subject to lender policy"
28,90000,MORTGAGE,5.0,VENTURE,25000,0.28,0,6,15000.0,0.06775310447052964,Low Risk,0,"Consider approval, subject to lender policy"
26,97500,RENT,10.0,VENTURE,5000,0.05,0,4,8863.636363636364,0.025826047283010026,Low Risk,0,"Consider approval, subject to lender policy"
31,32000,MORTGAGE,3.0,DEBTCONSOLIDATION,6000,0.19,0,8,8000.0,0.22977785254181232,Medium Risk,0,Consider manual review
30,105000,MORTGAGE,8.0,DEBTCONSOLIDATION,26000,0.25,0,10,11666.666666666666,0.21058009571412012,Medium Risk,0,Consider manual review
24,47000,MORTGAGE,7.0,MEDICAL,15000,0.32,0,2,5875.0,0.3519358709998316,High Risk,0,Additional assessment required
22,33650,RENT,1.0,EDUCATION,6000,0.18,0,4,16825.0,0.22758159784102203,Medium Risk,1,Consider manual review
24,50000,RENT,0.0,DEBTCONSOLIDATION,12500,0.25,0,3,50000.0,0.11539870886000565,Low Risk,0,"Consider approval, subject to lender policy"
22,37500,RENT,0.0,MEDICAL,9000,0.24,0,4,37500.0,0.15394596351447992,Medium Risk,0,Consider manual review
21,87500,MORTGAGE,5.0,EDUCATION,25000,0.29,1,3,14583.333333333334,0.22989563599208146,Medium Risk,0,Consider manual review
31,65000,MORTGAGE,11.0,PERSONAL,5000,0.08,0,5,5416.666666666667,0.05979609222000386,Low Risk,0,"Consider approval, subject to lender policy"
28,85000,RENT,8.0,EDUCATION,8000,0.09,0,6,9444.444444444445,0.044087385638300315,Low Risk,0,"Consider approval, subject to lender policy"
23,30900,RENT,1.0,PERSONAL,5775,0.19,0,4,15450.0,0.25754569344893474,High Risk,1,Additional assessment required
23,38400,RENT,7.0,PERSONAL,4000,0.1,0,2,4800.0,0.1251489095077583,Low Risk,0,"Consider approval, subject to lender policy"
33,40000,RENT,4.0,VENTURE,4000,0.1,0,7,8000.0,0.0408388328517618,Low Risk,0,"Consider approval, subject to lender policy"
21,56400,RENT,5.0,PERSONAL,14400,0.26,0,3,9400.0,0.1410777563910715,Low Risk,0,"Consider approval, subject to lender policy"
23,105000,MORTGAGE,8.0,VENTURE,10000,0.1,0,3,11666.666666666666,0.020161003040072796,Low Risk,0,"Consider approval, subject to lender policy"
26,300000,OWN,9.0,HOMEIMPROVEMENT,10000,0.03,0,4,30000.0,0.010457336446106021,Low Risk,0,"Consider approval, subject to lender policy"
23,21888,RENT,8.0,EDUCATION,6600,0.3,0,2,2432.0,0.18584831290034834,Medium Risk,0,Consider manual review
36,44000,RENT,2.0,HOMEIMPROVEMENT,6000,0.14,0,12,14666.666666666666,0.29065672183998387,High Risk,1,Additional assessment required
26,28800,MORTGAGE,2.0,VENTURE,5150,0.18,0,2,9600.0,0.08551640044777058,Low Risk,0,"Consider approval, subject to lender policy"
22,46000,RENT,3.0,DEBTCONSOLIDATION,8000,0.17,0,2,11500.0,0.1416973636648027,Low Risk,0,"Consider approval, subject to lender policy"
22,30000,RENT,2.0,PERSONAL,5500,0.18,0,3,10000.0,0.23253631345563305,Medium Risk,0,Consider manual review
23,55812,MORTGAGE,4.0,MEDICAL,21825,0.39,0,2,11162.4,0.3419312418951527,High Risk,0,Additional assessment required
23,66480,OWN,6.0,EDUCATION,4000,0.06,0,2,9497.142857142857,0.011604690189941223,Low Risk,0,"Consider approval, subject to lender policy"
42,113000,MORTGAGE,11.0,EDUCATION,24000,0.21,1,15,9416.666666666666,0.19206787718382298,Medium Risk,1,Consider manual review
24,75000,RENT,2.0,MEDICAL,2000,0.03,0,2,25000.0,0.08330478591709768,Low Risk,0,"Consider approval, subject to lender policy"
26,48000,RENT,10.0,MEDICAL,7000,0.15,0,2,4363.636363636364,0.16247860151408008,Medium Risk,0,Consider manual review
29,33000,RENT,4.0,HOMEIMPROVEMENT,7650,0.23,1,6,6600.0,0.7882930675777264,Very High Risk,1,High-risk application; apply lender policy
28,95827,MORTGAGE,11.0,EDUCATION,16000,0.17,0,7,7985.583333333333,0.043918427563483936,Low Risk,0,"Consider approval, subject to lender policy"
27,57886,MORTGAGE,7.0,VENTURE,4000,0.07,0,9,7235.75,0.036993268265744166,Low Risk,0,"Consider approval, subject to lender policy"
30,22000,OWN,4.0,VENTURE,2000,0.09,0,9,4400.0,0.009361831024231982,Low Risk,0,"Consider approval, subject to lender policy"
30,106000,RENT,9.0,DEBTCONSOLIDATION,20000,0.19,1,5,10600.0,0.3884479931721942,High Risk,0,Additional assessment required
29,108000,MORTGAGE,2.0,PERSONAL,24500,0.23,0,9,36000.0,0.10780160000440125,Low Risk,1,"Consider approval, subject to lender policy"
23,124000,RENT,3.0,DEBTCONSOLIDATION,6800,0.05,0,2,31000.0,0.07425583759987792,Low Risk,0,"Consider approval, subject to lender policy"
29,45000,RENT,0.0,MEDICAL,12000,0.27,1,7,45000.0,0.4906435926113333,Very High Risk,0,High-risk application; apply lender policy
22,50000,RENT,1.0,MEDICAL,16800,0.34,0,3,25000.0,0.9757063287358255,Very High Risk,1,High-risk application; apply lender policy
32,45000,RENT,1.0,PERSONAL,5000,0.11,0,10,22500.0,0.1264183104349044,Low Risk,0,"Consider approval, subject to lender policy"
26,37850,RENT,1.0,PERSONAL,6400,0.17,0,2,18925.0,0.14398938435933234,Low Risk,0,"Consider approval, subject to lender policy"
24,55000,MORTGAGE,8.0,EDUCATION,9600,0.17,0,3,6111.111111111111,0.08301978176380487,Low Risk,0,"Consider approval, subject to lender policy"
26,28000,RENT,4.0,MEDICAL,9500,0.34,0,4,5600.0,0.9723224912321474,Very High Risk,1,High-risk application; apply lender policy
22,41838,RENT,0.0,PERSONAL,6600,0.16,0,3,41838.0,0.13150424230861316,Low Risk,1,"Consider approval, subject to lender policy"
24,76554,RENT,8.0,HOMEIMPROVEMENT,7600,0.1,0,2,8506.0,0.10814352056145414,Low Risk,0,"Consider approval, subject to lender policy"
54,29000,MORTGAGE,7.0,PERSONAL,2500,0.09,0,28,3625.0,0.19309519398737515,Medium Risk,0,Consider manual review
23,65000,RENT,0.0,EDUCATION,10000,0.15,0,4,65000.0,0.0815627185357007,Low Risk,0,"Consider approval, subject to lender policy"
23,54000,RENT,2.0,PERSONAL,9600,0.18,1,2,18000.0,0.42102909536147926,High Risk,1,Additional assessment required
26,31992,OTHER,0.0,VENTURE,6500,0.2,0,4,31992.0,0.11521419930075141,Low Risk,0,"Consider approval, subject to lender policy"
21,21000,RENT,5.0,MEDICAL,5000,0.24,0,2,3500.0,0.19557421959563395,Medium Risk,1,Consider manual review
25,78000,MORTGAGE,7.0,DEBTCONSOLIDATION,9000,0.12,1,3,9750.0,0.47706130193335383,Very High Risk,1,High-risk application; apply lender policy
35,35300,RENT,0.0,EDUCATION,7500,0.21,1,7,35300.0,0.34642280017726085,High Risk,0,Additional assessment required
24,40560,RENT,5.0,VENTURE,8000,0.2,0,2,6760.0,0.07730536349526367,Low Risk,0,"Consider approval, subject to lender policy"
23,41004,RENT,1.0,MEDICAL,4000,0.1,0,4,20502.0,0.13749691377927473,Low Risk,0,"Consider approval, subject to lender policy"
31,19200,RENT,0.0,MEDICAL,4075,0.21,0,6,19200.0,0.9296452280099544,Very High Risk,1,High-risk application; apply lender policy
41,98004,MORTGAGE,25.0,DEBTCONSOLIDATION,12000,0.12,0,15,3769.3846153846152,0.12618331392059284,Low Risk,0,"Consider approval, subject to lender policy"
27,63000,RENT,2.0,HOMEIMPROVEMENT,8000,0.13,0,6,21000.0,0.13759128730020997,Low Risk,0,"Consider approval, subject to lender policy"
30,50000,RENT,3.0,DEBTCONSOLIDATION,14475,0.29,1,6,12500.0,0.5175819463831787,Very High Risk,0,High-risk application; apply lender policy
26,28800,RENT,4.0,MEDICAL,7000,0.24,0,4,5760.0,0.1874903559400075,Medium Risk,0,Consider manual review
31,65000,MORTGAGE,3.0,DEBTCONSOLIDATION,10000,0.15,0,6,16250.0,0.111165103329842,Low Risk,0,"Consider approval, subject to lender policy"
23,33204,RENT,7.0,EDUCATION,2000,0.06,1,2,4150.5,0.27294711095894636,High Risk,0,Additional assessment required
27,55000,MORTGAGE,1.0,DEBTCONSOLIDATION,9000,0.16,0,8,27500.0,0.12807053641824115,Low Risk,0,"Consider approval, subject to lender policy"
34,65000,RENT,2.0,DEBTCONSOLIDATION,12000,0.18,0,7,21666.666666666668,0.11159510527471041,Low Risk,0,"Consider approval, subject to lender policy"
25,90000,OWN,9.0,HOMEIMPROVEMENT,10000,0.11,0,4,9000.0,0.01024481594974413,Low Risk,0,"Consider approval, subject to lender policy"
25,60000,MORTGAGE,3.0,VENTURE,10000,0.17,0,4,15000.0,0.033670121446128125,Low Risk,0,"Consider approval, subject to lender policy"
33,67000,RENT,1.0,VENTURE,6500,0.1,0,5,33500.0,0.07343894666174543,Low Risk,0,"Consider approval, subject to lender policy"
21,32000,RENT,0.0,PERSONAL,12000,0.38,0,4,32000.0,0.9682781467687046,Very High Risk,1,High-risk application; apply lender policy
50,58800,MORTGAGE,12.0,DEBTCONSOLIDATION,22000,0.37,0,15,4523.076923076923,0.3221577900530226,High Risk,1,Additional assessment required
37,95000,RENT,0.0,DEBTCONSOLIDATION,7500,0.08,0,16,95000.0,0.09302196103477156,Low Risk,0,"Consider approval, subject to lender policy"
23,82000,RENT,2.0,PERSONAL,20900,0.25,0,2,27333.333333333332,0.13006514870483935,Low Risk,0,"Consider approval, subject to lender policy"
23,88000,MORTGAGE,8.0,EDUCATION,10000,0.11,0,2,9777.777777777777,0.04006568102939037,Low Risk,0,"Consider approval, subject to lender policy"
29,62532,RENT,6.0,PERSONAL,9000,0.14,0,9,8933.142857142857,0.07315380048423613,Low Risk,0,"Consider approval, subject to lender policy"
38,151000,MORTGAGE,8.0,DEBTCONSOLIDATION,35000,0.23,0,12,16777.777777777777,0.19235742402880981,Medium Risk,0,Consider manual review
31,12000,RENT,2.0,EDUCATION,2400,0.2,0,10,4000.0,0.9383823287201539,Very High Risk,1,High-risk application; apply lender policy
24,44000,MORTGAGE,6.0,EDUCATION,7500,0.17,0,2,6285.714285714285,0.08307081198841658,Low Risk,1,"Consider approval, subject to lender policy"
24,62000,MORTGAGE,8.0,DEBTCONSOLIDATION,10000,0.16,0,3,6888.888888888889,0.11692330234079584,Low Risk,0,"Consider approval, subject to lender policy"
23,30000,RENT,0.0,EDUCATION,4800,0.16,0,4,30000.0,0.20490874675323129,Medium Risk,0,Consider manual review
22,34800,RENT,6.0,VENTURE,15000,0.43,1,3,4971.428571428572,0.9763870180705971,Very High Risk,1,High-risk application; apply lender policy
27,68000,OWN,11.0,PERSONAL,20000,0.29,0,9,5666.666666666667,0.020316986108573572,Low Risk,0,"Consider approval, subject to lender policy"
31,54000,RENT,2.0,DEBTCONSOLIDATION,1400,0.03,0,8,18000.0,0.15400340146461855,Medium Risk,0,Consider manual review
30,45000,RENT,0.0,MEDICAL,4800,0.11,0,6,45000.0,0.1322144978607077,Low Risk,0,"Consider approval, subject to lender policy"
54,39000,MORTGAGE,4.0,PERSONAL,20000,0.51,0,19,7800.0,0.20158464480694976,Medium Risk,0,Consider manual review
22,33000,RENT,5.0,DEBTCONSOLIDATION,7800,0.24,0,3,5500.0,0.2564879693128008,High Risk,0,Additional assessment required
26,150000,MORTGAGE,1.0,PERSONAL,6000,0.04,0,2,75000.0,0.05455214442160458,Low Risk,0,"Consider approval, subject to lender policy"
24,22800,OWN,3.0,HOMEIMPROVEMENT,4750,0.21,0,3,5700.0,0.05838978980264798,Low Risk,0,"Consider approval, subject to lender policy"
21,44000,RENT,5.0,MEDICAL,7500,0.17,0,3,7333.333333333333,0.16550021310328827,Medium Risk,1,Consider manual review
29,112000,MORTGAGE,3.0,PERSONAL,25000,0.22,0,5,28000.0,0.11576637480890381,Low Risk,0,"Consider approval, subject to lender policy"
23,24000,OWN,5.0,EDUCATION,7000,0.29,0,4,4000.0,0.018613417181673194,Low Risk,0,"Consider approval, subject to lender policy"
29,92000,MORTGAGE,3.0,HOMEIMPROVEMENT,11200,0.12,0,5,23000.0,0.040768281027077385,Low Risk,0,"Consider approval, subject to lender policy"
24,79200,OWN,8.0,VENTURE,3800,0.05,0,4,8800.0,0.008833661552834689,Low Risk,0,"Consider approval, subject to lender policy"
29,80000,MORTGAGE,2.0,HOMEIMPROVEMENT,4500,0.06,0,10,26666.666666666668,0.04146314442106192,Low Risk,0,"Consider approval, subject to lender policy"
38,117000,MORTGAGE,5.0,HOMEIMPROVEMENT,10700,0.09,1,14,19500.0,0.11195183954855577,Low Risk,0,"Consider approval, subject to lender policy"
23,36000,RENT,7.0,PERSONAL,6000,0.17,0,3,4500.0,0.11381693646814371,Low Risk,0,"Consider approval, subject to lender policy"
26,80000,RENT,4.0,EDUCATION,9600,0.12,0,2,16000.0,0.04144454611358958,Low Risk,0,"Consider approval, subject to lender policy"
32,19000,RENT,1.0,PERSONAL,8325,0.44,0,9,9500.0,0.9913272519455258,Very High Risk,1,High-risk application; apply lender policy
22,69500,RENT,6.0,DEBTCONSOLIDATION,6000,0.09,0,4,9928.57142857143,0.09883769938278311,Low Risk,0,"Consider approval, subject to lender policy"
28,170000,MORTGAGE,4.0,EDUCATION,20000,0.12,1,10,34000.0,0.10780028993696604,Low Risk,0,"Consider approval, subject to lender policy"
32,83820,MORTGAGE,5.0,EDUCATION,12800,0.15,0,6,13970.0,0.043920059548894365,Low Risk,0,"Consider approval, subject to lender policy"
28,74600,OWN,12.0,PERSONAL,9500,0.13,0,9,5738.461538461538,0.020085199652414502,Low Risk,0,"Consider approval, subject to lender policy"
26,42000,RENT,2.0,EDUCATION,4800,0.11,1,2,14000.0,0.2932748421782009,High Risk,1,Additional assessment required
44,109000,MORTGAGE,17.0,MEDICAL,12800,0.12,1,12,6055.555555555556,0.2593843676563731,High Risk,0,Additional assessment required
27,96000,MORTGAGE,3.0,VENTURE,3000,0.03,1,9,24000.0,0.06296828681628637,Low Risk,1,"Consider approval, subject to lender policy"
59,55000,MORTGAGE,15.0,PERSONAL,1000,0.02,0,29,3437.5,0.08380447268758652,Low Risk,0,"Consider approval, subject to lender policy"
21,40000,RENT,5.0,EDUCATION,10000,0.25,0,2,6666.666666666667,0.08049346603723587,Low Risk,0,"Consider approval, subject to lender policy"
37,24000,RENT,5.0,DEBTCONSOLIDATION,10000,0.42,0,13,4000.0,0.9730841316528834,Very High Risk,1,High-risk application; apply lender policy
30,54000,RENT,1.0,EDUCATION,16000,0.3,1,10,27000.0,0.5164363535549165,Very High Risk,1,High-risk application; apply lender policy
32,63800,RENT,6.0,HOMEIMPROVEMENT,11200,0.18,0,8,9114.285714285714,0.09761389036546361,Low Risk,0,"Consider approval, subject to lender policy"
24,80004,OWN,8.0,HOMEIMPROVEMENT,25000,0.31,0,3,8889.333333333334,0.04748578137431039,Low Risk,0,"Consider approval, subject to lender policy"
22,100000,RENT,2.0,MEDICAL,14400,0.14,0,3,33333.333333333336,0.07492464179707135,Low Risk,0,"Consider approval, subject to lender policy"
28,68000,MORTGAGE,7.0,EDUCATION,3000,0.04,0,10,8500.0,0.0523208336573722,Low Risk,0,"Consider approval, subject to lender policy"
22,34000,MORTGAGE,4.0,PERSONAL,7750,0.23,0,2,6800.0,0.23531584260411315,Medium Risk,1,Consider manual review
26,134000,MORTGAGE,2.0,EDUCATION,30000,0.22,1,3,44666.666666666664,0.24782656151567484,Medium Risk,0,Consider manual review
24,70000,MORTGAGE,9.0,MEDICAL,7500,0.11,0,2,7000.0,0.11978457628812723,Low Risk,0,"Consider approval, subject to lender policy"
22,100000,MORTGAGE,6.0,DEBTCONSOLIDATION,15000,0.15,0,3,14285.714285714286,0.08701819268107251,Low Risk,0,"Consider approval, subject to lender policy"
29,31000,RENT,1.0,MEDICAL,6000,0.19,1,6,15500.0,0.5319492930719782,Very High Risk,0,High-risk application; apply lender policy
23,95000,MORTGAGE,7.0,PERSONAL,25000,0.26,0,4,11875.0,0.10915032676956239,Low Risk,0,"Consider approval, subject to lender policy"
50,39204,RENT,4.0,VENTURE,10000,0.26,0,12,7840.8,0.12493721546300669,Low Risk,0,"Consider approval, subject to lender policy"
21,75000,MORTGAGE,5.0,VENTURE,14125,0.19,0,2,12500.0,0.032772827498929645,Low Risk,0,"Consider approval, subject to lender policy"
34,120579,MORTGAGE,9.0,DEBTCONSOLIDATION,9600,0.08,1,7,12057.9,0.30858359883807207,High Risk,0,Additional assessment required
31,59000,MORTGAGE,13.0,MEDICAL,14000,0.24,0,6,4214.285714285715,0.21616365615270872,Medium Risk,0,Consider manual review
22,59000,MORTGAGE,5.0,MEDICAL,6000,0.1,0,2,9833.333333333334,0.20859981395558816,Medium Risk,0,Consider manual review
23,24996,OWN,1.0,EDUCATION,8000,0.32,0,2,12498.0,0.036359789797505336,Low Risk,0,"Consider approval, subject to lender policy"
25,51000,MORTGAGE,6.0,EDUCATION,3000,0.06,0,2,7285.714285714285,0.07102573221639197,Low Risk,0,"Consider approval, subject to lender policy"
27,42000,MORTGAGE,0.0,MEDICAL,4200,0.1,0,9,42000.0,0.14556591076152026,Low Risk,0,"Consider approval, subject to lender policy"
23,46000,MORTGAGE,5.0,PERSONAL,9500,0.21,0,4,7666.666666666667,0.08417434005221393,Low Risk,1,"Consider approval, subject to lender policy"
30,15000,RENT,6.0,EDUCATION,2700,0.18,0,5,2142.8571428571427,0.9160212284209407,Very High Risk,1,High-risk application; apply lender policy
25,61000,RENT,1.0,PERSONAL,14400,0.24,0,2,30500.0,0.10971428606417218,Low Risk,0,"Consider approval, subject to lender policy"
27,63000,MORTGAGE,12.0,PERSONAL,18000,0.29,0,9,4846.153846153846,0.09201733523885693,Low Risk,0,"Consider approval, subject to lender policy"
26,77000,RENT,0.0,VENTURE,22000,0.29,0,3,77000.0,0.28173552150905096,High Risk,0,Additional assessment required
26,50200,RENT,1.0,EDUCATION,9000,0.18,0,3,25100.0,0.12012065778011415,Low Risk,0,"Consider approval, subject to lender policy"
22,113000,MORTGAGE,6.0,EDUCATION,25000,0.22,0,4,16142.857142857143,0.10372901943851,Low Risk,0,"Consider approval, subject to lender policy"
25,63208,RENT,9.0,EDUCATION,23000,0.36,0,3,6320.8,0.9604222554568301,Very High Risk,1,High-risk application; apply lender policy
24,120000,MORTGAGE,8.0,VENTURE,20000,0.17,0,4,13333.333333333334,0.027723780643123867,Low Risk,0,"Consider approval, subject to lender policy"
28,100000,MORTGAGE,13.0,HOMEIMPROVEMENT,12000,0.12,0,8,7142.857142857143,0.0432437214315923,Low Risk,0,"Consider approval, subject to lender policy"
27,75800,RENT,0.0,EDUCATION,2475,0.03,0,8,75800.0,0.09660745073326342,Low Risk,0,"Consider approval, subject to lender policy"
33,24996,MORTGAGE,3.0,PERSONAL,6600,0.26,1,6,6249.0,0.23854411260903152,Medium Risk,0,Consider manual review
34,138000,RENT,0.0,HOMEIMPROVEMENT,21000,0.15,0,10,138000.0,0.21142806863016453,Medium Risk,1,Consider manual review
24,162000,MORTGAGE,8.0,DEBTCONSOLIDATION,16000,0.1,1,2,18000.0,0.3678166346323297,High Risk,0,Additional assessment required
27,26400,MORTGAGE,6.0,MEDICAL,6000,0.23,0,9,3771.4285714285716,0.19633249710348907,Medium Risk,1,Consider manual review
34,26400,MORTGAGE,0.0,MEDICAL,3600,0.14,0,9,26400.0,0.17924036422486628,Medium Risk,0,Consider manual review
32,227500,RENT,3.0,MEDICAL,25000,0.11,0,5,56875.0,0.21389473493705158,Medium Risk,0,Consider manual review
22,66960,RENT,1.0,VENTURE,23400,0.35,0,2,33480.0,0.9775137352312709,Very High Risk,1,High-risk application; apply lender policy
27,60000,RENT,2.0,MEDICAL,12000,0.2,1,8,20000.0,0.3635373591127166,High Risk,0,Additional assessment required
31,75000,MORTGAGE,8.0,EDUCATION,16500,0.22,1,8,8333.333333333334,0.13862030226790012,Low Risk,0,"Consider approval, subject to lender policy"
21,28200,RENT,2.0,DEBTCONSOLIDATION,2500,0.09,1,2,9400.0,0.5015417928644248,Very High Risk,1,High-risk application; apply lender policy
22,32400,RENT,5.0,PERSONAL,3000,0.09,0,3,5400.0,0.18323681712252957,Medium Risk,0,Consider manual review
25,36000,MORTGAGE,3.0,PERSONAL,5300,0.15,0,3,9000.0,0.08264401489702133,Low Risk,0,"Consider approval, subject to lender policy"
33,90000,MORTGAGE,5.0,EDUCATION,22000,0.24,0,5,15000.0,0.04748146171784657,Low Risk,0,"Consider approval, subject to lender policy"
23,14000,RENT,0.0,DEBTCONSOLIDATION,1500,0.11,1,4,14000.0,0.47756394940340474,Very High Risk,0,High-risk application; apply lender policy
26,49680,RENT,1.0,MEDICAL,5875,0.12,1,3,24840.0,0.367656570362888,High Risk,0,Additional assessment required
23,54000,MORTGAGE,0.0,EDUCATION,10000,0.19,0,4,54000.0,0.18425998348019645,Medium Risk,0,Consider manual review
29,108000,MORTGAGE,13.0,DEBTCONSOLIDATION,3500,0.03,0,5,7714.285714285715,0.07059140380868391,Low Risk,0,"Consider approval, subject to lender policy"
25,52000,RENT,4.0,EDUCATION,15000,0.29,0,4,10400.0,0.13431912061249654,Low Risk,0,"Consider approval, subject to lender policy"
30,20520,RENT,0.0,MEDICAL,5000,0.24,0,9,20520.0,0.1846795441795934,Medium Risk,0,Consider manual review
22,64000,RENT,0.0,PERSONAL,8000,0.13,0,2,64000.0,0.08960135325449071,Low Risk,1,"Consider approval, subject to lender policy"
25,36000,RENT,1.0,MEDICAL,6600,0.18,0,4,18000.0,0.14698342122218547,Low Risk,0,"Consider approval, subject to lender policy"
35,60000,OWN,9.0,PERSONAL,24000,0.4,0,9,6000.0,0.053016322540913145,Low Risk,0,"Consider approval, subject to lender policy"
29,65500,RENT,1.0,DEBTCONSOLIDATION,8800,0.13,0,10,32750.0,0.10565152060353854,Low Risk,0,"Consider approval, subject to lender policy"
21,45000,RENT,0.0,PERSONAL,7000,0.16,1,4,45000.0,0.34919690296330497,High Risk,1,Additional assessment required
22,38400,OWN,5.0,EDUCATION,10000,0.26,0,4,6400.0,0.015065823874502848,Low Risk,0,"Consider approval, subject to lender policy"
39,53000,RENT,15.0,EDUCATION,6500,0.12,0,17,3312.5,0.09114788681002654,Low Risk,0,"Consider approval, subject to lender policy"
25,60000,RENT,5.0,EDUCATION,21450,0.36,0,4,10000.0,0.9539306072913449,Very High Risk,1,High-risk application; apply lender policy
24,62000,MORTGAGE,8.0,EDUCATION,7750,0.13,0,2,6888.888888888889,0.0590385058928474,Low Risk,0,"Consider approval, subject to lender policy"
25,44975,RENT,2.0,MEDICAL,11000,0.24,0,4,14991.666666666666,0.15323748739552456,Medium Risk,0,Consider manual review
24,30000,RENT,6.0,DEBTCONSOLIDATION,6000,0.2,0,3,4285.714285714285,0.2381270731450792,Medium Risk,0,Consider manual review
26,72600,MORTGAGE,3.0,MEDICAL,4500,0.06,0,2,18150.0,0.10519925592685196,Low Risk,0,"Consider approval, subject to lender policy"
29,24960,RENT,13.0,DEBTCONSOLIDATION,4000,0.16,0,10,1782.857142857143,0.18547990082557936,Medium Risk,0,Consider manual review
21,36000,RENT,3.0,EDUCATION,18500,0.51,0,3,9000.0,0.9536195091617737,Very High Risk,1,High-risk application; apply lender policy
29,55000,MORTGAGE,4.0,PERSONAL,3600,0.07,0,10,11000.0,0.07814854735448643,Low Risk,0,"Consider approval, subject to lender policy"
23,30000,RENT,0.0,EDUCATION,4275,0.14,0,4,30000.0,0.20490874675323129,Medium Risk,0,Consider manual review
25,130000,MORTGAGE,9.0,EDUCATION,15000,0.12,0,3,13000.0,0.04292206560936198,Low Risk,0,"Consider approval, subject to lender policy"
28,60000,MORTGAGE,4.0,DEBTCONSOLIDATION,4800,0.08,0,5,12000.0,0.10446542786542352,Low Risk,0,"Consider approval, subject to lender policy"
23,73500,RENT,3.0,PERSONAL,15000,0.2,0,3,18375.0,0.11511985991154293,Low Risk,0,"Consider approval, subject to lender policy"
26,41000,RENT,1.0,DEBTCONSOLIDATION,6600,0.16,0,2,20500.0,0.1347251716129592,Low Risk,0,"Consider approval, subject to lender policy"
30,145000,MORTGAGE,3.0,HOMEIMPROVEMENT,9600,0.07,0,6,36250.0,0.041555421373173106,Low Risk,0,"Consider approval, subject to lender policy"
29,102000,OWN,10.0,MEDICAL,18000,0.18,0,7,9272.727272727272,0.029875914978355723,Low Risk,0,"Consider approval, subject to lender policy"
24,96000,MORTGAGE,8.0,MEDICAL,2000,0.02,0,3,10666.666666666666,0.07171883156362609,Low Risk,0,"Consider approval, subject to lender policy"
23,36000,RENT,7.0,PERSONAL,4000,0.11,0,3,4500.0,0.11381693646814371,Low Risk,1,"Consider approval, subject to lender policy"
45,52569,MORTGAGE,0.0,MEDICAL,10400,0.17,0,12,52569.0,0.12120933023383058,Low Risk,1,"Consider approval, subject to lender policy"
22,53000,RENT,2.0,EDUCATION,16000,0.3,0,4,17666.666666666668,0.2061592456406055,Medium Risk,0,Consider manual review
25,35000,RENT,2.0,PERSONAL,7000,0.2,0,3,11666.666666666666,0.12446325847359671,Low Risk,0,"Consider approval, subject to lender policy"
23,50000,MORTGAGE,3.0,PERSONAL,10000,0.2,0,3,12500.0,0.08004863125486372,Low Risk,0,"Consider approval, subject to lender policy"
24,30000,MORTGAGE,3.0,DEBTCONSOLIDATION,4500,0.15,1,4,7500.0,0.5433233330685084,Very High Risk,0,High-risk application; apply lender policy
25,30000,OWN,9.0,VENTURE,10000,0.33,0,2,3000.0,0.03361812355504578,Low Risk,0,"Consider approval, subject to lender policy"
36,80000,RENT,20.0,VENTURE,21000,0.26,0,12,3809.5238095238096,0.07071204560744074,Low Risk,0,"Consider approval, subject to lender policy"
27,100000,MORTGAGE,1.0,DEBTCONSOLIDATION,16000,0.16,0,5,50000.0,0.07885071009425984,Low Risk,0,"Consider approval, subject to lender policy"
27,90000,MORTGAGE,11.0,PERSONAL,10000,0.11,0,7,7500.0,0.03750135232372642,Low Risk,0,"Consider approval, subject to lender policy"
30,135000,MORTGAGE,8.0,DEBTCONSOLIDATION,32000,0.24,0,9,15000.0,0.19235742402880981,Medium Risk,0,Consider manual review
23,60000,RENT,2.0,VENTURE,23000,0.38,0,4,20000.0,0.9748605245040521,Very High Risk,1,High-risk application; apply lender policy
22,27600,RENT,0.0,VENTURE,6700,0.24,0,3,27600.0,0.17171553662590203,Medium Risk,1,Consider manual review
22,48000,RENT,5.0,EDUCATION,7200,0.15,0,4,8000.0,0.09156380943404653,Low Risk,0,"Consider approval, subject to lender policy"
29,86000,MORTGAGE,5.0,PERSONAL,14000,0.16,0,9,14333.333333333334,0.04092878559005464,Low Risk,0,"Consider approval, subject to lender policy"
30,45000,RENT,2.0,VENTURE,13250,0.29,0,10,15000.0,0.15825129541596644,Medium Risk,0,Consider manual review
24,55000,MORTGAGE,8.0,VENTURE,5500,0.1,0,3,6111.111111111111,0.036993268265744166,Low Risk,0,"Consider approval, subject to lender policy"
25,60000,RENT,3.0,HOMEIMPROVEMENT,7000,0.12,0,2,15000.0,0.10073248917620604,Low Risk,0,"Consider approval, subject to lender policy"
25,55315,RENT,3.0,EDUCATION,15000,0.27,0,2,13828.75,0.14310345409138517,Low Risk,0,"Consider approval, subject to lender policy"
21,39996,RENT,2.0,EDUCATION,10000,0.25,0,4,13332.0,0.11077373798083494,Low Risk,0,"Consider approval, subject to lender policy"
37,124000,MORTGAGE,4.0,HOMEIMPROVEMENT,19000,0.15,1,16,24800.0,0.1270086270651296,Low Risk,0,"Consider approval, subject to lender policy"
31,68000,RENT,4.0,DEBTCONSOLIDATION,12000,0.18,0,8,13600.0,0.11169630671851112,Low Risk,0,"Consider approval, subject to lender policy"
46,90000,MORTGAGE,5.0,DEBTCONSOLIDATION,20000,0.22,0,15,15000.0,0.08474913346545834,Low Risk,0,"Consider approval, subject to lender policy"
26,66000,RENT,0.0,DEBTCONSOLIDATION,2875,0.04,0,2,66000.0,0.11118664492704677,Low Risk,0,"Consider approval, subject to lender policy"
22,42000,RENT,0.0,VENTURE,2500,0.06,1,3,42000.0,0.32341332641102805,High Risk,0,Additional assessment required
25,80000,MORTGAGE,9.0,DEBTCONSOLIDATION,13000,0.16,0,3,8000.0,0.0701488046429036,Low Risk,0,"Consider approval, subject to lender policy"
30,144000,MORTGAGE,12.0,PERSONAL,35000,0.24,0,8,11076.923076923076,0.08427874602057096,Low Risk,0,"Consider approval, subject to lender policy"
50,60000,MORTGAGE,8.0,DEBTCONSOLIDATION,2000,0.03,0,15,6666.666666666667,0.10991950956216062,Low Risk,0,"Consider approval, subject to lender policy"
23,85000,RENT,0.0,EDUCATION,7000,0.08,0,3,85000.0,0.07319680401533209,Low Risk,0,"Consider approval, subject to lender policy"
39,70000,MORTGAGE,7.0,VENTURE,12500,0.18,0,13,8750.0,0.035478342148536915,Low Risk,0,"Consider approval, subject to lender policy"
22,76875,MORTGAGE,0.0,MEDICAL,13750,0.18,0,4,76875.0,0.11945411291137396,Low Risk,0,"Consider approval, subject to lender policy"
27,43200,OWN,2.0,VENTURE,5000,0.12,0,8,14400.0,0.009311401192267336,Low Risk,0,"Consider approval, subject to lender policy"
25,60000,RENT,9.0,EDUCATION,20000,0.33,0,3,6000.0,0.952904626463399,Very High Risk,1,High-risk application; apply lender policy
30,60000,RENT,0.0,HOMEIMPROVEMENT,8000,0.13,0,6,60000.0,0.13251348863724338,Low Risk,0,"Consider approval, subject to lender policy"
33,58800,RENT,10.0,MEDICAL,3000,0.05,0,9,5345.454545454545,0.18209718637308217,Medium Risk,0,Consider manual review
22,39000,RENT,3.0,MEDICAL,6600,0.17,0,2,9750.0,0.2047757880704691,Medium Risk,0,Consider manual review
25,26400,MORTGAGE,1.0,HOMEIMPROVEMENT,7500,0.28,0,3,13200.0,0.4164092497953776,High Risk,0,Additional assessment required
38,50000,RENT,5.0,PERSONAL,10000,0.2,0,13,8333.333333333334,0.09802236890454478,Low Risk,0,"Consider approval, subject to lender policy"
37,24000,RENT,4.0,MEDICAL,7000,0.29,0,14,4800.0,0.24025861858682457,Medium Risk,0,Consider manual review
22,62000,MORTGAGE,2.0,EDUCATION,7500,0.12,0,3,20666.666666666668,0.0586199644704418,Low Risk,0,"Consider approval, subject to lender policy"
25,50000,RENT,2.0,DEBTCONSOLIDATION,4000,0.08,0,2,16666.666666666668,0.1358256498100871,Low Risk,0,"Consider approval, subject to lender policy"
24,90000,MORTGAGE,8.0,VENTURE,7000,0.08,0,3,10000.0,0.01850844967442297,Low Risk,0,"Consider approval, subject to lender policy"
39,73000,MORTGAGE,3.0,VENTURE,10000,0.14,0,14,18250.0,0.03998805877017403,Low Risk,0,"Consider approval, subject to lender policy"
21,45000,OWN,2.0,VENTURE,6000,0.13,0,2,15000.0,0.009855314130292602,Low Risk,0,"Consider approval, subject to lender policy"
36,55200,RENT,3.0,MEDICAL,9900,0.18,1,13,13800.0,0.36044158496139994,High Risk,1,Additional assessment required
29,50000,RENT,11.0,EDUCATION,5000,0.1,0,5,4166.666666666667,0.09114788681002654,Low Risk,0,"Consider approval, subject to lender policy"
23,29976,RENT,3.0,PERSONAL,15000,0.5,0,4,7494.0,0.9620533831920958,Very High Risk,1,High-risk application; apply lender policy
27,120000,OWN,11.0,MEDICAL,4800,0.04,0,10,10000.0,0.021193031177290288,Low Risk,0,"Consider approval, subject to lender policy"
24,30000,RENT,2.0,MEDICAL,3000,0.1,0,4,10000.0,0.23562238576171807,Medium Risk,0,Consider manual review
22,102000,OWN,1.0,MEDICAL,7000,0.07,0,3,51000.0,0.018238188712880892,Low Risk,0,"Consider approval, subject to lender policy"
25,135000,RENT,5.0,EDUCATION,25000,0.19,0,4,22500.0,0.10988771671953525,Low Risk,0,"Consider approval, subject to lender policy"
24,70000,RENT,5.0,HOMEIMPROVEMENT,14400,0.21,0,4,11666.666666666666,0.09457979371067171,Low Risk,0,"Consider approval, subject to lender policy"
34,143150,MORTGAGE,0.0,VENTURE,12000,0.08,0,6,143150.0,0.036199711677160996,Low Risk,0,"Consider approval, subject to lender policy"
22,30000,RENT,7.0,VENTURE,10000,0.33,0,2,3750.0,0.9623318411971228,Very High Risk,1,High-risk application; apply lender policy
22,4800,RENT,1.0,PERSONAL,1800,0.38,1,2,2400.0,0.9941999999861677,Very High Risk,1,High-risk application; apply lender policy
42,26568,RENT,6.0,PERSONAL,2500,0.09,0,14,3795.4285714285716,0.14262929247139916,Low Risk,0,"Consider approval, subject to lender policy"
36,14004,RENT,0.0,MEDICAL,4800,0.34,0,15,14004.0,0.9918779821510821,Very High Risk,1,High-risk application; apply lender policy
25,77000,MORTGAGE,6.0,EDUCATION,8000,0.1,0,2,11000.0,0.05507093601138572,Low Risk,0,"Consider approval, subject to lender policy"
41,50780,MORTGAGE,14.0,PERSONAL,6000,0.12,0,17,3385.3333333333335,0.08002125330032835,Low Risk,0,"Consider approval, subject to lender policy"
25,55000,RENT,3.0,DEBTCONSOLIDATION,5000,0.09,1,4,13750.0,0.4309506556849902,High Risk,0,Additional assessment required
26,130000,RENT,3.0,VENTURE,14400,0.11,1,2,32500.0,0.10636253749125114,Low Risk,0,"Consider approval, subject to lender policy"
28,115000,MORTGAGE,12.0,EDUCATION,22000,0.19,0,7,8846.153846153846,0.051584950471562856,Low Risk,0,"Consider approval, subject to lender policy"
22,19680,RENT,2.0,EDUCATION,7750,0.39,1,3,6560.0,0.992107589016748,Very High Risk,1,High-risk application; apply lender policy
31,201996,MORTGAGE,11.0,EDUCATION,20000,0.1,0,10,16833.0,0.0425659860051631,Low Risk,0,"Consider approval, subject to lender policy"
35,66000,RENT,0.0,HOMEIMPROVEMENT,18000,0.27,0,8,66000.0,0.31357134749516163,High Risk,0,Additional assessment required
29,45000,RENT,4.0,EDUCATION,8700,0.19,0,9,9000.0,0.09581829849669211,Low Risk,0,"Consider approval, subject to lender policy"
27,50004,RENT,5.0,DEBTCONSOLIDATION,20000,0.4,0,9,8334.0,0.9695485894538767,Very High Risk,1,High-risk application; apply lender policy
21,46000,RENT,2.0,VENTURE,5200,0.11,1,4,15333.333333333334,0.3246799144160481,High Risk,1,Additional assessment required
22,120000,MORTGAGE,0.0,EDUCATION,16800,0.14,0,4,120000.0,0.06682052464779467,Low Risk,0,"Consider approval, subject to lender policy"
55,75000,MORTGAGE,3.0,PERSONAL,10000,0.13,0,20,18750.0,0.04932279325522517,Low Risk,0,"Consider approval, subject to lender policy"
22,20400,RENT,1.0,VENTURE,3500,0.17,0,2,10200.0,0.17744926334186162,Medium Risk,0,Consider manual review
24,47230,RENT,8.0,VENTURE,10950,0.23,0,2,5247.777777777777,0.0773391258638949,Low Risk,0,"Consider approval, subject to lender policy"
42,300000,MORTGAGE,0.0,PERSONAL,10000,0.03,1,14,300000.0,0.16116203325959724,Medium Risk,0,Consider manual review
23,29000,RENT,1.0,VENTURE,13475,0.46,1,4,14500.0,0.9863444469891182,Very High Risk,1,High-risk application; apply lender policy
24,86000,RENT,8.0,EDUCATION,6575,0.08,0,3,9555.555555555555,0.04449153756112135,Low Risk,0,"Consider approval, subject to lender policy"
30,72000,MORTGAGE,5.0,MEDICAL,20000,0.28,0,5,12000.0,0.1767296852462967,Medium Risk,0,Consider manual review
29,30796,RENT,13.0,MEDICAL,5000,0.16,1,8,2199.714285714286,0.4699548320217962,Very High Risk,0,High-risk application; apply lender policy
24,20796,RENT,2.0,VENTURE,7500,0.36,0,3,6932.0,0.9689946496623293,Very High Risk,1,High-risk application; apply lender policy
37,44000,RENT,0.0,PERSONAL,1700,0.04,0,17,44000.0,0.13150424230861316,Low Risk,1,"Consider approval, subject to lender policy"
35,46000,RENT,4.0,PERSONAL,8800,0.19,0,7,9200.0,0.10297075580871551,Low Risk,0,"Consider approval, subject to lender policy"
28,75000,MORTGAGE,11.0,PERSONAL,3000,0.04,0,8,6250.0,0.04962184900058705,Low Risk,1,"Consider approval, subject to lender policy"
22,32644,MORTGAGE,6.0,VENTURE,13750,0.42,1,4,4663.428571428572,0.21974400379497908,Medium Risk,1,Consider manual review
23,18000,RENT,1.0,VENTURE,3250,0.18,0,2,9000.0,0.940341963622501,Very High Risk,1,High-risk application; apply lender policy
22,94692,MORTGAGE,5.0,EDUCATION,20000,0.21,0,4,15782.0,0.04348096607473903,Low Risk,0,"Consider approval, subject to lender policy"
27,42000,MORTGAGE,4.0,PERSONAL,2850,0.07,0,7,8400.0,0.08180621739437276,Low Risk,1,"Consider approval, subject to lender policy"
26,87000,RENT,6.0,MEDICAL,15000,0.17,0,2,12428.57142857143,0.10316664115544187,Low Risk,0,"Consider approval, subject to lender policy"
30,120000,MORTGAGE,6.0,MEDICAL,9600,0.08,0,9,17142.85714285714,0.07482013083800845,Low Risk,0,"Consider approval, subject to lender policy"
25,175000,RENT,2.0,PERSONAL,25000,0.14,0,2,58333.333333333336,0.2251882292092977,Medium Risk,0,Consider manual review
22,30000,OWN,5.0,PERSONAL,3000,0.1,0,2,5000.0,0.026826189692796095,Low Risk,0,"Consider approval, subject to lender policy"
25,135000,RENT,8.0,PERSONAL,24000,0.18,0,2,15000.0,0.11918442538315885,Low Risk,0,"Consider approval, subject to lender policy"
33,45000,RENT,4.0,MEDICAL,12000,0.27,0,6,9000.0,0.18343287529913346,Medium Risk,0,Consider manual review
29,60000,MORTGAGE,0.0,EDUCATION,2400,0.04,0,9,60000.0,0.05809161805573732,Low Risk,0,"Consider approval, subject to lender policy"
44,70000,RENT,4.0,EDUCATION,9500,0.14,0,14,14000.0,0.06462915938216335,Low Risk,0,"Consider approval, subject to lender policy"
23,60000,RENT,3.0,VENTURE,10400,0.17,1,4,15000.0,0.14409649539313446,Low Risk,0,"Consider approval, subject to lender policy"
33,14400,OWN,0.0,VENTURE,2000,0.14,0,10,14400.0,0.056727745811195975,Low Risk,0,"Consider approval, subject to lender policy"
32,60000,MORTGAGE,11.0,PERSONAL,7500,0.13,1,10,5000.0,0.16185014468601122,Medium Risk,0,Consider manual review
22,60000,MORTGAGE,5.0,VENTURE,20000,0.33,0,3,10000.0,0.11778412165465997,Low Risk,0,"Consider approval, subject to lender policy"
28,127500,MORTGAGE,5.0,MEDICAL,20000,0.13,1,8,21250.0,0.33911246859242244,High Risk,1,Additional assessment required
24,32500,RENT,4.0,MEDICAL,14000,0.43,0,2,6500.0,0.9737322016028847,Very High Risk,1,High-risk application; apply lender policy
33,50000,RENT,1.0,HOMEIMPROVEMENT,9000,0.18,0,9,25000.0,0.20782166412821482,Medium Risk,0,Consider manual review
24,72000,RENT,3.0,PERSONAL,10000,0.14,1,4,18000.0,0.1877424666897178,Medium Risk,0,Consider manual review
25,85000,MORTGAGE,9.0,PERSONAL,1000,0.01,0,2,8500.0,0.03989702198081812,Low Risk,0,"Consider approval, subject to lender policy"
30,65000,RENT,11.0,VENTURE,12800,0.2,0,8,5416.666666666667,0.05525900920371383,Low Risk,0,"Consider approval, subject to lender policy"
23,23148,RENT,0.0,DEBTCONSOLIDATION,8000,0.35,0,4,23148.0,0.969434465730302,Very High Risk,1,High-risk application; apply lender policy
36,62000,RENT,3.0,HOMEIMPROVEMENT,8000,0.13,0,12,15500.0,0.0940091097984515,Low Risk,0,"Consider approval, subject to lender policy"
22,72000,MORTGAGE,1.0,PERSONAL,8500,0.12,0,2,36000.0,0.06629970768541087,Low Risk,1,"Consider approval, subject to lender policy"
26,62500,MORTGAGE,9.0,MEDICAL,8000,0.13,0,2,6250.0,0.1335287913241611,Low Risk,0,"Consider approval, subject to lender policy"
34,45000,MORTGAGE,1.0,VENTURE,12000,0.27,0,9,22500.0,0.07009332449616254,Low Risk,0,"Consider approval, subject to lender policy"
23,54000,RENT,7.0,EDUCATION,1500,0.03,0,4,6750.0,0.10719750901380569,Low Risk,0,"Consider approval, subject to lender policy"
26,95000,RENT,7.0,HOMEIMPROVEMENT,31050,0.33,1,3,11875.0,0.9615915939343808,Very High Risk,1,High-risk application; apply lender policy
23,54000,MORTGAGE,5.0,DEBTCONSOLIDATION,10000,0.19,0,3,9000.0,0.16584200508645977,Medium Risk,1,Consider manual review
23,96000,OWN,8.0,MEDICAL,8000,0.08,0,3,10666.666666666666,0.02200541089280729,Low Risk,0,"Consider approval, subject to lender policy"
32,32000,RENT,1.0,VENTURE,2600,0.08,0,6,16000.0,0.20121912660423966,Medium Risk,1,Consider manual review
29,60000,MORTGAGE,4.0,EDUCATION,5000,0.08,0,10,12000.0,0.05160664549364905,Low Risk,0,"Consider approval, subject to lender policy"
23,130992,MORTGAGE,6.0,EDUCATION,6000,0.05,0,3,18713.14285714286,0.03308851782556335,Low Risk,0,"Consider approval, subject to lender policy"
27,103000,MORTGAGE,8.0,PERSONAL,8800,0.09,0,8,11444.444444444445,0.04077925625785892,Low Risk,0,"Consider approval, subject to lender policy"
40,25000,OWN,2.0,VENTURE,8500,0.34,0,11,8333.333333333334,0.032545180606893424,Low Risk,0,"Consider approval, subject to lender policy"
21,45000,RENT,5.0,VENTURE,1000,0.02,0,3,7500.0,0.04825765877250896,Low Risk,0,"Consider approval, subject to lender policy"
27,58800,RENT,6.0,HOMEIMPROVEMENT,2800,0.05,0,10,8400.0,0.181173764386321,Medium Risk,1,Consider manual review
27,50055,MORTGAGE,5.0,VENTURE,15000,0.3,0,5,8342.5,0.057463182258418274,Low Risk,0,"Consider approval, subject to lender policy"
24,110000,RENT,1.0,MEDICAL,7000,0.06,0,2,55000.0,0.08788206985607369,Low Risk,0,"Consider approval, subject to lender policy"
25,30000,OWN,0.0,PERSONAL,3425,0.11,0,2,30000.0,0.028083418850839276,Low Risk,0,"Consider approval, subject to lender policy"
28,62000,RENT,2.0,PERSONAL,3000,0.05,0,9,20666.666666666668,0.08913980424544468,Low Risk,0,"Consider approval, subject to lender policy"
22,57500,RENT,3.0,PERSONAL,2400,0.04,0,3,14375.0,0.09574004954712535,Low Risk,0,"Consider approval, subject to lender policy"
35,45000,RENT,4.0,PERSONAL,5200,0.12,1,10,9000.0,0.21777081552339472,Medium Risk,0,Consider manual review
22,57500,RENT,1.0,DEBTCONSOLIDATION,9100,0.16,0,4,28750.0,0.1326605233385154,Low Risk,0,"Consider approval, subject to lender policy"
44,85280,MORTGAGE,4.0,PERSONAL,7000,0.08,0,12,17056.0,0.04092878559005464,Low Risk,0,"Consider approval, subject to lender policy"
25,66500,MORTGAGE,9.0,DEBTCONSOLIDATION,5000,0.08,0,3,6650.0,0.10991950956216062,Low Risk,0,"Consider approval, subject to lender policy"
23,32000,RENT,3.0,DEBTCONSOLIDATION,5000,0.16,0,2,8000.0,0.23676353661480376,Medium Risk,0,Consider manual review
24,75000,RENT,8.0,PERSONAL,10000,0.13,0,3,8333.333333333334,0.06168769914897148,Low Risk,0,"Consider approval, subject to lender policy"
25,34000,RENT,7.0,PERSONAL,9600,0.28,0,2,4250.0,0.350065908963683,High Risk,1,Additional assessment required
29,55000,RENT,0.0,PERSONAL,8500,0.15,1,8,55000.0,0.3667712165961636,High Risk,1,Additional assessment required
22,28800,MORTGAGE,0.0,VENTURE,11500,0.4,0,3,28800.0,0.15083432633727611,Medium Risk,0,Consider manual review
22,28800,RENT,2.0,DEBTCONSOLIDATION,4000,0.14,0,2,9600.0,0.18715016575407029,Medium Risk,0,Consider manual review
21,34000,RENT,5.0,HOMEIMPROVEMENT,1200,0.04,0,4,5666.666666666667,0.9510253200906732,Very High Risk,1,High-risk application; apply lender policy
29,88000,RENT,8.0,DEBTCONSOLIDATION,17600,0.2,1,6,9777.777777777777,0.3949730532581462,High Risk,0,Additional assessment required
21,12720,RENT,1.0,EDUCATION,7500,0.59,0,4,6360.0,0.9918390861473789,Very High Risk,1,High-risk application; apply lender policy
24,96000,MORTGAGE,6.0,VENTURE,12000,0.13,0,4,13714.285714285714,0.020161003040072796,Low Risk,0,"Consider approval, subject to lender policy"
45,123000,RENT,2.0,EDUCATION,14000,0.11,0,17,41000.0,0.06442869379206248,Low Risk,1,"Consider approval, subject to lender policy"
21,36120,RENT,5.0,VENTURE,9000,0.25,0,2,6020.0,0.08225211139076476,Low Risk,0,"Consider approval, subject to lender policy"
29,87000,MORTGAGE,6.0,VENTURE,4800,0.06,0,5,12428.57142857143,0.018422857021286237,Low Risk,0,"Consider approval, subject to lender policy"
27,50000,RENT,5.0,MEDICAL,7300,0.15,0,9,8333.333333333334,0.1361337735678801,Low Risk,0,"Consider approval, subject to lender policy"
23,58000,RENT,2.0,DEBTCONSOLIDATION,10000,0.17,0,2,19333.333333333332,0.13758567173689584,Low Risk,0,"Consider approval, subject to lender policy"
28,48000,MORTGAGE,1.0,EDUCATION,10000,0.21,0,8,24000.0,0.09153441886511642,Low Risk,0,"Consider approval, subject to lender policy"
32,42000,RENT,1.0,DEBTCONSOLIDATION,5800,0.14,0,10,21000.0,0.13038156285441943,Low Risk,0,"Consider approval, subject to lender policy"
23,75000,RENT,4.0,VENTURE,5000,0.07,0,4,15000.0,0.0313391364604005,Low Risk,0,"Consider approval, subject to lender policy"
39,85000,RENT,3.0,PERSONAL,10000,0.12,0,16,21250.0,0.046928842679734246,Low Risk,0,"Consider approval, subject to lender policy"
34,32758,RENT,0.0,DEBTCONSOLIDATION,8400,0.26,0,5,32758.0,0.30232067991676204,High Risk,1,Additional assessment required
32,160000,MORTGAGE,9.0,DEBTCONSOLIDATION,12000,0.07,0,8,16000.0,0.07364781826283953,Low Risk,0,"Consider approval, subject to lender policy"
38,84000,MORTGAGE,5.0,VENTURE,15000,0.18,0,16,14000.0,0.03562513492658994,Low Risk,0,"Consider approval, subject to lender policy"
23,36000,RENT,0.0,VENTURE,11000,0.31,1,3,36000.0,0.9666197637338525,Very High Risk,1,High-risk application; apply lender policy
26,82600,RENT,10.0,VENTURE,22000,0.27,0,2,7509.090909090909,0.09703598733337812,Low Risk,0,"Consider approval, subject to lender policy"
22,34000,RENT,0.0,VENTURE,18250,0.54,0,3,34000.0,0.9832561128802656,Very High Risk,1,High-risk application; apply lender policy
23,62000,MORTGAGE,7.0,VENTURE,11200,0.18,0,4,7750.0,0.03734164949802897,Low Risk,0,"Consider approval, subject to lender policy"
24,75000,RENT,4.0,VENTURE,10000,0.13,0,4,15000.0,0.03437983076642469,Low Risk,0,"Consider approval, subject to lender policy"
24,30996,RENT,7.0,VENTURE,7000,0.23,1,2,3874.5,0.33046387084450646,High Risk,0,Additional assessment required
33,82000,MORTGAGE,2.0,EDUCATION,6000,0.07,0,10,27333.333333333332,0.043304855985336635,Low Risk,0,"Consider approval, subject to lender policy"
47,52000,OWN,2.0,VENTURE,5000,0.1,0,12,17333.333333333332,0.008671414374609618,Low Risk,0,"Consider approval, subject to lender policy"
22,26004,MORTGAGE,6.0,PERSONAL,12000,0.46,0,4,3714.8571428571427,0.19167964785883043,Medium Risk,1,Consider manual review
22,17720,RENT,6.0,HOMEIMPROVEMENT,5000,0.28,0,4,2531.4285714285716,0.998119369162622,Very High Risk,1,High-risk application; apply lender policy
31,33000,OWN,6.0,DEBTCONSOLIDATION,5000,0.15,0,6,4714.285714285715,0.13017044858451,Low Risk,0,"Consider approval, subject to lender policy"
24,36000,RENT,6.0,PERSONAL,8000,0.22,0,3,5142.857142857143,0.12021151650717762,Low Risk,1,"Consider approval, subject to lender policy"
22,37000,MORTGAGE,2.0,DEBTCONSOLIDATION,13000,0.35,0,4,12333.333333333334,0.24708608395435733,Medium Risk,0,Consider manual review
22,116000,MORTGAGE,3.0,DEBTCONSOLIDATION,12000,0.1,0,4,29000.0,0.07690182411397901,Low Risk,0,"Consider approval, subject to lender policy"
25,58000,MORTGAGE,2.0,PERSONAL,2750,0.05,1,4,19333.333333333332,0.20248807973047103,Medium Risk,0,Consider manual review
23,88000,MORTGAGE,7.0,MEDICAL,10000,0.11,0,2,11000.0,0.09322150072249284,Low Risk,0,"Consider approval, subject to lender policy"
27,72000,RENT,6.0,VENTURE,20000,0.28,0,5,10285.714285714286,0.09706780371603216,Low Risk,0,"Consider approval, subject to lender policy"
25,70000,RENT,5.0,HOMEIMPROVEMENT,20000,0.29,0,2,11666.666666666666,0.16404027232179083,Medium Risk,0,Consider manual review
23,70000,RENT,3.0,EDUCATION,12000,0.17,0,2,17500.0,0.06007492481055897,Low Risk,0,"Consider approval, subject to lender policy"
33,56000,MORTGAGE,13.0,MEDICAL,12000,0.21,0,6,4000.0,0.1669012088077906,Medium Risk,0,Consider manual review
23,22080,MORTGAGE,3.0,EDUCATION,6700,0.3,0,4,5520.0,0.1085458441413359,Low Risk,0,"Consider approval, subject to lender policy"
27,70000,RENT,6.0,VENTURE,12000,0.17,0,8,10000.0,0.04475191421749362,Low Risk,0,"Consider approval, subject to lender policy"
43,45000,RENT,0.0,MEDICAL,12000,0.27,0,12,45000.0,0.18661745745880168,Medium Risk,0,Consider manual review
43,62000,MORTGAGE,11.0,HOMEIMPROVEMENT,5000,0.08,0,14,5166.666666666667,0.0679213741148053,Low Risk,0,"Consider approval, subject to lender policy"
26,53400,OWN,3.0,EDUCATION,13600,0.25,0,4,13350.0,0.011569258663620392,Low Risk,0,"Consider approval, subject to lender policy"
29,28800,RENT,1.0,VENTURE,4000,0.14,0,10,14400.0,0.14125023249648136,Low Risk,1,"Consider approval, subject to lender policy"
26,54996,RENT,8.0,EDUCATION,20000,0.36,0,4,6110.666666666667,0.9609586626426825,Very High Risk,1,High-risk application; apply lender policy
29,50000,MORTGAGE,0.0,PERSONAL,6300,0.13,0,8,50000.0,0.07128906364094599,Low Risk,0,"Consider approval, subject to lender policy"
26,39000,MORTGAGE,0.0,DEBTCONSOLIDATION,5600,0.14,1,3,39000.0,0.4702704923065257,Very High Risk,1,High-risk application; apply lender policy
23,42000,MORTGAGE,0.0,DEBTCONSOLIDATION,11000,0.26,0,2,42000.0,0.1641032648911499,Medium Risk,0,Consider manual review
22,160000,RENT,6.0,PERSONAL,20000,0.13,0,3,22857.14285714286,0.061719481318258586,Low Risk,0,"Consider approval, subject to lender policy"
27,56000,RENT,2.0,MEDICAL,14000,0.25,0,7,18666.666666666668,0.14566689244549863,Low Risk,0,"Consider approval, subject to lender policy"
29,65000,RENT,3.0,HOMEIMPROVEMENT,20000,0.31,0,10,16250.0,0.9351860013787952,Very High Risk,1,High-risk application; apply lender policy
28,44049,RENT,3.0,VENTURE,14000,0.32,0,8,11012.25,0.9325952985256367,Very High Risk,1,High-risk application; apply lender policy
24,133000,MORTGAGE,8.0,HOMEIMPROVEMENT,3000,0.02,0,4,14777.777777777777,0.03984040730604535,Low Risk,0,"Consider approval, subject to lender policy"
22,62900,RENT,6.0,MEDICAL,20000,0.27,0,4,8985.714285714286,0.2102874813702342,Medium Risk,1,Consider manual review
28,37000,MORTGAGE,12.0,PERSONAL,1000,0.03,0,6,2846.153846153846,0.08859402726071691,Low Risk,0,"Consider approval, subject to lender policy"
25,80000,MORTGAGE,2.0,VENTURE,10000,0.13,0,4,26666.666666666668,0.024510509066340926,Low Risk,0,"Consider approval, subject to lender policy"
22,56000,MORTGAGE,4.0,MEDICAL,9000,0.16,0,2,11200.0,0.17032832547353793,Medium Risk,0,Consider manual review
23,33000,RENT,4.0,EDUCATION,8000,0.24,1,4,6600.0,0.31273973438718494,High Risk,0,Additional assessment required
23,14400,RENT,0.0,EDUCATION,1100,0.08,0,4,14400.0,0.3665500231475834,High Risk,0,Additional assessment required
24,91700,RENT,1.0,EDUCATION,6500,0.07,0,3,45850.0,0.0630944899700429,Low Risk,0,"Consider approval, subject to lender policy"
22,93218,MORTGAGE,5.0,MEDICAL,12000,0.13,0,3,15536.333333333334,0.07649776780315648,Low Risk,0,"Consider approval, subject to lender policy"
26,75000,MORTGAGE,10.0,DEBTCONSOLIDATION,10000,0.13,0,2,6818.181818181818,0.10799533768415351,Low Risk,0,"Consider approval, subject to lender policy"
27,146000,MORTGAGE,5.0,MEDICAL,2500,0.02,0,5,24333.333333333332,0.07013803953675088,Low Risk,0,"Consider approval, subject to lender policy"
22,23000,RENT,6.0,MEDICAL,6250,0.27,0,2,3285.714285714286,0.2352768889241727,Medium Risk,0,Consider manual review
24,36000,RENT,5.0,EDUCATION,1200,0.03,0,2,6000.0,0.10144121059933209,Low Risk,0,"Consider approval, subject to lender policy"
28,64000,OTHER,11.0,PERSONAL,15000,0.23,0,10,5333.333333333333,0.07623879545882124,Low Risk,1,"Consider approval, subject to lender policy"
32,36000,RENT,4.0,MEDICAL,6000,0.17,1,10,7200.0,0.36038502379289417,High Risk,1,Additional assessment required
35,54396,RENT,4.0,MEDICAL,5000,0.09,1,10,10879.2,0.35396812073100703,High Risk,0,Additional assessment required
28,40000,RENT,2.0,MEDICAL,9000,0.23,0,5,13333.333333333334,0.13191667336514182,Low Risk,0,"Consider approval, subject to lender policy"
21,87000,RENT,5.0,MEDICAL,11000,0.13,0,2,14500.0,0.07748863841033442,Low Risk,0,"Consider approval, subject to lender policy"
28,86652,RENT,5.0,HOMEIMPROVEMENT,20000,0.23,0,5,14442.0,0.07821512167639892,Low Risk,1,"Consider approval, subject to lender policy"
26,48000,OWN,10.0,VENTURE,15000,0.31,0,3,4363.636363636364,0.029679249389499552,Low Risk,0,"Consider approval, subject to lender policy"
32,65000,MORTGAGE,16.0,DEBTCONSOLIDATION,5500,0.08,0,7,3823.529411764706,0.11238074466635936,Low Risk,0,"Consider approval, subject to lender policy"
27,130000,MORTGAGE,0.0,PERSONAL,8000,0.06,1,7,130000.0,0.15843317809841553,Medium Risk,0,Consider manual review
35,42000,RENT,6.0,MEDICAL,5000,0.12,0,10,6000.0,0.14349391589820634,Low Risk,0,"Consider approval, subject to lender policy"
36,110000,MORTGAGE,9.0,HOMEIMPROVEMENT,15000,0.14,0,15,11000.0,0.04641696224377817,Low Risk,0,"Consider approval, subject to lender policy"
35,58800,MORTGAGE,5.0,MEDICAL,12000,0.2,0,9,9800.0,0.20857928716445306,Medium Risk,1,Consider manual review
28,19200,RENT,0.0,DEBTCONSOLIDATION,4000,0.21,0,8,19200.0,0.9306539564817738,Very High Risk,1,High-risk application; apply lender policy
25,53000,RENT,6.0,MEDICAL,3000,0.06,1,2,7571.428571428572,0.31696262684871557,High Risk,0,Additional assessment required
42,316800,MORTGAGE,3.0,PERSONAL,19400,0.06,1,13,79200.0,0.1663453543786418,Medium Risk,0,Consider manual review
33,72000,MORTGAGE,6.0,VENTURE,4250,0.06,0,5,10285.714285714286,0.025678847331716746,Low Risk,0,"Consider approval, subject to lender policy"
22,57996,MORTGAGE,2.0,VENTURE,2500,0.04,0,3,19332.0,0.04545030803850212,Low Risk,0,"Consider approval, subject to lender policy"
24,60000,RENT,5.0,EDUCATION,7000,0.12,0,4,10000.0,0.06791565243807499,Low Risk,0,"Consider approval, subject to lender policy"
30,50000,MORTGAGE,6.0,DEBTCONSOLIDATION,4000,0.08,0,9,7142.857142857143,0.13032779144780077,Low Risk,0,"Consider approval, subject to lender policy"
29,63755,MORTGAGE,14.0,MEDICAL,3000,0.05,1,10,4250.333333333333,0.3435193182844918,High Risk,0,Additional assessment required
32,27000,RENT,5.0,EDUCATION,4500,0.17,1,5,4500.0,0.23727488997397544,Medium Risk,0,Consider manual review
23,60000,RENT,1.0,VENTURE,8000,0.13,0,4,30000.0,0.07832283077324705,Low Risk,0,"Consider approval, subject to lender policy"
24,36000,MORTGAGE,3.0,HOMEIMPROVEMENT,6400,0.18,0,4,9000.0,0.1368640748691073,Low Risk,0,"Consider approval, subject to lender policy"
37,59000,MORTGAGE,3.0,HOMEIMPROVEMENT,9000,0.15,0,13,14750.0,0.1258816776880507,Low Risk,0,"Consider approval, subject to lender policy"
25,41000,RENT,9.0,MEDICAL,5000,0.12,0,2,4100.0,0.15918716481639672,Medium Risk,0,Consider manual review
29,70000,RENT,3.0,PERSONAL,25000,0.36,0,6,17500.0,0.9608455735776319,Very High Risk,1,High-risk application; apply lender policy
44,80000,RENT,6.0,PERSONAL,6400,0.08,0,11,11428.57142857143,0.043261881203842896,Low Risk,0,"Consider approval, subject to lender policy"
29,52000,MORTGAGE,6.0,VENTURE,12000,0.23,0,8,7428.571428571428,0.051846365041427915,Low Risk,0,"Consider approval, subject to lender policy"
21,69000,MORTGAGE,5.0,PERSONAL,13250,0.19,0,2,11500.0,0.0663984671898596,Low Risk,0,"Consider approval, subject to lender policy"
25,100000,MORTGAGE,9.0,MEDICAL,3275,0.03,0,2,10000.0,0.07923414184962098,Low Risk,0,"Consider approval, subject to lender policy"
24,26000,RENT,6.0,PERSONAL,10000,0.38,0,4,3714.285714285714,0.9631335958025955,Very High Risk,1,High-risk application; apply lender policy
33,57000,MORTGAGE,3.0,EDUCATION,10000,0.18,1,8,14250.0,0.17328955513034092,Medium Risk,1,Consider manual review
34,73000,MORTGAGE,7.0,PERSONAL,20675,0.28,0,9,9125.0,0.1182018498616643,Low Risk,0,"Consider approval, subject to lender policy"
25,65000,OWN,3.0,VENTURE,8700,0.13,0,3,16250.0,0.007187381672249288,Low Risk,0,"Consider approval, subject to lender policy"
25,60000,RENT,5.0,EDUCATION,3000,0.05,1,2,10000.0,0.14604105040269955,Low Risk,0,"Consider approval, subject to lender policy"
26,59000,RENT,2.0,VENTURE,18000,0.31,0,4,19666.666666666668,0.9728690578195425,Very High Risk,1,High-risk application; apply lender policy
26,150000,RENT,3.0,PERSONAL,12000,0.08,0,3,37500.0,0.051382370095784016,Low Risk,0,"Consider approval, subject to lender policy"
31,75000,MORTGAGE,3.0,EDUCATION,12000,0.16,0,10,18750.0,0.04570690412494938,Low Risk,0,"Consider approval, subject to lender policy"
31,62000,MORTGAGE,9.0,MEDICAL,2500,0.04,1,6,6200.0,0.3435193182844918,High Risk,0,Additional assessment required
21,40000,RENT,3.0,EDUCATION,7000,0.17,0,3,10000.0,0.07803322776015806,Low Risk,0,"Consider approval, subject to lender policy"
28,52000,MORTGAGE,10.0,DEBTCONSOLIDATION,13600,0.26,0,5,4727.272727272727,0.16433770226335304,Medium Risk,0,Consider manual review
33,32400,RENT,8.0,EDUCATION,11000,0.34,0,10,3600.0,0.962317531681618,Very High Risk,1,High-risk application; apply lender policy
25,40800,OWN,5.0,HOMEIMPROVEMENT,7000,0.17,0,4,6800.0,0.019987056558957654,Low Risk,1,"Consider approval, subject to lender policy"
27,104000,RENT,8.0,PERSONAL,12800,0.12,0,7,11555.555555555555,0.050418880219283486,Low Risk,0,"Consider approval, subject to lender policy"
30,85000,RENT,5.0,VENTURE,5000,0.06,0,9,14166.666666666666,0.023995329444244474,Low Risk,0,"Consider approval, subject to lender policy"
22,46200,RENT,5.0,EDUCATION,6200,0.13,0,3,7700.0,0.08593125176539489,Low Risk,0,"Consider approval, subject to lender policy"
27,60000,RENT,4.0,DEBTCONSOLIDATION,18500,0.31,0,5,12000.0,0.9537350941302939,Very High Risk,1,High-risk application; apply lender policy
21,50000,RENT,5.0,DEBTCONSOLIDATION,8075,0.16,0,2,8333.333333333334,0.13516835380696118,Low Risk,0,"Consider approval, subject to lender policy"
27,66500,MORTGAGE,3.0,HOMEIMPROVEMENT,16000,0.24,0,5,16625.0,0.07144225508167809,Low Risk,0,"Consider approval, subject to lender policy"
32,54996,MORTGAGE,1.0,MEDICAL,7000,0.13,0,8,27498.0,0.14806509109652757,Low Risk,0,"Consider approval, subject to lender policy"
27,29120,OWN,0.0,VENTURE,4000,0.14,0,7,29120.0,0.017939366667820672,Low Risk,0,"Consider approval, subject to lender policy"
39,182500,RENT,2.0,HOMEIMPROVEMENT,12500,0.07,0,11,60833.333333333336,0.10402774652679428,Low Risk,0,"Consider approval, subject to lender policy"
35,165996,RENT,1.0,DEBTCONSOLIDATION,6000,0.04,0,10,82998.0,0.08541553535151551,Low Risk,0,"Consider approval, subject to lender policy"
25,120000,MORTGAGE,6.0,DEBTCONSOLIDATION,10000,0.08,0,2,17142.85714285714,0.07904203594000682,Low Risk,0,"Consider approval, subject to lender policy"
22,38272,OWN,6.0,MEDICAL,4800,0.13,0,2,5467.428571428572,0.031834644969322895,Low Risk,0,"Consider approval, subject to lender policy"
54,79864,MORTGAGE,5.0,PERSONAL,1800,0.02,0,21,13310.666666666666,0.049269306732498436,Low Risk,0,"Consider approval, subject to lender policy"
29,52000,RENT,3.0,DEBTCONSOLIDATION,10800,0.21,0,5,13000.0,0.13006138756436925,Low Risk,0,"Consider approval, subject to lender policy"
22,16320,RENT,0.0,DEBTCONSOLIDATION,5000,0.31,0,2,16320.0,0.9909330972527991,Very High Risk,1,High-risk application; apply lender policy
25,98000,OWN,0.0,HOMEIMPROVEMENT,2000,0.02,0,3,98000.0,0.01689251023343309,Low Risk,0,"Consider approval, subject to lender policy"
24,47000,MORTGAGE,1.0,EDUCATION,8500,0.18,0,4,23500.0,0.0882669440322591,Low Risk,0,"Consider approval, subject to lender policy"
21,18000,OWN,1.0,PERSONAL,2500,0.14,0,3,9000.0,0.07986037121803334,Low Risk,0,"Consider approval, subject to lender policy"
24,109000,MORTGAGE,3.0,DEBTCONSOLIDATION,8800,0.08,0,2,27250.0,0.0803611377755795,Low Risk,0,"Consider approval, subject to lender policy"
24,112500,RENT,1.0,PERSONAL,16000,0.14,0,3,56250.0,0.1213648335120031,Low Risk,0,"Consider approval, subject to lender policy"
25,62400,RENT,7.0,VENTURE,20000,0.32,0,2,7800.0,0.9429774205507608,Very High Risk,1,High-risk application; apply lender policy
27,35004,RENT,7.0,MEDICAL,5000,0.14,0,8,4375.5,0.11402334479455314,Low Risk,0,"Consider approval, subject to lender policy"
27,73400,MORTGAGE,10.0,MEDICAL,2100,0.03,0,5,6672.727272727273,0.11903525795447682,Low Risk,0,"Consider approval, subject to lender policy"
23,16000,MORTGAGE,3.0,MEDICAL,2275,0.14,1,3,4000.0,0.4548082972125306,Very High Risk,0,High-risk application; apply lender policy
33,64000,RENT,14.0,VENTURE,11000,0.17,1,5,4266.666666666667,0.153729400060892,Medium Risk,1,Consider manual review
22,12600,RENT,2.0,PERSONAL,4000,0.32,0,4,4200.0,0.9895254109037579,Very High Risk,1,High-risk application; apply lender policy
22,65856,MORTGAGE,6.0,MEDICAL,16800,0.26,0,2,9408.0,0.2055007488108705,Medium Risk,0,Consider manual review
24,43000,RENT,3.0,MEDICAL,11400,0.27,0,2,10750.0,0.20238515986537792,Medium Risk,0,Consider manual review
24,38000,RENT,0.0,PERSONAL,12000,0.32,0,3,38000.0,0.9516245017293031,Very High Risk,1,High-risk application; apply lender policy
26,30000,MORTGAGE,10.0,VENTURE,6500,0.22,0,3,2727.2727272727275,0.09327868165520267,Low Risk,0,"Consider approval, subject to lender policy"
26,29000,RENT,10.0,DEBTCONSOLIDATION,9200,0.32,0,3,2636.3636363636365,0.9756599430241761,Very High Risk,1,High-risk application; apply lender policy
25,74500,RENT,3.0,MEDICAL,6000,0.08,0,4,18625.0,0.1276714265516477,Low Risk,0,"Consider approval, subject to lender policy"
55,94000,MORTGAGE,11.0,PERSONAL,4000,0.04,0,26,7833.333333333333,0.03813955792488234,Low Risk,0,"Consider approval, subject to lender policy"
26,80000,MORTGAGE,10.0,EDUCATION,15000,0.19,0,2,7272.727272727273,0.04491234717640958,Low Risk,0,"Consider approval, subject to lender policy"
26,50000,MORTGAGE,3.0,DEBTCONSOLIDATION,8000,0.16,0,4,12500.0,0.13343790232211533,Low Risk,0,"Consider approval, subject to lender policy"
25,28800,RENT,6.0,MEDICAL,14800,0.51,0,3,4114.285714285715,0.9713506075255245,Very High Risk,1,High-risk application; apply lender policy
24,45000,RENT,1.0,VENTURE,12000,0.27,0,3,22500.0,0.15929216609221597,Medium Risk,0,Consider manual review
26,45000,MORTGAGE,9.0,PERSONAL,10000,0.22,0,3,4500.0,0.09022369312499567,Low Risk,0,"Consider approval, subject to lender policy"
47,44000,OWN,3.0,HOMEIMPROVEMENT,4000,0.09,0,16,11000.0,0.018816735940556894,Low Risk,0,"Consider approval, subject to lender policy"
29,39000,RENT,2.0,PERSONAL,3000,0.08,1,7,13000.0,0.442663751406019,High Risk,1,Additional assessment required
24,38000,RENT,0.0,VENTURE,12000,0.32,0,3,38000.0,0.9478885724590596,Very High Risk,1,High-risk application; apply lender policy
30,175000,RENT,1.0,EDUCATION,18000,0.1,0,10,87500.0,0.11378690646671041,Low Risk,0,"Consider approval, subject to lender policy"
23,73000,RENT,0.0,DEBTCONSOLIDATION,6825,0.09,0,3,73000.0,0.15247326849262077,Medium Risk,0,Consider manual review
31,33000,RENT,1.0,DEBTCONSOLIDATION,2000,0.06,0,5,16500.0,0.2508411430818904,High Risk,0,Additional assessment required
22,60000,RENT,7.0,VENTURE,14000,0.23,0,2,7500.0,0.057723832309584125,Low Risk,0,"Consider approval, subject to lender policy"
25,36000,RENT,9.0,PERSONAL,8400,0.23,1,4,3600.0,0.28144407933353405,High Risk,0,Additional assessment required
34,150000,MORTGAGE,5.0,VENTURE,15000,0.1,0,9,25000.0,0.024627426408055014,Low Risk,0,"Consider approval, subject to lender policy"
32,34000,MORTGAGE,5.0,DEBTCONSOLIDATION,2800,0.08,0,7,5666.666666666667,0.31495436368902996,High Risk,0,Additional assessment required
24,91228,MORTGAGE,2.0,MEDICAL,12000,0.13,0,3,30409.333333333332,0.07334595951597059,Low Risk,0,"Consider approval, subject to lender policy"
29,30996,RENT,0.0,DEBTCONSOLIDATION,18000,0.58,0,7,30996.0,0.9760297779568212,Very High Risk,1,High-risk application; apply lender policy
23,80004,MORTGAGE,2.0,VENTURE,19000,0.24,0,2,26668.0,0.04660397095586956,Low Risk,0,"Consider approval, subject to lender policy"
40,52000,MORTGAGE,6.0,HOMEIMPROVEMENT,7000,0.13,0,14,7428.571428571428,0.1123209248862792,Low Risk,1,"Consider approval, subject to lender policy"
31,96000,MORTGAGE,1.0,MEDICAL,22500,0.23,0,5,48000.0,0.2512851074497475,High Risk,0,Additional assessment required
27,119000,OWN,5.0,EDUCATION,5000,0.04,0,5,19833.333333333332,0.010154506041971012,Low Risk,0,"Consider approval, subject to lender policy"
34,62000,RENT,2.0,PERSONAL,9100,0.15,0,7,20666.666666666668,0.09496082483684029,Low Risk,0,"Consider approval, subject to lender policy"
39,30000,MORTGAGE,14.0,MEDICAL,7200,0.24,1,11,2000.0,0.5695090764723046,Very High Risk,1,High-risk application; apply lender policy
24,133000,RENT,5.0,EDUCATION,17400,0.13,0,4,22166.666666666668,0.05304021000850034,Low Risk,0,"Consider approval, subject to lender policy"
24,81100,MORTGAGE,8.0,PERSONAL,3200,0.04,0,2,9011.111111111111,0.04541220602170636,Low Risk,0,"Consider approval, subject to lender policy"
37,44000,RENT,12.0,VENTURE,3500,0.08,0,15,3384.6153846153848,0.05414473247932157,Low Risk,0,"Consider approval, subject to lender policy"
25,100000,MORTGAGE,5.0,MEDICAL,15000,0.15,0,3,16666.666666666668,0.10188368195642146,Low Risk,0,"Consider approval, subject to lender policy"
31,65000,RENT,8.0,EDUCATION,7500,0.12,0,6,7222.222222222223,0.07288953983030122,Low Risk,0,"Consider approval, subject to lender policy"
28,32000,RENT,12.0,DEBTCONSOLIDATION,12000,0.38,0,9,2461.5384615384614,0.9728658148557465,Very High Risk,1,High-risk application; apply lender policy
23,93600,RENT,3.0,VENTURE,25000,0.27,0,4,23400.0,0.13217652058463072,Low Risk,0,"Consider approval, subject to lender policy"
28,38400,RENT,3.0,EDUCATION,5000,0.13,0,5,9600.0,0.09900809659893427,Low Risk,0,"Consider approval, subject to lender policy"
25,21500,RENT,2.0,MEDICAL,7500,0.35,1,3,7166.666666666667,0.9817451496094095,Very High Risk,1,High-risk application; apply lender policy
28,78000,RENT,0.0,PERSONAL,25000,0.32,1,5,78000.0,0.986053216008423,Very High Risk,1,High-risk application; apply lender policy
43,125000,RENT,4.0,EDUCATION,3250,0.03,0,16,25000.0,0.042727405335765675,Low Risk,0,"Consider approval, subject to lender policy"
28,50000,OWN,12.0,VENTURE,6000,0.12,0,9,3846.153846153846,0.006808352927117349,Low Risk,0,"Consider approval, subject to lender policy"
22,75000,MORTGAGE,6.0,MEDICAL,25000,0.33,0,2,10714.285714285714,0.3696592406808727,High Risk,0,Additional assessment required
33,25200,RENT,0.0,MEDICAL,5500,0.22,0,7,25200.0,0.1846795441795934,Medium Risk,0,Consider manual review
22,36000,OWN,6.0,EDUCATION,7500,0.21,0,2,5142.857142857143,0.012296723350965325,Low Risk,0,"Consider approval, subject to lender policy"
26,37000,RENT,10.0,PERSONAL,6300,0.17,0,3,3363.6363636363635,0.11381693646814371,Low Risk,0,"Consider approval, subject to lender policy"
30,51000,MORTGAGE,6.0,HOMEIMPROVEMENT,6600,0.13,0,9,7285.714285714285,0.10281883780177592,Low Risk,0,"Consider approval, subject to lender policy"
26,52000,MORTGAGE,2.0,EDUCATION,6000,0.12,0,4,17333.333333333332,0.0805919768831932,Low Risk,0,"Consider approval, subject to lender policy"
30,125000,MORTGAGE,14.0,HOMEIMPROVEMENT,5750,0.05,0,5,8333.333333333334,0.03984040730604535,Low Risk,0,"Consider approval, subject to lender policy"
28,78000,MORTGAGE,4.0,VENTURE,10000,0.13,1,7,15600.0,0.12697402105720598,Low Risk,1,"Consider approval, subject to lender policy"
29,8472,RENT,2.0,PERSONAL,3000,0.35,0,7,2824.0,0.9915283550267681,Very High Risk,1,High-risk application; apply lender policy
21,65004,RENT,5.0,PERSONAL,6000,0.09,0,3,10834.0,0.06856825652089167,Low Risk,0,"Consider approval, subject to lender policy"
23,31800,RENT,7.0,PERSONAL,9600,0.3,1,3,3975.0,0.41917397544520457,High Risk,1,Additional assessment required
27,39000,RENT,1.0,PERSONAL,4000,0.1,0,9,19500.0,0.18968568148464723,Medium Risk,0,Consider manual review
29,62532,RENT,6.0,VENTURE,9000,0.14,0,6,8933.142857142857,0.041565599707095696,Low Risk,0,"Consider approval, subject to lender policy"
39,23000,OWN,6.0,MEDICAL,6400,0.28,0,14,3285.714285714286,0.03918002125418554,Low Risk,0,"Consider approval, subject to lender policy"
23,65000,MORTGAGE,4.0,EDUCATION,13600,0.21,1,2,13000.0,0.13521357960032762,Low Risk,0,"Consider approval, subject to lender policy"
23,120000,RENT,4.0,MEDICAL,23750,0.2,0,2,24000.0,0.18896816234420555,Medium Risk,0,Consider manual review
32,24000,OWN,5.0,EDUCATION,2850,0.12,0,7,4000.0,0.0171797586950382,Low Risk,0,"Consider approval, subject to lender policy"
45,48500,RENT,7.0,MEDICAL,18000,0.37,1,15,6062.5,0.9803180575430409,Very High Risk,1,High-risk application; apply lender policy
28,50400,MORTGAGE,4.0,VENTURE,12000,0.24,0,8,10080.0,0.04449757828128359,Low Risk,0,"Consider approval, subject to lender policy"
29,125000,MORTGAGE,12.0,PERSONAL,25000,0.2,0,8,9615.384615384615,0.08427874602057096,Low Risk,0,"Consider approval, subject to lender policy"
48,140000,MORTGAGE,4.0,EDUCATION,18000,0.13,0,11,28000.0,0.044763551565025386,Low Risk,0,"Consider approval, subject to lender policy"
33,36000,RENT,5.0,PERSONAL,5600,0.16,0,7,6000.0,0.11236284456636894,Low Risk,1,"Consider approval, subject to lender policy"
50,56000,RENT,2.0,HOMEIMPROVEMENT,15000,0.27,0,15,18666.666666666668,0.35340064578484665,High Risk,0,Additional assessment required
22,44004,MORTGAGE,0.0,DEBTCONSOLIDATION,11000,0.25,0,4,44004.0,0.14229629665911453,Low Risk,1,"Consider approval, subject to lender policy"
26,104004,MORTGAGE,10.0,DEBTCONSOLIDATION,15000,0.14,0,2,9454.90909090909,0.09597095278142735,Low Risk,0,"Consider approval, subject to lender policy"
27,26000,MORTGAGE,11.0,MEDICAL,5000,0.19,0,9,2166.6666666666665,0.19863007853542877,Medium Risk,0,Consider manual review
26,127500,MORTGAGE,7.0,HOMEIMPROVEMENT,10000,0.08,0,3,15937.5,0.03984040730604535,Low Risk,0,"Consider approval, subject to lender policy"
22,66000,RENT,6.0,PERSONAL,16800,0.25,1,2,9428.57142857143,0.24155068702058738,Medium Risk,0,Consider manual review
23,60996,RENT,7.0,PERSONAL,14400,0.24,0,3,7624.5,0.07835407264722183,Low Risk,0,"Consider approval, subject to lender policy"
28,100000,MORTGAGE,13.0,VENTURE,13000,0.13,0,5,7142.857142857143,0.021413106697684196,Low Risk,0,"Consider approval, subject to lender policy"
22,46500,RENT,4.0,VENTURE,5000,0.11,0,4,9300.0,0.04825765877250896,Low Risk,0,"Consider approval, subject to lender policy"
22,51800,MORTGAGE,4.0,EDUCATION,7200,0.14,0,3,10360.0,0.07098003578976507,Low Risk,0,"Consider approval, subject to lender policy"
21,33600,RENT,2.0,MEDICAL,12000,0.36,0,3,11200.0,0.9699464632974577,Very High Risk,1,High-risk application; apply lender policy
29,70000,OTHER,1.0,PERSONAL,5000,0.07,0,6,35000.0,0.059950195338953155,Low Risk,0,"Consider approval, subject to lender policy"
30,32004,OWN,4.0,VENTURE,5500,0.17,0,8,6400.8,0.014310543135166501,Low Risk,0,"Consider approval, subject to lender policy"
39,80000,OWN,0.0,MEDICAL,5000,0.06,0,13,80000.0,0.021578757133443385,Low Risk,0,"Consider approval, subject to lender policy"
31,103000,MORTGAGE,3.0,VENTURE,15000,0.15,0,6,25750.0,0.024627426408055014,Low Risk,0,"Consider approval, subject to lender policy"
39,708000,MORTGAGE,14.0,DEBTCONSOLIDATION,25000,0.04,0,12,47200.0,0.18443077514403824,Medium Risk,0,Consider manual review
23,87000,MORTGAGE,0.0,PERSONAL,7500,0.09,1,2,87000.0,0.15940638422198095,Medium Risk,0,Consider manual review
24,75000,RENT,4.0,HOMEIMPROVEMENT,3000,0.04,0,4,15000.0,0.07849959034534053,Low Risk,0,"Consider approval, subject to lender policy"
24,75000,RENT,4.0,VENTURE,10000,0.13,0,2,15000.0,0.03701284376759788,Low Risk,0,"Consider approval, subject to lender policy"
22,29000,RENT,0.0,EDUCATION,6400,0.22,1,4,29000.0,0.48786098201670763,Very High Risk,0,High-risk application; apply lender policy
66,42000,RENT,2.0,MEDICAL,6475,0.15,0,24,14000.0,0.14424260327872848,Low Risk,0,"Consider approval, subject to lender policy"
23,52780,MORTGAGE,2.0,PERSONAL,8000,0.15,0,2,17593.333333333332,0.0990163038872374,Low Risk,0,"Consider approval, subject to lender policy"
29,65000,MORTGAGE,11.0,HOMEIMPROVEMENT,7000,0.11,0,10,5416.666666666667,0.0679213741148053,Low Risk,0,"Consider approval, subject to lender policy"
25,156000,MORTGAGE,9.0,DEBTCONSOLIDATION,10000,0.06,1,2,15600.0,0.33204137850271287,High Risk,0,Additional assessment required
30,64000,MORTGAGE,3.0,HOMEIMPROVEMENT,10200,0.16,0,8,16000.0,0.06326337405137807,Low Risk,0,"Consider approval, subject to lender policy"
26,50000,RENT,0.0,MEDICAL,13000,0.26,0,3,50000.0,0.15345631032590576,Medium Risk,0,Consider manual review
25,85584,MORTGAGE,10.0,DEBTCONSOLIDATION,24000,0.28,1,2,7780.363636363636,0.6403172582257022,Very High Risk,1,High-risk application; apply lender policy
70,132000,MORTGAGE,0.0,PERSONAL,14000,0.11,0,24,132000.0,0.05939531946875608,Low Risk,0,"Consider approval, subject to lender policy"
43,86044,MORTGAGE,16.0,HOMEIMPROVEMENT,6500,0.08,0,13,5061.411764705882,0.044007789200660466,Low Risk,0,"Consider approval, subject to lender policy"
26,65000,MORTGAGE,4.0,EDUCATION,5000,0.08,0,4,13000.0,0.05160664549364905,Low Risk,0,"Consider approval, subject to lender policy"
30,39600,MORTGAGE,5.0,DEBTCONSOLIDATION,3000,0.08,0,10,6600.0,0.1766534480525305,Medium Risk,0,Consider manual review
27,44000,RENT,6.0,VENTURE,4800,0.11,0,10,6285.714285714285,0.053407050849670755,Low Risk,0,"Consider approval, subject to lender policy"
25,32000,RENT,1.0,DEBTCONSOLIDATION,1500,0.05,0,3,16000.0,0.2508411430818904,High Risk,0,Additional assessment required
39,90000,MORTGAGE,9.0,HOMEIMPROVEMENT,22000,0.24,1,15,9000.0,0.13666106905048556,Low Risk,0,"Consider approval, subject to lender policy"
32,30000,MORTGAGE,16.0,EDUCATION,7000,0.23,0,6,1764.7058823529412,0.15017952012540667,Medium Risk,0,Consider manual review
26,88596,RENT,3.0,PERSONAL,24000,0.27,0,3,22149.0,0.20092912210058197,Medium Risk,0,Consider manual review
29,28000,RENT,9.0,VENTURE,8400,0.3,0,6,2800.0,0.13843306950184459,Low Risk,0,"Consider approval, subject to lender policy"
22,30000,MORTGAGE,6.0,DEBTCONSOLIDATION,5000,0.17,0,4,4285.714285714285,0.2333025585722915,Medium Risk,0,Consider manual review
23,48000,RENT,4.0,EDUCATION,1600,0.03,0,3,9600.0,0.08593125176539489,Low Risk,0,"Consider approval, subject to lender policy"
27,50000,RENT,0.0,VENTURE,2000,0.04,0,5,50000.0,0.07278519610759555,Low Risk,0,"Consider approval, subject to lender policy"
28,38000,RENT,7.0,PERSONAL,5000,0.13,0,6,4750.0,0.11381693646814371,Low Risk,1,"Consider approval, subject to lender policy"
26,45000,MORTGAGE,1.0,DEBTCONSOLIDATION,1500,0.03,0,2,22500.0,0.12503586604226738,Low Risk,0,"Consider approval, subject to lender policy"
24,105000,MORTGAGE,4.0,VENTURE,4000,0.04,0,4,21000.0,0.018353977381738787,Low Risk,0,"Consider approval, subject to lender policy"
29,77000,RENT,0.0,EDUCATION,8225,0.11,0,10,77000.0,0.1028610552577709,Low Risk,0,"Consider approval, subject to lender policy"
35,100000,RENT,3.0,PERSONAL,12000,0.12,0,6,25000.0,0.050418880219283486,Low Risk,0,"Consider approval, subject to lender policy"
34,25000,RENT,0.0,VENTURE,5325,0.21,0,7,25000.0,0.16803834652888364,Medium Risk,0,Consider manual review
28,76500,MORTGAGE,12.0,MEDICAL,10000,0.13,0,7,5884.615384615385,0.11757236772011892,Low Risk,0,"Consider approval, subject to lender policy"
25,63000,MORTGAGE,9.0,EDUCATION,25000,0.4,0,2,6300.0,0.18895750576163553,Medium Risk,0,Consider manual review
27,27000,RENT,3.0,MEDICAL,6900,0.26,0,7,6750.0,0.23928490416252002,Medium Risk,0,Consider manual review
28,24000,RENT,8.0,VENTURE,8875,0.37,0,9,2666.6666666666665,0.959127307387318,Very High Risk,1,High-risk application; apply lender policy
23,75000,MORTGAGE,7.0,PERSONAL,8000,0.11,0,4,9375.0,0.05000704156723526,Low Risk,1,"Consider approval, subject to lender policy"
32,95000,MORTGAGE,13.0,HOMEIMPROVEMENT,8000,0.08,0,9,6785.714285714285,0.0432437214315923,Low Risk,0,"Consider approval, subject to lender policy"
29,66996,MORTGAGE,1.0,PERSONAL,9000,0.13,0,7,33498.0,0.06725575424168496,Low Risk,0,"Consider approval, subject to lender policy"
36,54000,RENT,2.0,HOMEIMPROVEMENT,7500,0.14,0,14,18000.0,0.2516845463937334,High Risk,1,Additional assessment required
25,89000,MORTGAGE,9.0,MEDICAL,14000,0.16,0,2,8900.0,0.09322150072249284,Low Risk,0,"Consider approval, subject to lender policy"
23,98400,MORTGAGE,7.0,EDUCATION,9000,0.09,0,4,12300.0,0.03621965695710324,Low Risk,0,"Consider approval, subject to lender policy"
26,174000,RENT,8.0,DEBTCONSOLIDATION,12000,0.07,0,4,19333.333333333332,0.06819379558250382,Low Risk,0,"Consider approval, subject to lender policy"
28,30000,RENT,5.0,PERSONAL,5825,0.19,0,9,5000.0,0.1842463922680165,Medium Risk,0,Consider manual review
33,72000,MORTGAGE,6.0,DEBTCONSOLIDATION,4250,0.06,0,5,10285.714285714286,0.09959925595576424,Low Risk,0,"Consider approval, subject to lender policy"
29,52800,MORTGAGE,1.0,PERSONAL,4800,0.09,0,9,26400.0,0.08423108984975707,Low Risk,0,"Consider approval, subject to lender policy"
32,45000,MORTGAGE,3.0,DEBTCONSOLIDATION,5000,0.11,0,5,11250.0,0.13172219004866337,Low Risk,0,"Consider approval, subject to lender policy"
36,62000,RENT,3.0,DEBTCONSOLIDATION,8000,0.13,0,13,15500.0,0.10521885787741175,Low Risk,0,"Consider approval, subject to lender policy"
25,43738,RENT,0.0,DEBTCONSOLIDATION,4500,0.1,0,3,43738.0,0.13038156285441943,Low Risk,0,"Consider approval, subject to lender policy"
41,140000,MORTGAGE,3.0,VENTURE,25000,0.18,1,12,35000.0,0.17407859928632008,Medium Risk,0,Consider manual review
31,75000,RENT,2.0,VENTURE,6000,0.08,0,10,25000.0,0.0597696328894662,Low Risk,0,"Consider approval, subject to lender policy"
22,29000,RENT,0.0,HOMEIMPROVEMENT,4200,0.14,0,2,29000.0,0.9653581612133278,Very High Risk,1,High-risk application; apply lender policy
35,80000,RENT,0.0,EDUCATION,7050,0.09,0,10,80000.0,0.07182707078793316,Low Risk,0,"Consider approval, subject to lender policy"
24,61000,RENT,3.0,VENTURE,12000,0.2,0,3,15250.0,0.051421478122197065,Low Risk,0,"Consider approval, subject to lender policy"
28,22968,RENT,4.0,MEDICAL,1500,0.07,0,7,4593.6,0.1828068230127276,Medium Risk,0,Consider manual review
21,23000,OTHER,0.0,EDUCATION,2400,0.1,0,4,23000.0,0.10815883188747366,Low Risk,0,"Consider approval, subject to lender policy"
40,75000,RENT,6.0,EDUCATION,15000,0.2,0,11,10714.285714285714,0.06751360849386605,Low Risk,0,"Consider approval, subject to lender policy"
34,40000,OWN,2.0,EDUCATION,2000,0.05,0,6,13333.333333333334,0.013930630540205905,Low Risk,0,"Consider approval, subject to lender policy"
23,30000,RENT,8.0,EDUCATION,10625,0.35,0,2,3333.3333333333335,0.9668973693611517,Very High Risk,1,High-risk application; apply lender policy
21,60000,RENT,3.0,EDUCATION,10000,0.17,0,2,15000.0,0.06314546225205442,Low Risk,0,"Consider approval, subject to lender policy"
26,48000,RENT,4.0,DEBTCONSOLIDATION,8400,0.17,0,2,9600.0,0.1416973636648027,Low Risk,0,"Consider approval, subject to lender policy"
35,66000,MORTGAGE,6.0,DEBTCONSOLIDATION,9100,0.14,0,7,9428.57142857143,0.111165103329842,Low Risk,0,"Consider approval, subject to lender policy"
42,35010,RENT,4.0,MEDICAL,3500,0.1,1,16,7002.0,0.26410299182353103,High Risk,0,Additional assessment required
25,63996,RENT,9.0,DEBTCONSOLIDATION,14000,0.22,1,2,6399.6,0.4888382328515186,Very High Risk,1,High-risk application; apply lender policy
28,30000,RENT,4.0,EDUCATION,3900,0.13,0,9,6000.0,0.17157539846680128,Medium Risk,0,Consider manual review
23,80000,MORTGAGE,7.0,PERSONAL,4000,0.05,0,3,10000.0,0.03543241811353911,Low Risk,0,"Consider approval, subject to lender policy"
32,37440,OWN,0.0,MEDICAL,5000,0.13,0,5,37440.0,0.02628162231277245,Low Risk,0,"Consider approval, subject to lender policy"
47,56004,RENT,2.0,VENTURE,10800,0.19,0,11,18668.0,0.11549578914539313,Low Risk,0,"Consider approval, subject to lender policy"
51,80000,RENT,3.0,HOMEIMPROVEMENT,18000,0.23,1,20,20000.0,0.18697429425126025,Medium Risk,0,Consider manual review
32,35000,MORTGAGE,2.0,PERSONAL,6075,0.17,0,9,11666.666666666666,0.07433636696541132,Low Risk,0,"Consider approval, subject to lender policy"
28,61000,RENT,12.0,HOMEIMPROVEMENT,15000,0.25,0,7,4692.307692307692,0.11312046847160524,Low Risk,0,"Consider approval, subject to lender policy"
21,32900,MORTGAGE,2.0,MEDICAL,3000,0.09,0,2,10966.666666666666,0.2515846609300027,High Risk,0,Additional assessment required
24,26000,RENT,1.0,MEDICAL,5375,0.21,1,4,13000.0,0.4442521212288488,High Risk,0,Additional assessment required
21,39600,RENT,3.0,EDUCATION,7000,0.18,1,2,9900.0,0.265057918133138,High Risk,0,Additional assessment required
36,32004,RENT,3.0,VENTURE,5000,0.16,0,15,8001.0,0.10169717180330708,Low Risk,0,"Consider approval, subject to lender policy"
23,60000,MORTGAGE,0.0,EDUCATION,10000,0.17,0,3,60000.0,0.0562664506249306,Low Risk,0,"Consider approval, subject to lender policy"
28,20292,RENT,3.0,VENTURE,3900,0.19,0,9,5073.0,0.09899940901496013,Low Risk,0,"Consider approval, subject to lender policy"
24,50000,RENT,8.0,MEDICAL,15850,0.32,1,3,5555.555555555556,0.975028534380617,Very High Risk,1,High-risk application; apply lender policy
27,96000,RENT,11.0,HOMEIMPROVEMENT,25000,0.26,0,6,8000.0,0.19964959345131425,Medium Risk,0,Consider manual review
41,47000,MORTGAGE,5.0,EDUCATION,7500,0.16,0,13,7833.333333333333,0.07772973025365437,Low Risk,0,"Consider approval, subject to lender policy"
29,35000,MORTGAGE,14.0,EDUCATION,8000,0.23,1,9,2333.3333333333335,0.17715622046831225,Medium Risk,0,Consider manual review
23,39456,OWN,7.0,EDUCATION,14000,0.35,0,3,4932.0,0.03541315290913959,Low Risk,0,"Consider approval, subject to lender policy"
22,32000,OWN,1.0,MEDICAL,1200,0.04,0,2,16000.0,0.05101338076502676,Low Risk,0,"Consider approval, subject to lender policy"
27,21600,OWN,11.0,HOMEIMPROVEMENT,4000,0.19,0,9,1800.0,0.059191991547539076,Low Risk,0,"Consider approval, subject to lender policy"
21,30000,RENT,5.0,EDUCATION,8400,0.28,0,3,5000.0,0.2180541640826334,Medium Risk,0,Consider manual review
23,52250,MORTGAGE,2.0,VENTURE,4750,0.09,1,4,17416.666666666668,0.15906271592742427,Medium Risk,0,Consider manual review
28,30000,RENT,10.0,MEDICAL,6000,0.2,0,6,2727.2727272727275,0.23556233211936828,Medium Risk,1,Consider manual review
29,32000,MORTGAGE,2.0,VENTURE,12000,0.38,0,6,10666.666666666666,0.15585199868980998,Medium Risk,0,Consider manual review
25,150000,RENT,3.0,HOMEIMPROVEMENT,6000,0.04,0,2,37500.0,0.065309981832864,Low Risk,0,"Consider approval, subject to lender policy"
26,44000,RENT,0.0,MEDICAL,8400,0.19,1,3,44000.0,0.4216361055361588,High Risk,1,Additional assessment required
33,48000,MORTGAGE,4.0,HOMEIMPROVEMENT,5000,0.1,0,10,9600.0,0.11015041395447007,Low Risk,0,"Consider approval, subject to lender policy"
25,57504,RENT,2.0,HOMEIMPROVEMENT,16500,0.29,0,3,19168.0,0.34031116858345034,High Risk,1,Additional assessment required
25,56655,MORTGAGE,9.0,VENTURE,20000,0.35,0,2,5665.5,0.15255104106372228,Medium Risk,0,Consider manual review
22,43600,MORTGAGE,4.0,DEBTCONSOLIDATION,10000,0.23,0,2,8720.0,0.15946464400470173,Medium Risk,1,Consider manual review
24,87996,RENT,8.0,DEBTCONSOLIDATION,10000,0.11,1,2,9777.333333333334,0.33971698098290715,High Risk,1,Additional assessment required
37,88000,RENT,4.0,PERSONAL,25000,0.28,1,12,17600.0,0.45470452034976344,Very High Risk,1,High-risk application; apply lender policy
23,31200,RENT,6.0,VENTURE,8000,0.26,0,4,4457.142857142857,0.17520857045718521,Medium Risk,0,Consider manual review
33,36000,MORTGAGE,3.0,PERSONAL,7800,0.22,0,10,9000.0,0.08862405570164489,Low Risk,0,"Consider approval, subject to lender policy"
22,120000,RENT,4.0,EDUCATION,24000,0.2,0,4,24000.0,0.09697712750609172,Low Risk,0,"Consider approval, subject to lender policy"
22,48000,RENT,2.0,MEDICAL,4650,0.1,0,4,16000.0,0.13874271697137056,Low Risk,0,"Consider approval, subject to lender policy"
24,25000,RENT,3.0,EDUCATION,3000,0.12,0,2,6250.0,0.12919395566527445,Low Risk,0,"Consider approval, subject to lender policy"
30,77000,MORTGAGE,5.0,DEBTCONSOLIDATION,1500,0.02,0,7,12833.333333333334,0.10764229559047563,Low Risk,0,"Consider approval, subject to lender policy"
27,39996,OWN,1.0,HOMEIMPROVEMENT,8000,0.2,0,5,19998.0,0.017889867140985203,Low Risk,0,"Consider approval, subject to lender policy"
22,54000,RENT,3.0,DEBTCONSOLIDATION,16075,0.3,0,3,13500.0,0.2242620505539024,Medium Risk,0,Consider manual review
29,54000,RENT,0.0,EDUCATION,18000,0.33,0,6,54000.0,0.9787515905059303,Very High Risk,1,High-risk application; apply lender policy
25,49713,MORTGAGE,7.0,DEBTCONSOLIDATION,12000,0.24,0,2,6214.125,0.1687760308930608,Medium Risk,0,Consider manual review
22,40000,RENT,0.0,VENTURE,6000,0.15,0,2,40000.0,0.08166793750391783,Low Risk,0,"Consider approval, subject to lender policy"
21,30000,MORTGAGE,0.0,EDUCATION,2400,0.08,0,3,30000.0,0.14056133149519254,Low Risk,0,"Consider approval, subject to lender policy"
24,50000,RENT,8.0,VENTURE,16000,0.32,0,2,5555.555555555556,0.9462284633092652,Very High Risk,1,High-risk application; apply lender policy
27,15085,RENT,2.0,VENTURE,5500,0.36,0,8,5028.333333333333,0.9910350671177953,Very High Risk,1,High-risk application; apply lender policy
24,65000,RENT,5.0,HOMEIMPROVEMENT,11000,0.17,0,4,10833.333333333334,0.0940091097984515,Low Risk,0,"Consider approval, subject to lender policy"
32,100000,RENT,7.0,DEBTCONSOLIDATION,14400,0.14,0,5,12500.0,0.07233087328555464,Low Risk,0,"Consider approval, subject to lender policy"
21,60000,MORTGAGE,5.0,EDUCATION,6000,0.1,0,2,10000.0,0.04792305510126093,Low Risk,0,"Consider approval, subject to lender policy"
25,44000,MORTGAGE,2.0,VENTURE,12000,0.27,0,2,14666.666666666666,0.08079104899272513,Low Risk,0,"Consider approval, subject to lender policy"
33,14400,OWN,0.0,VENTURE,2000,0.14,0,8,14400.0,0.056727745811195975,Low Risk,0,"Consider approval, subject to lender policy"
21,42500,OTHER,0.0,EDUCATION,7000,0.16,1,2,42500.0,0.19832775436041167,Medium Risk,0,Consider manual review
25,37000,RENT,2.0,VENTURE,3325,0.09,0,3,12333.333333333334,0.10297642037558495,Low Risk,0,"Consider approval, subject to lender policy"
27,45000,RENT,2.0,PERSONAL,2700,0.06,0,6,15000.0,0.12997237491811392,Low Risk,0,"Consider approval, subject to lender policy"
32,43625,RENT,2.0,EDUCATION,1500,0.03,0,6,14541.666666666666,0.1261039862886272,Low Risk,0,"Consider approval, subject to lender policy"
26,48000,MORTGAGE,10.0,PERSONAL,2000,0.04,0,2,4363.636363636364,0.09283295557259291,Low Risk,0,"Consider approval, subject to lender policy"
23,39000,RENT,3.0,DEBTCONSOLIDATION,5000,0.13,1,4,9750.0,0.5563744188001544,Very High Risk,1,High-risk application; apply lender policy
30,77270,MORTGAGE,9.0,HOMEIMPROVEMENT,3000,0.04,0,5,7727.0,0.06616878678196231,Low Risk,0,"Consider approval, subject to lender policy"
24,91800,MORTGAGE,8.0,MEDICAL,15000,0.14,1,2,10200.0,0.36511011984611763,High Risk,1,Additional assessment required
45,119004,MORTGAGE,13.0,PERSONAL,5000,0.04,0,13,8500.285714285714,0.037269188601257115,Low Risk,0,"Consider approval, subject to lender policy"
26,40100,RENT,3.0,VENTURE,6500,0.16,0,4,10025.0,0.041872604808545974,Low Risk,0,"Consider approval, subject to lender policy"
22,48000,RENT,1.0,EDUCATION,7200,0.15,0,3,24000.0,0.12061179309513106,Low Risk,0,"Consider approval, subject to lender policy"
24,60000,MORTGAGE,3.0,VENTURE,4000,0.07,0,2,15000.0,0.029129904020408444,Low Risk,0,"Consider approval, subject to lender policy"
27,107000,MORTGAGE,2.0,EDUCATION,10800,0.1,0,5,35666.666666666664,0.043713997590257556,Low Risk,0,"Consider approval, subject to lender policy"
28,38400,RENT,0.0,PERSONAL,3000,0.08,0,10,38400.0,0.13939521025467663,Low Risk,0,"Consider approval, subject to lender policy"
32,90000,MORTGAGE,16.0,EDUCATION,21400,0.24,1,5,5294.117647058823,0.11432843861844266,Low Risk,0,"Consider approval, subject to lender policy"
28,77385,RENT,3.0,MEDICAL,6000,0.08,0,6,19346.25,0.10001692976675101,Low Risk,0,"Consider approval, subject to lender policy"
29,25000,OWN,5.0,VENTURE,10000,0.4,1,6,4166.666666666667,0.04075016858311286,Low Risk,0,"Consider approval, subject to lender policy"
23,50000,MORTGAGE,3.0,PERSONAL,6000,0.12,0,2,12500.0,0.0800577885707064,Low Risk,0,"Consider approval, subject to lender policy"
22,30000,RENT,2.0,DEBTCONSOLIDATION,5000,0.17,0,4,10000.0,0.23653873861150143,Medium Risk,1,Consider manual review
28,80000,OWN,1.0,MEDICAL,3000,0.04,0,9,40000.0,0.01781353881153125,Low Risk,0,"Consider approval, subject to lender policy"
25,77650,RENT,8.0,PERSONAL,22000,0.28,0,3,8627.777777777777,0.15976404751281678,Medium Risk,1,Consider manual review
24,39996,MORTGAGE,4.0,EDUCATION,5000,0.13,1,3,7999.2,0.12966140542783475,Low Risk,0,"Consider approval, subject to lender policy"
25,100000,RENT,9.0,PERSONAL,7750,0.08,0,4,10000.0,0.050418880219283486,Low Risk,1,"Consider approval, subject to lender policy"
23,24000,RENT,5.0,PERSONAL,5000,0.21,0,3,4000.0,0.1434544295612711,Low Risk,0,"Consider approval, subject to lender policy"
27,45000,OWN,9.0,PERSONAL,12000,0.27,0,5,4500.0,0.017274599661554188,Low Risk,0,"Consider approval, subject to lender policy"
28,150000,MORTGAGE,11.0,HOMEIMPROVEMENT,15000,0.1,0,9,12500.0,0.04536660656829152,Low Risk,0,"Consider approval, subject to lender policy"
36,29000,RENT,0.0,MEDICAL,5000,0.17,0,13,29000.0,0.28824216095842253,High Risk,1,Additional assessment required
34,43920,RENT,2.0,DEBTCONSOLIDATION,16400,0.37,1,10,14640.0,0.9836569427846128,Very High Risk,1,High-risk application; apply lender policy
24,35556,OWN,9.0,EDUCATION,13000,0.37,0,2,3555.6,0.0343835268642372,Low Risk,0,"Consider approval, subject to lender policy"
24,47000,MORTGAGE,4.0,HOMEIMPROVEMENT,6000,0.13,0,3,9400.0,0.11015041395447007,Low Risk,0,"Consider approval, subject to lender policy"
25,60000,RENT,3.0,PERSONAL,24000,0.4,0,4,15000.0,0.9580135939069913,Very High Risk,1,High-risk application; apply lender policy
27,60000,MORTGAGE,3.0,HOMEIMPROVEMENT,10000,0.17,0,10,15000.0,0.06326337405137807,Low Risk,0,"Consider approval, subject to lender policy"
29,27911,RENT,1.0,MEDICAL,5000,0.18,0,7,13955.5,0.18990957629208718,Medium Risk,1,Consider manual review
29,120000,MORTGAGE,3.0,DEBTCONSOLIDATION,6250,0.05,0,9,30000.0,0.07051106895557639,Low Risk,0,"Consider approval, subject to lender policy"
23,24000,OWN,1.0,EDUCATION,1500,0.06,0,2,12000.0,0.0184429026859737,Low Risk,0,"Consider approval, subject to lender policy"
25,105000,MORTGAGE,9.0,DEBTCONSOLIDATION,12000,0.11,0,3,10500.0,0.075301308758181,Low Risk,0,"Consider approval, subject to lender policy"
25,118443,MORTGAGE,7.0,DEBTCONSOLIDATION,4900,0.04,0,2,14805.375,0.07629066944582932,Low Risk,0,"Consider approval, subject to lender policy"
21,15996,RENT,3.0,MEDICAL,4800,0.3,1,3,3999.0,0.9518569004908695,Very High Risk,1,High-risk application; apply lender policy
25,74000,RENT,3.0,VENTURE,10000,0.14,1,3,18500.0,0.18651240593569943,Medium Risk,1,Consider manual review
30,40000,RENT,14.0,VENTURE,5500,0.14,0,8,2666.6666666666665,0.04392316193736237,Low Risk,0,"Consider approval, subject to lender policy"
28,52000,RENT,2.0,PERSONAL,10000,0.19,0,7,17333.333333333332,0.1370970760791182,Low Risk,0,"Consider approval, subject to lender policy"
28,61425,OWN,2.0,VENTURE,9000,0.15,0,7,20475.0,0.00958920843759596,Low Risk,0,"Consider approval, subject to lender policy"
41,47000,OWN,2.0,PERSONAL,14000,0.3,0,12,15666.666666666666,0.019361661090188678,Low Risk,0,"Consider approval, subject to lender policy"
22,52000,RENT,3.0,PERSONAL,12000,0.23,1,2,13000.0,0.24442063314837803,Medium Risk,0,Consider manual review
23,42000,MORTGAGE,7.0,PERSONAL,12000,0.29,1,3,5250.0,0.24783279049155382,Medium Risk,0,Consider manual review
49,74880,RENT,6.0,MEDICAL,14300,0.19,0,16,10697.142857142857,0.14058717436653945,Low Risk,0,"Consider approval, subject to lender policy"
23,25200,RENT,7.0,EDUCATION,7200,0.29,0,4,3150.0,0.17418478421783265,Medium Risk,1,Consider manual review
45,36000,RENT,0.0,MEDICAL,10000,0.28,0,11,36000.0,0.18716408550930677,Medium Risk,0,Consider manual review
23,69743,MORTGAGE,7.0,PERSONAL,1000,0.01,0,3,8717.875,0.05642901354253383,Low Risk,0,"Consider approval, subject to lender policy"
23,81600,MORTGAGE,7.0,DEBTCONSOLIDATION,9000,0.11,0,4,10200.0,0.08064358705268948,Low Risk,0,"Consider approval, subject to lender policy"
27,40000,RENT,4.0,EDUCATION,2500,0.06,0,5,8000.0,0.07616273693014487,Low Risk,0,"Consider approval, subject to lender policy"
25,34000,RENT,4.0,PERSONAL,10000,0.29,0,4,6800.0,0.32394777189994006,High Risk,1,Additional assessment required
25,70000,RENT,5.0,HOMEIMPROVEMENT,6800,0.1,0,2,11666.666666666666,0.09602155914794182,Low Risk,0,"Consider approval, subject to lender policy"
30,54000,MORTGAGE,3.0,EDUCATION,5000,0.09,1,10,13500.0,0.17292123189216427,Medium Risk,1,Consider manual review
35,85000,RENT,1.0,VENTURE,3600,0.04,0,7,42500.0,0.049563538899774155,Low Risk,0,"Consider approval, subject to lender policy"
32,80000,RENT,3.0,HOMEIMPROVEMENT,12000,0.15,0,10,20000.0,0.05626869417474733,Low Risk,0,"Consider approval, subject to lender policy"
28,190000,MORTGAGE,1.0,HOMEIMPROVEMENT,35000,0.18,0,6,95000.0,0.1251431078067135,Low Risk,0,"Consider approval, subject to lender policy"
22,60000,MORTGAGE,1.0,PERSONAL,10000,0.17,0,2,30000.0,0.06966482378608835,Low Risk,0,"Consider approval, subject to lender policy"
24,35100,RENT,8.0,VENTURE,1000,0.03,1,4,3900.0,0.1368808199473232,Low Risk,0,"Consider approval, subject to lender policy"
38,90000,MORTGAGE,0.0,HOMEIMPROVEMENT,9600,0.11,1,17,90000.0,0.1613470037318492,Medium Risk,0,Consider manual review
22,45000,RENT,2.0,EDUCATION,3000,0.07,0,3,15000.0,0.11665275516653359,Low Risk,0,"Consider approval, subject to lender policy"
23,30000,RENT,3.0,DEBTCONSOLIDATION,10000,0.33,0,2,7500.0,0.9731310308993304,Very High Risk,1,High-risk application; apply lender policy
34,44000,RENT,0.0,PERSONAL,6000,0.14,0,10,44000.0,0.13150424230861316,Low Risk,1,"Consider approval, subject to lender policy"
27,64800,RENT,3.0,VENTURE,8000,0.12,0,10,16200.0,0.041565599707095696,Low Risk,0,"Consider approval, subject to lender policy"
33,97200,MORTGAGE,4.0,PERSONAL,20000,0.21,0,9,19440.0,0.04890828530060023,Low Risk,0,"Consider approval, subject to lender policy"
23,77000,RENT,3.0,VENTURE,1150,0.01,0,2,19250.0,0.04099257941497977,Low Risk,0,"Consider approval, subject to lender policy"
25,153000,MORTGAGE,9.0,EDUCATION,7500,0.05,0,3,15300.0,0.03690267374785752,Low Risk,0,"Consider approval, subject to lender policy"
26,74000,MORTGAGE,5.0,DEBTCONSOLIDATION,10000,0.14,0,2,12333.333333333334,0.1553124291322175,Medium Risk,0,Consider manual review
24,36000,RENT,7.0,MEDICAL,12000,0.33,0,4,4500.0,0.9659082953282498,Very High Risk,1,High-risk application; apply lender policy
25,76344,RENT,2.0,EDUCATION,5000,0.07,0,3,25448.0,0.08544181720937714,Low Risk,0,"Consider approval, subject to lender policy"
25,20000,MORTGAGE,1.0,VENTURE,4000,0.2,0,4,10000.0,0.09200632241865479,Low Risk,0,"Consider approval, subject to lender policy"
27,85000,MORTGAGE,6.0,HOMEIMPROVEMENT,5500,0.06,0,9,12142.857142857143,0.03791959000236727,Low Risk,0,"Consider approval, subject to lender policy"
27,45600,MORTGAGE,3.0,HOMEIMPROVEMENT,1450,0.03,0,8,11400.0,0.11015041395447007,Low Risk,0,"Consider approval, subject to lender policy"
44,140000,OWN,14.0,MEDICAL,21500,0.15,0,11,9333.333333333334,0.04314272497940111,Low Risk,0,"Consider approval, subject to lender policy"
29,130000,MORTGAGE,5.0,EDUCATION,24800,0.19,0,10,21666.666666666668,0.08289043406151299,Low Risk,0,"Consider approval, subject to lender policy"
23,76000,MORTGAGE,8.0,DEBTCONSOLIDATION,6000,0.08,0,2,8444.444444444445,0.11996379424950399,Low Risk,1,"Consider approval, subject to lender policy"
30,105000,MORTGAGE,6.0,EDUCATION,10000,0.1,0,8,15000.0,0.037764819393203176,Low Risk,0,"Consider approval, subject to lender policy"
32,32004,RENT,16.0,MEDICAL,4000,0.12,0,10,1882.5882352941176,0.23435235181023875,Medium Risk,0,Consider manual review
25,105897,MORTGAGE,9.0,MEDICAL,25000,0.24,0,3,10589.7,0.2368977358200324,Medium Risk,0,Consider manual review
24,40000,RENT,8.0,MEDICAL,4500,0.11,0,3,4444.444444444444,0.12004132493647351,Low Risk,0,"Consider approval, subject to lender policy"
28,84000,OWN,8.0,VENTURE,25000,0.3,0,7,9333.333333333334,0.01716491329279515,Low Risk,0,"Consider approval, subject to lender policy"
27,97000,MORTGAGE,4.0,PERSONAL,8275,0.09,1,5,19400.0,0.10297080624039504,Low Risk,1,"Consider approval, subject to lender policy"
27,90000,MORTGAGE,6.0,MEDICAL,24400,0.27,0,10,12857.142857142857,0.23467159096859713,Medium Risk,0,Consider manual review
22,44052,RENT,3.0,DEBTCONSOLIDATION,5500,0.12,1,2,11013.0,0.4621399188461291,Very High Risk,1,High-risk application; apply lender policy
23,51000,RENT,4.0,DEBTCONSOLIDATION,10400,0.2,0,2,10200.0,0.13896767309477426,Low Risk,0,"Consider approval, subject to lender policy"
23,84000,OWN,7.0,EDUCATION,17500,0.21,0,3,10500.0,0.013125244291705637,Low Risk,0,"Consider approval, subject to lender policy"
29,92200,RENT,7.0,VENTURE,25000,0.27,0,5,11525.0,0.12524650813219015,Low Risk,0,"Consider approval, subject to lender policy"
22,30000,RENT,3.0,MEDICAL,3500,0.12,0,4,7500.0,0.22903671672407572,Medium Risk,0,Consider manual review
22,54000,RENT,6.0,DEBTCONSOLIDATION,5000,0.09,1,2,7714.285714285715,0.49290651385702033,Very High Risk,1,High-risk application; apply lender policy
21,27600,OWN,3.0,EDUCATION,1000,0.04,1,3,6900.0,0.026289566132794456,Low Risk,0,"Consider approval, subject to lender policy"
24,98000,MORTGAGE,1.0,DEBTCONSOLIDATION,16000,0.16,1,2,49000.0,0.32064163368581183,High Risk,1,Additional assessment required
27,42000,RENT,1.0,MEDICAL,11975,0.29,0,6,21000.0,0.1874821323839487,Medium Risk,0,Consider manual review
37,55900,MORTGAGE,1.0,PERSONAL,17000,0.3,0,12,27950.0,0.12945144114629786,Low Risk,0,"Consider approval, subject to lender policy"
22,120000,MORTGAGE,3.0,VENTURE,5000,0.04,1,3,30000.0,0.06680165506259643,Low Risk,0,"Consider approval, subject to lender policy"
35,58788,MORTGAGE,8.0,DEBTCONSOLIDATION,2200,0.04,0,6,6532.0,0.1803961982923937,Medium Risk,0,Consider manual review
30,62000,RENT,1.0,MEDICAL,7000,0.11,1,5,31000.0,0.32582286151041406,High Risk,0,Additional assessment required
27,100000,MORTGAGE,1.0,HOMEIMPROVEMENT,12000,0.12,0,7,50000.0,0.041969942615588285,Low Risk,0,"Consider approval, subject to lender policy"
24,27000,MORTGAGE,7.0,EDUCATION,10000,0.37,0,2,3375.0,0.19117907858657557,Medium Risk,0,Consider manual review
36,120000,RENT,4.0,HOMEIMPROVEMENT,15000,0.13,1,15,24000.0,0.18892269230969005,Medium Risk,0,Consider manual review
24,43200,MORTGAGE,0.0,EDUCATION,10000,0.23,0,4,43200.0,0.09537015035399037,Low Risk,0,"Consider approval, subject to lender policy"
23,68000,MORTGAGE,7.0,MEDICAL,10000,0.15,0,4,8500.0,0.11828800903495269,Low Risk,0,"Consider approval, subject to lender policy"
30,94000,MORTGAGE,13.0,EDUCATION,10000,0.11,0,6,6714.285714285715,0.040065507584797704,Low Risk,0,"Consider approval, subject to lender policy"
25,68000,MORTGAGE,9.0,DEBTCONSOLIDATION,8000,0.12,0,3,6800.0,0.11692330234079584,Low Risk,0,"Consider approval, subject to lender policy"
23,78000,RENT,5.0,EDUCATION,2300,0.03,1,2,13000.0,0.16929707986616752,Medium Risk,0,Consider manual review
23,70000,RENT,5.0,MEDICAL,8000,0.11,0,4,11666.666666666666,0.0985004299645177,Low Risk,0,"Consider approval, subject to lender policy"
34,73000,RENT,0.0,PERSONAL,10000,0.14,0,10,73000.0,0.14056947762021635,Low Risk,0,"Consider approval, subject to lender policy"
27,118500,MORTGAGE,4.0,DEBTCONSOLIDATION,15000,0.13,0,9,23700.0,0.08349674567564666,Low Risk,0,"Consider approval, subject to lender policy"
24,38000,RENT,8.0,MEDICAL,5000,0.13,0,4,4222.222222222223,0.14727239558050542,Low Risk,0,"Consider approval, subject to lender policy"
29,72000,MORTGAGE,13.0,VENTURE,22100,0.31,0,5,5142.857142857143,0.12853897627123603,Low Risk,0,"Consider approval, subject to lender policy"
38,202000,MORTGAGE,2.0,VENTURE,15000,0.07,0,13,67333.33333333333,0.04804002446045231,Low Risk,0,"Consider approval, subject to lender policy"
23,9600,RENT,3.0,DEBTCONSOLIDATION,2100,0.22,0,3,2400.0,0.942365496695333,Very High Risk,1,High-risk application; apply lender policy
53,24000,RENT,0.0,EDUCATION,5000,0.21,1,27,24000.0,0.3468581435605659,High Risk,1,Additional assessment required
24,80000,MORTGAGE,8.0,HOMEIMPROVEMENT,5550,0.07,0,2,8888.888888888889,0.04201196356859581,Low Risk,0,"Consider approval, subject to lender policy"
23,24000,MORTGAGE,5.0,MEDICAL,1375,0.06,0,3,4000.0,0.1952725492220673,Medium Risk,1,Consider manual review
23,30000,RENT,0.0,MEDICAL,8000,0.27,1,2,30000.0,0.5946608203833326,Very High Risk,0,High-risk application; apply lender policy
32,130000,MORTGAGE,0.0,EDUCATION,12000,0.09,0,5,130000.0,0.055083791760520966,Low Risk,0,"Consider approval, subject to lender policy"
23,85000,RENT,0.0,MEDICAL,20000,0.24,0,2,85000.0,0.19328123872867356,Medium Risk,0,Consider manual review
37,32400,OWN,0.0,EDUCATION,8000,0.25,0,12,32400.0,0.02475725529411639,Low Risk,0,"Consider approval, subject to lender policy"
33,50750,RENT,2.0,PERSONAL,7500,0.15,1,6,16916.666666666668,0.34399992204318824,High Risk,0,Additional assessment required
29,56000,MORTGAGE,8.0,VENTURE,13000,0.23,0,5,6222.222222222223,0.05018941458303556,Low Risk,0,"Consider approval, subject to lender policy"
37,40000,RENT,0.0,VENTURE,12000,0.3,0,15,40000.0,0.13264344845035994,Low Risk,0,"Consider approval, subject to lender policy"
24,100000,MORTGAGE,8.0,MEDICAL,10750,0.11,0,4,11111.111111111111,0.07649776780315648,Low Risk,0,"Consider approval, subject to lender policy"
26,27000,MORTGAGE,2.0,PERSONAL,3025,0.11,0,2,9000.0,0.13261349203549286,Low Risk,0,"Consider approval, subject to lender policy"
24,62100,MORTGAGE,8.0,EDUCATION,6000,0.1,0,2,6900.0,0.055284982641549046,Low Risk,0,"Consider approval, subject to lender policy"
36,60000,MORTGAGE,7.0,DEBTCONSOLIDATION,17050,0.28,0,14,7500.0,0.16203555133808506,Medium Risk,0,Consider manual review
33,50000,RENT,0.0,HOMEIMPROVEMENT,20400,0.41,0,7,50000.0,0.9785996359747728,Very High Risk,1,High-risk application; apply lender policy
23,45000,RENT,3.0,EDUCATION,2000,0.04,0,3,11250.0,0.08593125176539489,Low Risk,0,"Consider approval, subject to lender policy"
24,70000,RENT,3.0,HOMEIMPROVEMENT,12500,0.18,0,3,17500.0,0.09303371846407883,Low Risk,0,"Consider approval, subject to lender policy"
23,38000,RENT,0.0,MEDICAL,5000,0.13,0,3,38000.0,0.13939521025467663,Low Risk,0,"Consider approval, subject to lender policy"
29,145000,MORTGAGE,0.0,VENTURE,25000,0.17,0,8,145000.0,0.10524121964153367,Low Risk,0,"Consider approval, subject to lender policy"
21,31200,MORTGAGE,2.0,EDUCATION,1000,0.03,0,2,10400.0,0.1402297532103162,Low Risk,0,"Consider approval, subject to lender policy"
24,135000,RENT,8.0,VENTURE,16000,0.12,0,2,15000.0,0.0383462461144431,Low Risk,0,"Consider approval, subject to lender policy"
36,58000,RENT,2.0,HOMEIMPROVEMENT,9275,0.16,1,16,19333.333333333332,0.4856677132602552,Very High Risk,0,High-risk application; apply lender policy
27,63000,OTHER,2.0,DEBTCONSOLIDATION,4500,0.07,0,8,21000.0,0.09520146713617332,Low Risk,0,"Consider approval, subject to lender policy"
24,55000,MORTGAGE,3.0,VENTURE,5000,0.09,0,4,13750.0,0.03437806560436403,Low Risk,0,"Consider approval, subject to lender policy"
24,40000,RENT,0.0,MEDICAL,15000,0.38,0,4,40000.0,0.9712028763162842,Very High Risk,1,High-risk application; apply lender policy
22,72000,RENT,0.0,MEDICAL,8000,0.11,0,4,72000.0,0.10706822593772737,Low Risk,0,"Consider approval, subject to lender policy"
29,105000,MORTGAGE,13.0,PERSONAL,5000,0.05,0,9,7500.0,0.03813955792488234,Low Risk,0,"Consider approval, subject to lender policy"
23,70000,MORTGAGE,4.0,EDUCATION,8400,0.12,0,3,14000.0,0.050309112100086026,Low Risk,0,"Consider approval, subject to lender policy"
30,48000,MORTGAGE,12.0,PERSONAL,15000,0.31,0,9,3692.3076923076924,0.17273782644697938,Medium Risk,0,Consider manual review
30,120000,MORTGAGE,6.0,EDUCATION,14000,0.12,0,6,17142.85714285714,0.03690267374785752,Low Risk,0,"Consider approval, subject to lender policy"
41,35400,RENT,11.0,VENTURE,1500,0.04,1,14,2950.0,0.2013881763322224,Medium Risk,0,Consider manual review
26,151900,MORTGAGE,10.0,HOMEIMPROVEMENT,20000,0.13,0,3,13809.09090909091,0.0449912004895817,Low Risk,1,"Consider approval, subject to lender policy"
21,70500,RENT,5.0,VENTURE,15000,0.21,0,3,11750.0,0.058887554949970534,Low Risk,0,"Consider approval, subject to lender policy"
25,84000,MORTGAGE,8.0,MEDICAL,8500,0.1,0,4,9333.333333333334,0.08956127397200056,Low Risk,0,"Consider approval, subject to lender policy"
33,41196,OWN,0.0,VENTURE,3300,0.08,0,7,41196.0,0.009022566384047075,Low Risk,0,"Consider approval, subject to lender policy"
28,51043,MORTGAGE,12.0,PERSONAL,2100,0.04,0,8,3926.3846153846152,0.08002125330032835,Low Risk,1,"Consider approval, subject to lender policy"
24,66300,RENT,4.0,MEDICAL,30000,0.38,0,3,13260.0,0.9852404683163306,Very High Risk,1,High-risk application; apply lender policy
22,41600,MORTGAGE,2.0,EDUCATION,3000,0.07,0,3,13866.666666666666,0.08489068860807313,Low Risk,0,"Consider approval, subject to lender policy"
30,41998,RENT,0.0,HOMEIMPROVEMENT,5000,0.12,0,6,41998.0,0.2841437845418091,High Risk,1,Additional assessment required
22,69000,RENT,6.0,DEBTCONSOLIDATION,20000,0.29,0,4,9857.142857142857,0.18257389315275924,Medium Risk,1,Consider manual review
24,43200,RENT,5.0,VENTURE,12000,0.28,0,4,7200.0,0.09871928594738875,Low Risk,0,"Consider approval, subject to lender policy"
39,28650,MORTGAGE,1.0,MEDICAL,8000,0.28,0,14,14325.0,0.22035489709166622,Medium Risk,0,Consider manual review
29,40000,RENT,2.0,VENTURE,7000,0.17,1,8,13333.333333333334,0.3056850412168665,High Risk,1,Additional assessment required
26,78000,MORTGAGE,7.0,PERSONAL,7200,0.09,0,2,9750.0,0.0816244927569667,Low Risk,0,"Consider approval, subject to lender policy"
32,73000,RENT,0.0,EDUCATION,22400,0.31,0,5,73000.0,0.9783161933718595,Very High Risk,1,High-risk application; apply lender policy
22,72000,RENT,6.0,VENTURE,15000,0.21,0,2,10285.714285714286,0.06327452458380939,Low Risk,0,"Consider approval, subject to lender policy"
25,55800,MORTGAGE,9.0,MEDICAL,3500,0.06,1,3,5580.0,0.4018986448756761,High Risk,0,Additional assessment required
30,60000,RENT,1.0,DEBTCONSOLIDATION,5000,0.08,0,7,30000.0,0.09924703303960906,Low Risk,0,"Consider approval, subject to lender policy"
22,36000,MORTGAGE,6.0,MEDICAL,1000,0.03,0,3,5142.857142857143,0.1558658632256628,Medium Risk,0,Consider manual review
27,23652,MORTGAGE,9.0,PERSONAL,2000,0.08,0,8,2365.2,0.11327506705260816,Low Risk,0,"Consider approval, subject to lender policy"
28,91000,OWN,11.0,VENTURE,7000,0.08,0,6,7583.333333333333,0.005957591129498555,Low Risk,0,"Consider approval, subject to lender policy"
26,31200,RENT,10.0,DEBTCONSOLIDATION,6000,0.19,0,3,2836.3636363636365,0.24076722802578754,Medium Risk,0,Consider manual review
23,45000,MORTGAGE,4.0,EDUCATION,8650,0.19,0,2,9000.0,0.0727766459340898,Low Risk,0,"Consider approval, subject to lender policy"
22,26004,MORTGAGE,1.0,EDUCATION,5000,0.19,0,4,13002.0,0.12039284120466533,Low Risk,0,"Consider approval, subject to lender policy"
23,28800,RENT,0.0,EDUCATION,5000,0.17,0,2,28800.0,0.14506685555680685,Low Risk,0,"Consider approval, subject to lender policy"
30,38000,MORTGAGE,14.0,PERSONAL,6000,0.16,0,5,2533.3333333333335,0.08859402726071691,Low Risk,0,"Consider approval, subject to lender policy"
30,80000,MORTGAGE,4.0,DEBTCONSOLIDATION,10750,0.13,0,5,16000.0,0.06920903388913066,Low Risk,0,"Consider approval, subject to lender policy"
23,90000,MORTGAGE,7.0,DEBTCONSOLIDATION,4000,0.04,0,3,11250.0,0.06507973408732187,Low Risk,0,"Consider approval, subject to lender policy"
22,78000,RENT,7.0,PERSONAL,3000,0.04,0,4,9750.0,0.08504946218844822,Low Risk,0,"Consider approval, subject to lender policy"
36,105859,OWN,20.0,VENTURE,12000,0.11,0,15,5040.9047619047615,0.005809303037329982,Low Risk,0,"Consider approval, subject to lender policy"
39,56004,MORTGAGE,1.0,HOMEIMPROVEMENT,6000,0.11,0,13,28002.0,0.11449585917458475,Low Risk,0,"Consider approval, subject to lender policy"
28,60000,MORTGAGE,12.0,HOMEIMPROVEMENT,20000,0.33,0,7,4615.384615384615,0.1396608628106675,Low Risk,0,"Consider approval, subject to lender policy"
28,26000,RENT,7.0,VENTURE,8000,0.31,0,5,3250.0,0.9497151797498637,Very High Risk,1,High-risk application; apply lender policy
29,36000,RENT,1.0,VENTURE,12000,0.33,0,10,18000.0,0.9598088423423793,Very High Risk,1,High-risk application; apply lender policy
39,108000,MORTGAGE,3.0,HOMEIMPROVEMENT,12000,0.11,0,13,27000.0,0.04252146849174325,Low Risk,1,"Consider approval, subject to lender policy"
22,90000,MORTGAGE,6.0,MEDICAL,6000,0.07,0,2,12857.142857142857,0.07101088208526524,Low Risk,0,"Consider approval, subject to lender policy"
23,47233,RENT,7.0,DEBTCONSOLIDATION,5000,0.11,0,4,5904.125,0.13405817392583916,Low Risk,0,"Consider approval, subject to lender policy"
23,91000,RENT,2.0,EDUCATION,16000,0.18,1,3,30333.333333333332,0.2573987039889181,High Risk,0,Additional assessment required
24,69000,MORTGAGE,9.0,MEDICAL,7200,0.1,0,2,6900.0,0.12549949375817313,Low Risk,0,"Consider approval, subject to lender policy"
22,24000,RENT,6.0,DEBTCONSOLIDATION,7125,0.3,0,3,3428.5714285714284,0.2455339522449264,Medium Risk,0,Consider manual review
29,50000,MORTGAGE,4.0,MEDICAL,10000,0.2,0,5,10000.0,0.1540202893692049,Medium Risk,0,Consider manual review
24,38000,OWN,0.0,VENTURE,8500,0.22,0,2,38000.0,0.010868163624577145,Low Risk,0,"Consider approval, subject to lender policy"
26,114996,MORTGAGE,1.0,EDUCATION,24000,0.21,0,3,57498.0,0.12224304429650473,Low Risk,0,"Consider approval, subject to lender policy"
22,45012,RENT,6.0,MEDICAL,6500,0.14,0,2,6430.285714285715,0.1473768025655671,Low Risk,1,"Consider approval, subject to lender policy"
21,33600,OWN,5.0,VENTURE,3000,0.09,0,4,5600.0,0.012584105622759538,Low Risk,0,"Consider approval, subject to lender policy"
31,44000,RENT,1.0,HOMEIMPROVEMENT,10000,0.23,0,9,22000.0,0.29373180486777056,High Risk,1,Additional assessment required
25,63000,RENT,0.0,DEBTCONSOLIDATION,1500,0.02,0,4,63000.0,0.09865365533852782,Low Risk,0,"Consider approval, subject to lender policy"
21,44004,MORTGAGE,5.0,VENTURE,7200,0.16,0,4,7334.0,0.0461187749770729,Low Risk,0,"Consider approval, subject to lender policy"
24,69000,RENT,2.0,DEBTCONSOLIDATION,4800,0.07,0,4,23000.0,0.09874685326466003,Low Risk,1,"Consider approval, subject to lender policy"
22,30000,MORTGAGE,3.0,EDUCATION,5000,0.17,0,3,7500.0,0.12537092944980216,Low Risk,0,"Consider approval, subject to lender policy"
25,37000,MORTGAGE,6.0,HOMEIMPROVEMENT,7000,0.19,1,3,5285.714285714285,0.30144318973965684,High Risk,0,Additional assessment required
24,145000,MORTGAGE,3.0,MEDICAL,12000,0.08,0,2,36250.0,0.08141974681286845,Low Risk,0,"Consider approval, subject to lender policy"
29,55000,MORTGAGE,9.0,HOMEIMPROVEMENT,5000,0.09,0,10,5500.0,0.10895336513592523,Low Risk,0,"Consider approval, subject to lender policy"
27,73004,RENT,5.0,EDUCATION,9000,0.12,0,7,12167.333333333334,0.09027225262692061,Low Risk,1,"Consider approval, subject to lender policy"
29,39000,MORTGAGE,12.0,EDUCATION,16000,0.41,0,8,3000.0,0.22519065531281088,Medium Risk,0,Consider manual review
32,80000,RENT,3.0,VENTURE,6000,0.07,0,7,20000.0,0.02424354875033638,Low Risk,0,"Consider approval, subject to lender policy"
25,48000,MORTGAGE,3.0,DEBTCONSOLIDATION,1400,0.03,0,3,12000.0,0.13172219004866337,Low Risk,0,"Consider approval, subject to lender policy"
23,61615,MORTGAGE,4.0,PERSONAL,13000,0.21,0,4,12323.0,0.06180919892295458,Low Risk,0,"Consider approval, subject to lender policy"
34,65000,MORTGAGE,6.0,DEBTCONSOLIDATION,12300,0.19,0,10,9285.714285714286,0.1179603546324144,Low Risk,0,"Consider approval, subject to lender policy"
34,115000,MORTGAGE,11.0,MEDICAL,6000,0.05,0,9,9583.333333333334,0.07171883156362609,Low Risk,0,"Consider approval, subject to lender policy"
22,25200,RENT,1.0,MEDICAL,4000,0.16,0,2,12600.0,0.19928319557252622,Medium Risk,0,Consider manual review
37,110000,MORTGAGE,0.0,MEDICAL,24000,0.22,0,11,110000.0,0.27289270692125944,High Risk,0,Additional assessment required
33,45000,RENT,2.0,EDUCATION,9600,0.21,0,5,15000.0,0.134145065667468,Low Risk,0,"Consider approval, subject to lender policy"
33,44784,RENT,2.0,EDUCATION,10000,0.22,0,6,14928.0,0.134145065667468,Low Risk,1,"Consider approval, subject to lender policy"
26,34000,RENT,2.0,PERSONAL,12000,0.35,0,3,11333.333333333334,0.979427525376144,Very High Risk,1,High-risk application; apply lender policy
22,23000,RENT,6.0,MEDICAL,10000,0.43,0,2,3285.714285714286,0.9743091258019262,Very High Risk,1,High-risk application; apply lender policy
29,97000,OWN,3.0,VENTURE,12000,0.12,0,5,24250.0,0.005957591129498555,Low Risk,0,"Consider approval, subject to lender policy"
27,64200,RENT,2.0,PERSONAL,4000,0.06,0,5,21400.0,0.08913980424544468,Low Risk,0,"Consider approval, subject to lender policy"
42,80000,MORTGAGE,3.0,PERSONAL,10000,0.13,0,14,20000.0,0.03736713236266206,Low Risk,0,"Consider approval, subject to lender policy"
33,35000,RENT,12.0,MEDICAL,10550,0.3,0,10,2692.3076923076924,0.144544861311012,Low Risk,0,"Consider approval, subject to lender policy"
27,150000,RENT,1.0,EDUCATION,25000,0.17,0,6,75000.0,0.24316701932271279,Medium Risk,0,Consider manual review
23,20000,RENT,0.0,VENTURE,3200,0.16,0,2,20000.0,0.1459023408242226,Low Risk,1,"Consider approval, subject to lender policy"
22,58000,RENT,6.0,VENTURE,12000,0.21,0,4,8285.714285714286,0.06493012971604052,Low Risk,0,"Consider approval, subject to lender policy"
22,36000,MORTGAGE,2.0,DEBTCONSOLIDATION,10000,0.28,0,3,12000.0,0.16290380697168533,Medium Risk,0,Consider manual review
24,110000,MORTGAGE,8.0,EDUCATION,8000,0.07,0,4,12222.222222222223,0.037764819393203176,Low Risk,0,"Consider approval, subject to lender policy"
24,64000,RENT,8.0,DEBTCONSOLIDATION,30000,0.47,1,3,7111.111111111111,0.9923373635032363,Very High Risk,1,High-risk application; apply lender policy
25,49000,OWN,4.0,HOMEIMPROVEMENT,2500,0.05,0,4,9800.0,0.018503555942393682,Low Risk,0,"Consider approval, subject to lender policy"
26,50000,MORTGAGE,10.0,DEBTCONSOLIDATION,5400,0.11,0,2,4545.454545454545,0.14793749741744278,Low Risk,0,"Consider approval, subject to lender policy"
23,41000,RENT,5.0,EDUCATION,4200,0.1,1,3,6833.333333333333,0.19568458372913564,Medium Risk,0,Consider manual review
26,70000,RENT,2.0,HOMEIMPROVEMENT,10000,0.14,0,3,23333.333333333332,0.13140848254127643,Low Risk,0,"Consider approval, subject to lender policy"
23,35808,MORTGAGE,3.0,EDUCATION,8700,0.24,0,2,8952.0,0.07667428790956564,Low Risk,0,"Consider approval, subject to lender policy"
21,10000,OWN,2.0,HOMEIMPROVEMENT,4500,0.45,0,2,3333.3333333333335,0.9919463689649929,Very High Risk,1,High-risk application; apply lender policy
23,50000,RENT,6.0,EDUCATION,6400,0.13,0,2,7142.857142857143,0.08377503715632638,Low Risk,0,"Consider approval, subject to lender policy"
24,45000,RENT,0.0,MEDICAL,5000,0.11,0,3,45000.0,0.1322144978607077,Low Risk,0,"Consider approval, subject to lender policy"
22,50004,RENT,5.0,PERSONAL,5300,0.11,1,2,8334.0,0.22150287060663407,Medium Risk,0,Consider manual review
23,46000,RENT,2.0,PERSONAL,12800,0.28,1,2,15333.333333333334,0.46701959069359633,Very High Risk,1,High-risk application; apply lender policy
23,39000,RENT,3.0,EDUCATION,3500,0.09,0,4,9750.0,0.1319980604898883,Low Risk,1,"Consider approval, subject to lender policy"
35,64000,MORTGAGE,11.0,MEDICAL,14500,0.23,0,8,5333.333333333333,0.1324755590671055,Low Risk,0,"Consider approval, subject to lender policy"
33,37440,RENT,5.0,PERSONAL,4400,0.12,0,10,6240.0,0.11236284456636894,Low Risk,0,"Consider approval, subject to lender policy"
30,48564,RENT,3.0,VENTURE,15000,0.31,0,9,12141.0,0.9392707500300527,Very High Risk,1,High-risk application; apply lender policy
22,65000,RENT,0.0,VENTURE,8000,0.12,0,2,65000.0,0.07224640256027595,Low Risk,0,"Consider approval, subject to lender policy"
31,35600,RENT,0.0,MEDICAL,4000,0.11,0,5,35600.0,0.13939521025467663,Low Risk,0,"Consider approval, subject to lender policy"
22,50650,RENT,4.0,DEBTCONSOLIDATION,6000,0.12,0,2,10130.0,0.1272291271284601,Low Risk,0,"Consider approval, subject to lender policy"
29,71400,MORTGAGE,1.0,MEDICAL,8000,0.1,0,10,35700.0,0.09642172770406773,Low Risk,1,"Consider approval, subject to lender policy"
27,89700,RENT,1.0,VENTURE,6000,0.07,0,7,44850.0,0.05024012300773029,Low Risk,0,"Consider approval, subject to lender policy"
24,79000,RENT,0.0,MEDICAL,8000,0.1,0,4,79000.0,0.13597100761429104,Low Risk,0,"Consider approval, subject to lender policy"
24,125000,RENT,3.0,DEBTCONSOLIDATION,3000,0.02,1,3,31250.0,0.2888175337379929,High Risk,0,Additional assessment required
29,99855,RENT,2.0,VENTURE,20000,0.2,0,8,33285.0,0.11193741614139119,Low Risk,1,"Consider approval, subject to lender policy"
22,36021,RENT,0.0,VENTURE,15000,0.42,0,3,36021.0,0.9709273542349561,Very High Risk,1,High-risk application; apply lender policy
41,42000,RENT,5.0,DEBTCONSOLIDATION,2000,0.05,1,15,7000.0,0.4489251576962974,High Risk,0,Additional assessment required
22,31200,RENT,0.0,PERSONAL,8000,0.26,1,3,31200.0,0.5355590732402056,Very High Risk,1,High-risk application; apply lender policy
42,35000,OWN,12.0,PERSONAL,2000,0.06,0,14,2692.3076923076924,0.012737663741152806,Low Risk,0,"Consider approval, subject to lender policy"
33,28200,RENT,2.0,EDUCATION,9000,0.32,0,8,9400.0,0.962369158941747,Very High Risk,1,High-risk application; apply lender policy
29,51996,RENT,13.0,VENTURE,20000,0.38,1,5,3714.0,0.9652974908501218,Very High Risk,1,High-risk application; apply lender policy
24,41500,MORTGAGE,8.0,EDUCATION,8500,0.2,0,4,4611.111111111111,0.08741947960102575,Low Risk,0,"Consider approval, subject to lender policy"
23,17688,RENT,0.0,DEBTCONSOLIDATION,1700,0.1,0,3,17688.0,0.36067963911416445,High Risk,0,Additional assessment required
36,64973,MORTGAGE,6.0,EDUCATION,9000,0.14,0,13,9281.857142857143,0.05512500382049201,Low Risk,0,"Consider approval, subject to lender policy"
28,120000,OWN,7.0,VENTURE,5000,0.04,0,6,15000.0,0.005722292003890719,Low Risk,0,"Consider approval, subject to lender policy"
25,39900,RENT,8.0,EDUCATION,12000,0.3,0,4,4433.333333333333,0.16627233800061428,Medium Risk,0,Consider manual review
22,51996,OWN,6.0,VENTURE,8400,0.16,1,4,7428.0,0.02463747374911348,Low Risk,0,"Consider approval, subject to lender policy"
23,75000,RENT,7.0,PERSONAL,12000,0.16,0,3,9375.0,0.06168769914897148,Low Risk,0,"Consider approval, subject to lender policy"
24,50000,RENT,1.0,MEDICAL,6000,0.12,0,4,25000.0,0.12605825783550922,Low Risk,0,"Consider approval, subject to lender policy"
27,138000,RENT,2.0,DEBTCONSOLIDATION,4000,0.03,0,10,46000.0,0.07010864444735114,Low Risk,1,"Consider approval, subject to lender policy"
25,27996,RENT,0.0,MEDICAL,1500,0.05,0,3,27996.0,0.17775530523822877,Medium Risk,0,Consider manual review
26,36000,RENT,5.0,MEDICAL,8550,0.24,0,2,6000.0,0.1655185351270982,Medium Risk,1,Consider manual review
25,39000,RENT,0.0,HOMEIMPROVEMENT,4000,0.1,0,2,39000.0,0.4210373847412067,High Risk,1,Additional assessment required
25,80000,RENT,0.0,VENTURE,16000,0.2,0,2,80000.0,0.11007725598030114,Low Risk,0,"Consider approval, subject to lender policy"
21,34368,RENT,0.0,DEBTCONSOLIDATION,2500,0.07,1,2,34368.0,0.6233422856079782,Very High Risk,0,High-risk application; apply lender policy
28,81120,MORTGAGE,5.0,HOMEIMPROVEMENT,5200,0.06,0,7,13520.0,0.04317371478547671,Low Risk,0,"Consider approval, subject to lender policy"
22,80000,MORTGAGE,6.0,EDUCATION,35000,0.44,0,2,11428.57142857143,0.1469542495016029,Low Risk,0,"Consider approval, subject to lender policy"
26,14040,RENT,1.0,DEBTCONSOLIDATION,4750,0.34,0,2,7020.0,0.9926688587692629,Very High Risk,1,High-risk application; apply lender policy
28,73200,RENT,2.0,VENTURE,12000,0.16,0,5,24400.0,0.10157518659228452,Low Risk,0,"Consider approval, subject to lender policy"
23,124800,MORTGAGE,4.0,MEDICAL,28000,0.22,0,2,24960.0,0.19729982187337375,Medium Risk,0,Consider manual review
23,40000,RENT,7.0,EDUCATION,10000,0.25,0,2,5000.0,0.08394564659000431,Low Risk,0,"Consider approval, subject to lender policy"
32,225000,MORTGAGE,4.0,PERSONAL,20000,0.09,0,10,45000.0,0.05339809595118495,Low Risk,0,"Consider approval, subject to lender policy"
24,23700,RENT,8.0,VENTURE,10000,0.42,0,4,2633.3333333333335,0.959127307387318,Very High Risk,1,High-risk application; apply lender policy
22,32760,RENT,3.0,PERSONAL,5000,0.15,1,3,8190.0,0.3178286155497418,High Risk,0,Additional assessment required
22,50000,MORTGAGE,7.0,EDUCATION,6400,0.13,0,2,6250.0,0.07118256124411732,Low Risk,0,"Consider approval, subject to lender policy"
27,150792,MORTGAGE,11.0,PERSONAL,6000,0.04,0,9,12566.0,0.037269188601257115,Low Risk,0,"Consider approval, subject to lender policy"
34,108000,MORTGAGE,4.0,DEBTCONSOLIDATION,25000,0.23,0,8,21600.0,0.21741514334212259,Medium Risk,1,Consider manual review
23,28989,MORTGAGE,0.0,EDUCATION,10000,0.34,0,2,28989.0,0.24789731413684718,Medium Risk,0,Consider manual review
44,24300,RENT,0.0,VENTURE,9750,0.4,0,15,24300.0,0.9680247977989574,Very High Risk,1,High-risk application; apply lender policy
25,51996,MORTGAGE,6.0,VENTURE,7000,0.13,0,3,7428.0,0.0419126474691823,Low Risk,0,"Consider approval, subject to lender policy"
28,25000,MORTGAGE,12.0,HOMEIMPROVEMENT,10625,0.42,1,6,1923.076923076923,0.34706296167590334,High Risk,0,Additional assessment required
22,96384,MORTGAGE,6.0,VENTURE,18000,0.19,0,3,13769.142857142857,0.03059519804589828,Low Risk,0,"Consider approval, subject to lender policy"
25,47000,RENT,9.0,HOMEIMPROVEMENT,19750,0.42,0,4,4700.0,0.9736435930299459,Very High Risk,1,High-risk application; apply lender policy
35,19200,RENT,4.0,PERSONAL,1200,0.06,0,10,3840.0,0.3035496129050631,High Risk,1,Additional assessment required
26,29406,RENT,5.0,HOMEIMPROVEMENT,10000,0.34,0,4,4901.0,0.981544497099352,Very High Risk,1,High-risk application; apply lender policy
23,74000,MORTGAGE,4.0,HOMEIMPROVEMENT,25000,0.34,0,2,14800.0,0.6526130212806118,Very High Risk,1,High-risk application; apply lender policy
27,44630,OWN,10.0,MEDICAL,10825,0.24,0,8,4057.2727272727275,0.02771592887147789,Low Risk,0,"Consider approval, subject to lender policy"
33,50000,RENT,6.0,PERSONAL,6000,0.12,1,5,7142.857142857143,0.21892816589880024,Medium Risk,0,Consider manual review
24,20400,RENT,3.0,VENTURE,7550,0.37,0,4,5100.0,0.9585551756357621,Very High Risk,1,High-risk application; apply lender policy
28,80000,MORTGAGE,6.0,HOMEIMPROVEMENT,4400,0.06,0,5,11428.57142857143,0.03735703969811199,Low Risk,0,"Consider approval, subject to lender policy"
23,83000,MORTGAGE,5.0,EDUCATION,20000,0.24,0,4,13833.333333333334,0.05051895964326288,Low Risk,1,"Consider approval, subject to lender policy"
30,51000,MORTGAGE,4.0,PERSONAL,2000,0.04,0,10,10200.0,0.07459986602092307,Low Risk,0,"Consider approval, subject to lender policy"
27,135000,MORTGAGE,3.0,MEDICAL,25000,0.19,0,8,33750.0,0.2071709298463603,Medium Risk,0,Consider manual review
27,25800,RENT,11.0,EDUCATION,2500,0.1,1,5,2150.0,0.26168017722623405,High Risk,0,Additional assessment required
27,51000,OWN,11.0,PERSONAL,12000,0.24,0,7,4250.0,0.013495592003313805,Low Risk,0,"Consider approval, subject to lender policy"
29,48000,RENT,9.0,HOMEIMPROVEMENT,25000,0.52,1,8,4800.0,0.9852455629787561,Very High Risk,1,High-risk application; apply lender policy
37,64680,RENT,10.0,DEBTCONSOLIDATION,3000,0.05,0,14,5880.0,0.10637725658724895,Low Risk,0,"Consider approval, subject to lender policy"
35,50000,RENT,4.0,PERSONAL,17500,0.35,0,5,10000.0,0.955959606278043,Very High Risk,1,High-risk application; apply lender policy
23,72000,RENT,3.0,MEDICAL,10800,0.15,0,2,18000.0,0.1055076143958941,Low Risk,0,"Consider approval, subject to lender policy"
28,245000,MORTGAGE,0.0,PERSONAL,18000,0.07,1,9,245000.0,0.1889792865830026,Medium Risk,0,Consider manual review
30,61000,RENT,4.0,MEDICAL,4800,0.08,0,10,12200.0,0.09704063768308549,Low Risk,0,"Consider approval, subject to lender policy"
26,24000,RENT,3.0,EDUCATION,5400,0.23,0,3,6000.0,0.1339097184419694,Low Risk,0,"Consider approval, subject to lender policy"
34,85000,MORTGAGE,2.0,HOMEIMPROVEMENT,15000,0.18,1,9,28333.333333333332,0.16106486562009426,Medium Risk,0,Consider manual review
27,56244,MORTGAGE,11.0,HOMEIMPROVEMENT,12000,0.21,0,8,4687.0,0.10960858720829601,Low Risk,0,"Consider approval, subject to lender policy"
23,104736,MORTGAGE,3.0,DEBTCONSOLIDATION,25000,0.24,1,2,26184.0,0.6811873352503862,Very High Risk,1,High-risk application; apply lender policy
30,70000,MORTGAGE,9.0,MEDICAL,7000,0.1,0,9,7000.0,0.10887788196868975,Low Risk,0,"Consider approval, subject to lender policy"
35,125000,RENT,11.0,EDUCATION,8000,0.06,1,7,10416.666666666666,0.10992138901094461,Low Risk,0,"Consider approval, subject to lender policy"
26,65000,RENT,5.0,HOMEIMPROVEMENT,15000,0.23,0,4,10833.333333333334,0.10571430997902569,Low Risk,0,"Consider approval, subject to lender policy"
36,35000,OWN,1.0,VENTURE,6000,0.17,0,13,17500.0,0.00916562773225291,Low Risk,0,"Consider approval, subject to lender policy"
35,85000,MORTGAGE,2.0,EDUCATION,8400,0.1,0,9,28333.333333333332,0.04066820069212515,Low Risk,0,"Consider approval, subject to lender policy"
40,35000,RENT,17.0,EDUCATION,2400,0.07,0,16,1944.4444444444443,0.08118184632969981,Low Risk,0,"Consider approval, subject to lender policy"
21,68000,RENT,3.0,PERSONAL,3000,0.04,0,2,17000.0,0.07361999724450514,Low Risk,0,"Consider approval, subject to lender policy"
23,60000,RENT,1.0,DEBTCONSOLIDATION,3000,0.05,0,2,30000.0,0.1026758738675557,Low Risk,0,"Consider approval, subject to lender policy"
24,40000,RENT,0.0,PERSONAL,10000,0.25,0,3,40000.0,0.12011405486392103,Low Risk,0,"Consider approval, subject to lender policy"
25,180000,RENT,2.0,VENTURE,3000,0.02,0,2,60000.0,0.05614159621298025,Low Risk,0,"Consider approval, subject to lender policy"
21,27600,RENT,2.0,EDUCATION,3000,0.11,0,4,9200.0,0.16477206526686494,Medium Risk,0,Consider manual review
25,72000,MORTGAGE,9.0,DEBTCONSOLIDATION,4800,0.07,0,3,7200.0,0.10482901716898484,Low Risk,0,"Consider approval, subject to lender policy"
24,98518,MORTGAGE,8.0,VENTURE,10000,0.1,0,3,10946.444444444445,0.020161003040072796,Low Risk,0,"Consider approval, subject to lender policy"
40,65000,RENT,4.0,MEDICAL,8700,0.13,0,13,13000.0,0.10331907631313632,Low Risk,0,"Consider approval, subject to lender policy"
32,70000,MORTGAGE,7.0,PERSONAL,6000,0.09,0,6,8750.0,0.05366636429310462,Low Risk,0,"Consider approval, subject to lender policy"
28,120000,MORTGAGE,0.0,PERSONAL,20000,0.17,0,5,120000.0,0.08394325081565386,Low Risk,0,"Consider approval, subject to lender policy"
28,118000,MORTGAGE,6.0,PERSONAL,25000,0.21,1,6,16857.14285714286,0.2688441647189499,High Risk,1,Additional assessment required
23,49000,MORTGAGE,5.0,EDUCATION,3500,0.07,0,2,8166.666666666667,0.06778639827576839,Low Risk,0,"Consider approval, subject to lender policy"
24,42000,OWN,1.0,VENTURE,7500,0.18,0,3,21000.0,0.010001470961744436,Low Risk,0,"Consider approval, subject to lender policy"
21,30000,RENT,5.0,MEDICAL,9000,0.3,1,2,5000.0,0.5584933731194667,Very High Risk,0,High-risk application; apply lender policy
28,90000,MORTGAGE,12.0,EDUCATION,5325,0.06,0,10,6923.076923076923,0.034448736908459926,Low Risk,0,"Consider approval, subject to lender policy"
32,113000,RENT,5.0,HOMEIMPROVEMENT,12000,0.11,0,5,18833.333333333332,0.06129688274333332,Low Risk,1,"Consider approval, subject to lender policy"
29,16000,OWN,3.0,VENTURE,3000,0.19,0,8,4000.0,0.9110572065938077,Very High Risk,1,High-risk application; apply lender policy
35,90000,RENT,3.0,DEBTCONSOLIDATION,11000,0.12,0,10,22500.0,0.06428469465204756,Low Risk,0,"Consider approval, subject to lender policy"
27,66000,RENT,11.0,DEBTCONSOLIDATION,6000,0.09,0,8,5500.0,0.10637725658724895,Low Risk,1,"Consider approval, subject to lender policy"
23,45000,RENT,0.0,EDUCATION,1500,0.03,0,4,45000.0,0.1134154332035076,Low Risk,0,"Consider approval, subject to lender policy"
41,62000,RENT,3.0,MEDICAL,7500,0.12,0,16,15500.0,0.10331907631313632,Low Risk,0,"Consider approval, subject to lender policy"
29,27048,RENT,5.0,DEBTCONSOLIDATION,3500,0.13,0,7,4508.0,0.18329963677134015,Medium Risk,0,Consider manual review
23,40100,RENT,7.0,MEDICAL,12000,0.3,0,2,5012.5,0.17444983688493992,Medium Risk,0,Consider manual review
46,114440,MORTGAGE,0.0,EDUCATION,3000,0.03,0,17,114440.0,0.052753918381183075,Low Risk,0,"Consider approval, subject to lender policy"
28,33600,MORTGAGE,12.0,MEDICAL,3000,0.09,0,5,2584.6153846153848,0.24926087862012206,Medium Risk,0,Consider manual review
26,53500,RENT,1.0,PERSONAL,5000,0.09,0,3,26750.0,0.12049448118447417,Low Risk,0,"Consider approval, subject to lender policy"
30,122000,MORTGAGE,11.0,HOMEIMPROVEMENT,11200,0.09,0,9,10166.666666666666,0.03984040730604535,Low Risk,0,"Consider approval, subject to lender policy"
40,68000,RENT,12.0,HOMEIMPROVEMENT,7000,0.1,0,11,5230.7692307692305,0.10068755144804906,Low Risk,0,"Consider approval, subject to lender policy"
53,85000,RENT,2.0,PERSONAL,8000,0.09,0,26,28333.333333333332,0.06401912208276551,Low Risk,0,"Consider approval, subject to lender policy"
29,48000,MORTGAGE,13.0,MEDICAL,4975,0.1,0,7,3428.5714285714284,0.1571331437949663,Medium Risk,0,Consider manual review
22,30000,RENT,3.0,VENTURE,3500,0.12,0,4,7500.0,0.10169717180330708,Low Risk,1,"Consider approval, subject to lender policy"
33,60000,MORTGAGE,2.0,EDUCATION,2500,0.04,0,8,20000.0,0.05718595463171195,Low Risk,0,"Consider approval, subject to lender policy"
44,83000,OTHER,2.0,EDUCATION,12000,0.14,1,15,27666.666666666668,0.13759869336983716,Low Risk,1,"Consider approval, subject to lender policy"
27,42000,RENT,7.0,DEBTCONSOLIDATION,5000,0.12,0,5,5250.0,0.1394024179004376,Low Risk,0,"Consider approval, subject to lender policy"
22,40000,RENT,6.0,EDUCATION,14000,0.35,1,3,5714.285714285715,0.944232965901415,Very High Risk,1,High-risk application; apply lender policy
28,41000,RENT,10.0,DEBTCONSOLIDATION,1500,0.04,1,6,3727.2727272727275,0.45869344252677835,Very High Risk,0,High-risk application; apply lender policy
26,50000,RENT,8.0,PERSONAL,3000,0.06,0,4,5555.555555555556,0.09798949842190666,Low Risk,0,"Consider approval, subject to lender policy"
37,33280,RENT,2.0,DEBTCONSOLIDATION,8400,0.25,0,11,11093.333333333334,0.2687418011248653,High Risk,0,Additional assessment required
24,72000,MORTGAGE,6.0,EDUCATION,10000,0.14,0,4,10285.714285714286,0.05242264932724098,Low Risk,0,"Consider approval, subject to lender policy"
37,40000,OWN,16.0,HOMEIMPROVEMENT,5000,0.13,0,12,2352.9411764705883,0.017878727309974664,Low Risk,0,"Consider approval, subject to lender policy"
28,39000,RENT,3.0,VENTURE,5000,0.13,0,10,9750.0,0.07580293469606002,Low Risk,0,"Consider approval, subject to lender policy"
30,45000,RENT,1.0,EDUCATION,6000,0.13,0,5,22500.0,0.11785113776019446,Low Risk,0,"Consider approval, subject to lender policy"
25,50000,MORTGAGE,9.0,EDUCATION,5000,0.1,0,2,5000.0,0.07410458754330011,Low Risk,0,"Consider approval, subject to lender policy"
25,35000,RENT,5.0,MEDICAL,13000,0.37,0,2,5833.333333333333,0.9573814187647722,Very High Risk,1,High-risk application; apply lender policy
23,91092,MORTGAGE,2.0,PERSONAL,10000,0.11,0,2,30364.0,0.0493738564129074,Low Risk,0,"Consider approval, subject to lender policy"
29,68000,MORTGAGE,14.0,PERSONAL,15000,0.22,1,6,4533.333333333333,0.19454641935106343,Medium Risk,0,Consider manual review
32,84456,RENT,5.0,HOMEIMPROVEMENT,10000,0.12,0,7,14076.0,0.05709913828188162,Low Risk,0,"Consider approval, subject to lender policy"
22,30000,MORTGAGE,0.0,VENTURE,5000,0.17,0,4,30000.0,0.1053060986090937,Low Risk,0,"Consider approval, subject to lender policy"
28,75000,MORTGAGE,5.0,MEDICAL,16800,0.22,0,8,12500.0,0.12523356718002082,Low Risk,0,"Consider approval, subject to lender policy"
22,63000,RENT,5.0,EDUCATION,4000,0.06,0,4,10500.0,0.06109943605507801,Low Risk,0,"Consider approval, subject to lender policy"
32,162000,RENT,5.0,VENTURE,20000,0.12,0,9,27000.0,0.03897714362541136,Low Risk,0,"Consider approval, subject to lender policy"
39,64000,RENT,9.0,DEBTCONSOLIDATION,4800,0.07,0,16,6400.0,0.10637725658724895,Low Risk,0,"Consider approval, subject to lender policy"
29,24000,RENT,0.0,MEDICAL,1000,0.04,0,7,24000.0,0.17775530523822877,Medium Risk,0,Consider manual review
35,55000,MORTGAGE,14.0,PERSONAL,15000,0.27,0,10,3666.6666666666665,0.11552629681322739,Low Risk,0,"Consider approval, subject to lender policy"
25,79404,OTHER,0.0,VENTURE,20000,0.25,0,3,79404.0,0.06745425470764253,Low Risk,0,"Consider approval, subject to lender policy"
22,84000,MORTGAGE,0.0,MEDICAL,10000,0.12,0,3,84000.0,0.10119596512630058,Low Risk,0,"Consider approval, subject to lender policy"
41,381450,MORTGAGE,10.0,PERSONAL,35000,0.09,1,16,34677.27272727273,0.2029425954541444,Medium Risk,0,Consider manual review
25,30000,MORTGAGE,5.0,EDUCATION,3600,0.12,0,4,5000.0,0.13550994196316432,Low Risk,0,"Consider approval, subject to lender policy"
25,35000,RENT,6.0,PERSONAL,3500,0.1,0,3,5000.0,0.08619847808623751,Low Risk,0,"Consider approval, subject to lender policy"
27,102000,MORTGAGE,6.0,VENTURE,10000,0.1,0,9,14571.42857142857,0.020161003040072796,Low Risk,0,"Consider approval, subject to lender policy"
26,54600,RENT,4.0,HOMEIMPROVEMENT,8000,0.15,1,4,10920.0,0.31980215054389743,High Risk,0,Additional assessment required
22,96000,MORTGAGE,0.0,EDUCATION,3000,0.03,0,3,96000.0,0.05062773888061797,Low Risk,0,"Consider approval, subject to lender policy"
31,59000,RENT,14.0,DEBTCONSOLIDATION,20000,0.34,0,10,3933.3333333333335,0.9794110790936726,Very High Risk,1,High-risk application; apply lender policy
24,43300,MORTGAGE,2.0,DEBTCONSOLIDATION,24000,0.55,0,2,14433.333333333334,0.3236464327818594,High Risk,0,Additional assessment required
30,300000,OWN,14.0,VENTURE,35000,0.12,0,5,20000.0,0.013986596180842567,Low Risk,0,"Consider approval, subject to lender policy"
26,47500,RENT,10.0,PERSONAL,19000,0.4,1,4,4318.181818181818,0.9627419085925701,Very High Risk,1,High-risk application; apply lender policy
22,40000,RENT,0.0,PERSONAL,3600,0.09,0,2,40000.0,0.1120557775635387,Low Risk,0,"Consider approval, subject to lender policy"
25,69000,MORTGAGE,5.0,PERSONAL,20000,0.29,0,2,11500.0,0.08995647617500717,Low Risk,0,"Consider approval, subject to lender policy"
25,65000,RENT,8.0,HOMEIMPROVEMENT,18000,0.28,0,3,7222.222222222223,0.17048800372804512,Medium Risk,0,Consider manual review
23,20000,OWN,0.0,PERSONAL,5000,0.25,0,4,20000.0,0.02783425809547348,Low Risk,0,"Consider approval, subject to lender policy"
31,180000,OWN,15.0,EDUCATION,10000,0.06,0,7,11250.0,0.010300850184046268,Low Risk,0,"Consider approval, subject to lender policy"
24,46700,RENT,5.0,EDUCATION,8000,0.17,1,3,7783.333333333333,0.2126425869160531,Medium Risk,0,Consider manual review
27,54400,MORTGAGE,11.0,MEDICAL,3000,0.05,1,5,4533.333333333333,0.44411251177039845,High Risk,1,Additional assessment required
26,60000,RENT,0.0,HOMEIMPROVEMENT,12000,0.2,1,4,60000.0,0.40389871897891494,High Risk,0,Additional assessment required
23,53664,MORTGAGE,7.0,EDUCATION,15000,0.28,0,4,6708.0,0.09893420842036707,Low Risk,0,"Consider approval, subject to lender policy"
34,110000,MORTGAGE,2.0,MEDICAL,10000,0.09,0,10,36666.666666666664,0.07334595951597059,Low Risk,0,"Consider approval, subject to lender policy"
28,44500,MORTGAGE,5.0,DEBTCONSOLIDATION,20000,0.45,0,8,7416.666666666667,0.2788677692097679,High Risk,0,Additional assessment required
39,62400,RENT,7.0,PERSONAL,20000,0.32,0,13,7800.0,0.9392725064192263,Very High Risk,1,High-risk application; apply lender policy
39,50000,RENT,8.0,PERSONAL,12000,0.24,0,15,5555.555555555556,0.10495288666242755,Low Risk,0,"Consider approval, subject to lender policy"
30,130000,MORTGAGE,1.0,HOMEIMPROVEMENT,8500,0.07,1,5,65000.0,0.1525160528260334,Medium Risk,0,Consider manual review
22,60500,RENT,3.0,EDUCATION,7000,0.12,1,3,15125.0,0.15631650726524088,Medium Risk,0,Consider manual review
21,64000,OWN,5.0,MEDICAL,10000,0.16,0,3,10666.666666666666,0.02835801412064482,Low Risk,0,"Consider approval, subject to lender policy"
32,39500,RENT,12.0,DEBTCONSOLIDATION,20000,0.51,0,5,3038.4615384615386,0.9779889069980907,Very High Risk,1,High-risk application; apply lender policy
26,63000,MORTGAGE,6.0,HOMEIMPROVEMENT,24000,0.38,0,4,9000.0,0.15873592732226022,Medium Risk,0,Consider manual review
22,50250,RENT,6.0,VENTURE,3500,0.07,0,4,7178.571428571428,0.048570063259390124,Low Risk,0,"Consider approval, subject to lender policy"
23,48000,RENT,2.0,DEBTCONSOLIDATION,5000,0.1,0,4,16000.0,0.13328999417096513,Low Risk,0,"Consider approval, subject to lender policy"
25,86000,MORTGAGE,3.0,EDUCATION,8000,0.09,0,2,21500.0,0.03666372536331917,Low Risk,0,"Consider approval, subject to lender policy"
30,110000,MORTGAGE,14.0,VENTURE,10000,0.09,0,8,7333.333333333333,0.023589825408847433,Low Risk,0,"Consider approval, subject to lender policy"
23,96000,RENT,1.0,MEDICAL,20000,0.21,0,3,48000.0,0.1667671913906945,Medium Risk,0,Consider manual review
24,42000,RENT,8.0,DEBTCONSOLIDATION,6000,0.14,0,4,4666.666666666667,0.1394024179004376,Low Risk,0,"Consider approval, subject to lender policy"
26,31200,RENT,8.0,EDUCATION,5000,0.16,0,2,3466.6666666666665,0.1731739420280306,Medium Risk,0,Consider manual review
27,71738,MORTGAGE,4.0,EDUCATION,11500,0.16,0,9,14347.6,0.05242264932724098,Low Risk,0,"Consider approval, subject to lender policy"
25,115000,MORTGAGE,4.0,VENTURE,25000,0.22,1,4,23000.0,0.20611475642189414,Medium Risk,0,Consider manual review
26,75000,OWN,10.0,EDUCATION,7200,0.1,0,3,6818.181818181818,0.011448863221997018,Low Risk,0,"Consider approval, subject to lender policy"
33,53000,RENT,1.0,HOMEIMPROVEMENT,12000,0.23,0,5,26500.0,0.2144737402217527,Medium Risk,0,Consider manual review
33,42000,RENT,0.0,MEDICAL,8000,0.19,0,7,42000.0,0.1518844848393764,Medium Risk,0,Consider manual review
23,80000,MORTGAGE,7.0,EDUCATION,17000,0.21,0,2,10000.0,0.040620940365261954,Low Risk,0,"Consider approval, subject to lender policy"
41,52106,RENT,4.0,EDUCATION,5000,0.1,0,13,10421.2,0.0850423603544757,Low Risk,1,"Consider approval, subject to lender policy"
41,43000,RENT,0.0,VENTURE,7000,0.16,0,13,43000.0,0.10265750762421538,Low Risk,0,"Consider approval, subject to lender policy"
22,26000,MORTGAGE,6.0,VENTURE,17000,0.65,1,4,3714.285714285714,0.23049605335529505,Medium Risk,1,Consider manual review
23,48996,RENT,2.0,MEDICAL,15000,0.31,0,4,16332.0,0.9700104628412739,Very High Risk,1,High-risk application; apply lender policy
33,64197,MORTGAGE,7.0,MEDICAL,7600,0.12,0,7,8024.625,0.11828800903495269,Low Risk,0,"Consider approval, subject to lender policy"
23,38000,RENT,0.0,DEBTCONSOLIDATION,1075,0.03,0,3,38000.0,0.1382158849736307,Low Risk,0,"Consider approval, subject to lender policy"
33,55259,RENT,15.0,EDUCATION,11200,0.2,0,5,3453.6875,0.1022029821890503,Low Risk,0,"Consider approval, subject to lender policy"
23,33359,RENT,2.0,EDUCATION,9000,0.27,0,4,11119.666666666666,0.280232483251928,High Risk,1,Additional assessment required
37,56500,MORTGAGE,4.0,EDUCATION,10000,0.18,0,13,11300.0,0.07789446310155416,Low Risk,0,"Consider approval, subject to lender policy"
27,49272,MORTGAGE,5.0,MEDICAL,3250,0.07,0,6,8212.0,0.15122035837982223,Medium Risk,0,Consider manual review
21,69000,RENT,0.0,HOMEIMPROVEMENT,15000,0.22,1,4,69000.0,0.934977721223838,Very High Risk,1,High-risk application; apply lender policy
25,52000,RENT,1.0,VENTURE,10000,0.19,0,3,26000.0,0.11276752097045492,Low Risk,0,"Consider approval, subject to lender policy"
21,32268,OWN,0.0,MEDICAL,8000,0.25,0,3,32268.0,0.041936252352725974,Low Risk,0,"Consider approval, subject to lender policy"
23,40000,RENT,7.0,EDUCATION,11650,0.29,0,4,5000.0,0.11088969858419824,Low Risk,0,"Consider approval, subject to lender policy"
26,76000,MORTGAGE,10.0,HOMEIMPROVEMENT,5425,0.07,0,3,6909.090909090909,0.0700738707530802,Low Risk,0,"Consider approval, subject to lender policy"
38,200000,MORTGAGE,0.0,PERSONAL,20000,0.1,0,15,200000.0,0.08394325081565386,Low Risk,0,"Consider approval, subject to lender policy"
27,39500,RENT,0.0,MEDICAL,2200,0.06,1,8,39500.0,0.4371820457396353,High Risk,1,Additional assessment required
34,91800,MORTGAGE,0.0,MEDICAL,25000,0.23,1,9,91800.0,0.6863166627958779,Very High Risk,1,High-risk application; apply lender policy
29,40000,MORTGAGE,13.0,HOMEIMPROVEMENT,25000,0.63,0,6,2857.1428571428573,0.31519812130268,High Risk,0,Additional assessment required
27,27996,RENT,0.0,PERSONAL,12250,0.44,0,7,27996.0,0.9689710421408401,Very High Risk,1,High-risk application; apply lender policy
31,72500,MORTGAGE,12.0,HOMEIMPROVEMENT,8875,0.12,0,7,5576.923076923077,0.06463462338213012,Low Risk,0,"Consider approval, subject to lender policy"
45,75000,MORTGAGE,2.0,EDUCATION,15000,0.2,0,12,25000.0,0.06864720378458805,Low Risk,0,"Consider approval, subject to lender policy"
23,52000,RENT,3.0,EDUCATION,7000,0.13,0,2,13000.0,0.08440180127719446,Low Risk,0,"Consider approval, subject to lender policy"
32,50000,RENT,0.0,HOMEIMPROVEMENT,3775,0.08,0,8,50000.0,0.17862483722237166,Medium Risk,0,Consider manual review
26,41000,RENT,3.0,DEBTCONSOLIDATION,6600,0.16,1,4,10250.0,0.45099610623951447,Very High Risk,0,High-risk application; apply lender policy
30,85634,MORTGAGE,4.0,PERSONAL,14000,0.16,0,8,17126.8,0.04092878559005464,Low Risk,0,"Consider approval, subject to lender policy"
27,52000,RENT,0.0,HOMEIMPROVEMENT,5100,0.1,0,9,52000.0,0.17862483722237166,Medium Risk,0,Consider manual review
31,58000,MORTGAGE,15.0,HOMEIMPROVEMENT,6000,0.1,0,5,3625.0,0.10895336513592523,Low Risk,0,"Consider approval, subject to lender policy"
23,24000,RENT,0.0,PERSONAL,6000,0.25,0,3,24000.0,0.1846795441795934,Medium Risk,0,Consider manual review
22,27000,RENT,6.0,DEBTCONSOLIDATION,5000,0.19,0,2,3857.1428571428573,0.20012686654577677,Medium Risk,0,Consider manual review
21,14400,RENT,0.0,DEBTCONSOLIDATION,2000,0.14,0,2,14400.0,0.38067185423587646,High Risk,0,Additional assessment required
29,75000,MORTGAGE,3.0,MEDICAL,4000,0.05,0,9,18750.0,0.08616217237239836,Low Risk,0,"Consider approval, subject to lender policy"
24,42996,RENT,5.0,MEDICAL,5000,0.12,0,4,7166.0,0.14349391589820634,Low Risk,0,"Consider approval, subject to lender policy"
24,133000,OWN,4.0,VENTURE,4000,0.03,0,3,26600.0,0.005722292003890719,Low Risk,0,"Consider approval, subject to lender policy"
34,75000,RENT,2.0,VENTURE,12000,0.16,0,8,25000.0,0.06380707237067729,Low Risk,0,"Consider approval, subject to lender policy"
23,49530,MORTGAGE,7.0,DEBTCONSOLIDATION,16000,0.32,1,2,6191.25,0.47280101470704144,Very High Risk,1,High-risk application; apply lender policy
27,116000,MORTGAGE,0.0,EDUCATION,3500,0.03,0,10,116000.0,0.052753918381183075,Low Risk,1,"Consider approval, subject to lender policy"
25,95000,RENT,0.0,DEBTCONSOLIDATION,8000,0.08,0,3,95000.0,0.09302196103477156,Low Risk,0,"Consider approval, subject to lender policy"
25,66300,MORTGAGE,6.0,MEDICAL,20000,0.26,0,4,9471.42857142857,0.19555620795240813,Medium Risk,1,Consider manual review
23,42806,MORTGAGE,7.0,EDUCATION,1000,0.02,0,2,5350.75,0.07808665611225966,Low Risk,0,"Consider approval, subject to lender policy"
29,98000,MORTGAGE,2.0,HOMEIMPROVEMENT,7925,0.08,0,9,32666.666666666668,0.047167408630389096,Low Risk,1,"Consider approval, subject to lender policy"
22,46200,RENT,0.0,VENTURE,10000,0.22,0,3,46200.0,0.11836259572808408,Low Risk,0,"Consider approval, subject to lender policy"
22,70000,OWN,0.0,MEDICAL,15000,0.21,0,3,70000.0,0.02752081877046083,Low Risk,0,"Consider approval, subject to lender policy"
23,38500,RENT,8.0,DEBTCONSOLIDATION,12800,0.33,0,4,4277.777777777777,0.9668404245321713,Very High Risk,1,High-risk application; apply lender policy
40,63000,RENT,4.0,EDUCATION,7700,0.12,1,11,12600.0,0.16212326294013604,Medium Risk,0,Consider manual review
23,150000,RENT,0.0,EDUCATION,24000,0.16,0,4,150000.0,0.19961195550510397,Medium Risk,0,Consider manual review
22,38000,RENT,0.0,EDUCATION,2000,0.05,0,3,38000.0,0.12524895022104146,Low Risk,0,"Consider approval, subject to lender policy"
35,106000,MORTGAGE,8.0,DEBTCONSOLIDATION,15000,0.14,0,8,11777.777777777777,0.08701819268107251,Low Risk,0,"Consider approval, subject to lender policy"
27,70000,MORTGAGE,8.0,VENTURE,12000,0.17,0,6,7777.777777777777,0.032435847979133806,Low Risk,0,"Consider approval, subject to lender policy"
22,70000,MORTGAGE,4.0,VENTURE,13750,0.2,0,3,14000.0,0.034985569474918515,Low Risk,0,"Consider approval, subject to lender policy"
49,45000,RENT,8.0,PERSONAL,10000,0.22,0,12,5000.0,0.11020839278438765,Low Risk,0,"Consider approval, subject to lender policy"
25,28000,OWN,4.0,VENTURE,12200,0.44,0,4,5600.0,0.03467434031196925,Low Risk,0,"Consider approval, subject to lender policy"
24,52800,RENT,8.0,DEBTCONSOLIDATION,9000,0.17,0,4,5866.666666666667,0.13579955416148068,Low Risk,0,"Consider approval, subject to lender policy"
25,30000,RENT,0.0,DEBTCONSOLIDATION,3250,0.11,0,3,30000.0,0.22401083731048227,Medium Risk,0,Consider manual review
28,78465,OWN,9.0,VENTURE,14000,0.18,0,10,7846.5,0.010368556151531282,Low Risk,0,"Consider approval, subject to lender policy"
41,21000,RENT,0.0,MEDICAL,3000,0.14,0,15,21000.0,0.17775530523822877,Medium Risk,0,Consider manual review
25,83800,RENT,2.0,DEBTCONSOLIDATION,25000,0.3,1,3,27933.333333333332,0.7819762603199113,Very High Risk,1,High-risk application; apply lender policy
26,65004,RENT,3.0,VENTURE,8400,0.13,0,3,16251.0,0.041565599707095696,Low Risk,0,"Consider approval, subject to lender policy"
25,30840,RENT,2.0,VENTURE,11200,0.36,0,4,10280.0,0.9683022642152059,Very High Risk,1,High-risk application; apply lender policy
25,75000,MORTGAGE,9.0,VENTURE,1000,0.01,0,4,7500.0,0.022626932728385778,Low Risk,0,"Consider approval, subject to lender policy"
32,41000,RENT,17.0,MEDICAL,3000,0.07,1,7,2277.777777777778,0.43484721645142244,High Risk,0,Additional assessment required
30,50000,RENT,3.0,VENTURE,4500,0.09,1,7,12500.0,0.14708499308172782,Low Risk,0,"Consider approval, subject to lender policy"
25,33000,RENT,1.0,VENTURE,7100,0.22,1,3,16500.0,0.5285809609792286,Very High Risk,1,High-risk application; apply lender policy
25,75000,RENT,9.0,DEBTCONSOLIDATION,25000,0.33,0,2,7500.0,0.974980145654262,Very High Risk,1,High-risk application; apply lender policy
24,19200,RENT,1.0,MEDICAL,4000,0.21,1,4,9600.0,0.9521687682027464,Very High Risk,1,High-risk application; apply lender policy
24,70000,RENT,0.0,VENTURE,2000,0.03,0,3,70000.0,0.05871287422028245,Low Risk,0,"Consider approval, subject to lender policy"
23,62100,RENT,3.0,MEDICAL,7000,0.11,0,2,15525.0,0.11062698708681519,Low Risk,0,"Consider approval, subject to lender policy"
21,56000,MORTGAGE,5.0,EDUCATION,18000,0.32,0,2,9333.333333333334,0.1494169906066481,Low Risk,1,"Consider approval, subject to lender policy"
37,75000,MORTGAGE,0.0,VENTURE,17000,0.23,0,11,75000.0,0.05924009668477544,Low Risk,0,"Consider approval, subject to lender policy"
24,50000,RENT,0.0,VENTURE,7200,0.14,0,2,50000.0,0.08956331900851502,Low Risk,0,"Consider approval, subject to lender policy"
22,53004,MORTGAGE,6.0,EDUCATION,1500,0.03,0,2,7572.0,0.06440743632495992,Low Risk,0,"Consider approval, subject to lender policy"
24,80000,MORTGAGE,0.0,PERSONAL,6000,0.07,0,2,80000.0,0.04890837886869545,Low Risk,0,"Consider approval, subject to lender policy"
65,45900,RENT,2.0,EDUCATION,10000,0.22,1,19,15300.0,0.3328426134282531,High Risk,0,Additional assessment required
25,57700,MORTGAGE,9.0,HOMEIMPROVEMENT,9000,0.16,0,3,5770.0,0.10895336513592523,Low Risk,0,"Consider approval, subject to lender policy"
22,40800,OWN,6.0,VENTURE,10000,0.25,1,2,5828.571428571428,0.026135868495754583,Low Risk,0,"Consider approval, subject to lender policy"
35,200004,MORTGAGE,19.0,DEBTCONSOLIDATION,6000,0.03,0,8,10000.2,0.06903361396288125,Low Risk,0,"Consider approval, subject to lender policy"
23,38000,RENT,4.0,VENTURE,1500,0.04,0,3,7600.0,0.05370456881552263,Low Risk,0,"Consider approval, subject to lender policy"
31,29000,RENT,14.0,HOMEIMPROVEMENT,15075,0.52,0,7,1933.3333333333333,0.9855843148371621,Very High Risk,1,High-risk application; apply lender policy
30,80000,MORTGAGE,2.0,EDUCATION,6000,0.07,1,9,26666.666666666668,0.09140735238157052,Low Risk,0,"Consider approval, subject to lender policy"
46,63000,RENT,18.0,HOMEIMPROVEMENT,10000,0.16,0,11,3315.7894736842104,0.10068755144804906,Low Risk,0,"Consider approval, subject to lender policy"
27,30000,RENT,4.0,EDUCATION,10000,0.33,0,10,6000.0,0.9617882772454658,Very High Risk,1,High-risk application; apply lender policy
29,90444,RENT,13.0,MEDICAL,12000,0.13,0,8,6460.285714285715,0.07402384074746601,Low Risk,0,"Consider approval, subject to lender policy"
28,50000,RENT,1.0,HOMEIMPROVEMENT,16200,0.32,1,6,25000.0,0.9778082906067396,Very High Risk,1,High-risk application; apply lender policy
24,12000,RENT,0.0,PERSONAL,3200,0.27,0,3,12000.0,0.9432970637738335,Very High Risk,1,High-risk application; apply lender policy
25,30000,RENT,2.0,MEDICAL,3200,0.11,0,4,10000.0,0.23562238576171807,Medium Risk,0,Consider manual review
28,70000,RENT,1.0,HOMEIMPROVEMENT,12000,0.17,1,6,35000.0,0.39719206368188614,High Risk,0,Additional assessment required
27,225000,MORTGAGE,11.0,VENTURE,25000,0.11,0,5,18750.0,0.043873051429721595,Low Risk,0,"Consider approval, subject to lender policy"
27,37000,RENT,11.0,MEDICAL,14700,0.4,0,9,3083.3333333333335,0.9671645847296414,Very High Risk,1,High-risk application; apply lender policy
26,96000,MORTGAGE,0.0,HOMEIMPROVEMENT,16000,0.17,0,2,96000.0,0.07365913780652525,Low Risk,0,"Consider approval, subject to lender policy"
25,47000,RENT,2.0,MEDICAL,12000,0.26,1,2,15666.666666666666,0.5236928300932866,Very High Risk,0,High-risk application; apply lender policy
36,31000,RENT,2.0,MEDICAL,8000,0.26,0,12,10333.333333333334,0.3108710313474845,High Risk,1,Additional assessment required
24,54996,RENT,6.0,MEDICAL,9100,0.17,0,2,7856.571428571428,0.15175017351873227,Medium Risk,0,Consider manual review
30,270000,MORTGAGE,14.0,DEBTCONSOLIDATION,21000,0.08,0,6,18000.0,0.08445576117265627,Low Risk,0,"Consider approval, subject to lender policy"
23,119496,MORTGAGE,7.0,EDUCATION,12000,0.1,0,4,14937.0,0.0353914889067744,Low Risk,0,"Consider approval, subject to lender policy"
24,120000,OWN,8.0,HOMEIMPROVEMENT,21000,0.17,1,2,13333.333333333334,0.047679160503660854,Low Risk,0,"Consider approval, subject to lender policy"
45,19200,RENT,1.0,VENTURE,4000,0.21,0,15,9600.0,0.9269610229649385,Very High Risk,1,High-risk application; apply lender policy
28,95000,MORTGAGE,5.0,PERSONAL,5000,0.05,0,7,15833.333333333334,0.03813955792488234,Low Risk,0,"Consider approval, subject to lender policy"
27,58075,MORTGAGE,6.0,MEDICAL,4000,0.07,0,6,8296.42857142857,0.15065190552881644,Medium Risk,0,Consider manual review
29,61000,RENT,2.0,PERSONAL,15000,0.25,1,8,20333.333333333332,0.37484549905635234,High Risk,1,Additional assessment required
35,34868,RENT,14.0,MEDICAL,5000,0.14,0,6,2324.5333333333333,0.29971695011114463,High Risk,1,Additional assessment required
25,48000,RENT,6.0,DEBTCONSOLIDATION,7200,0.15,0,3,6857.142857142857,0.1376098805341217,Low Risk,0,"Consider approval, subject to lender policy"
41,95000,RENT,3.0,VENTURE,10000,0.11,0,16,23750.0,0.028347485480334063,Low Risk,0,"Consider approval, subject to lender policy"
25,77078,MORTGAGE,1.0,DEBTCONSOLIDATION,3425,0.04,0,4,38539.0,0.09862486668697902,Low Risk,0,"Consider approval, subject to lender policy"
29,19200,RENT,4.0,PERSONAL,4000,0.21,0,6,3840.0,0.9071499072206757,Very High Risk,1,High-risk application; apply lender policy
24,65000,MORTGAGE,2.0,VENTURE,12000,0.18,0,4,21666.666666666668,0.046039632760282494,Low Risk,0,"Consider approval, subject to lender policy"
27,20000,RENT,2.0,MEDICAL,4000,0.2,0,8,6666.666666666667,0.19322147127883657,Medium Risk,0,Consider manual review
29,43680,OWN,0.0,DEBTCONSOLIDATION,10000,0.23,0,8,43680.0,0.07137071158669438,Low Risk,0,"Consider approval, subject to lender policy"
26,42000,RENT,3.0,VENTURE,12000,0.29,0,3,10500.0,0.09007959045369335,Low Risk,0,"Consider approval, subject to lender policy"
35,115000,RENT,2.0,EDUCATION,14000,0.12,0,9,38333.333333333336,0.0637481349709718,Low Risk,0,"Consider approval, subject to lender policy"
25,146990,MORTGAGE,0.0,VENTURE,28000,0.19,0,3,146990.0,0.09698729593773367,Low Risk,0,"Consider approval, subject to lender policy"
33,75000,MORTGAGE,2.0,DEBTCONSOLIDATION,7500,0.1,0,9,25000.0,0.08476333931579255,Low Risk,1,"Consider approval, subject to lender policy"
29,58000,OTHER,0.0,HOMEIMPROVEMENT,14000,0.24,0,8,58000.0,0.12808094909819312,Low Risk,0,"Consider approval, subject to lender policy"
47,30000,OWN,1.0,EDUCATION,8000,0.27,0,17,15000.0,0.033083713532280734,Low Risk,0,"Consider approval, subject to lender policy"
22,60000,RENT,4.0,PERSONAL,9800,0.16,0,3,12000.0,0.07315380048423613,Low Risk,0,"Consider approval, subject to lender policy"
30,39600,RENT,4.0,DEBTCONSOLIDATION,10000,0.25,1,10,7920.0,0.5598650711452138,Very High Risk,1,High-risk application; apply lender policy
33,57492,RENT,1.0,MEDICAL,20000,0.35,0,10,28746.0,0.9792794578947591,Very High Risk,1,High-risk application; apply lender policy
24,36000,RENT,7.0,DEBTCONSOLIDATION,13000,0.36,0,3,4500.0,0.9668404245321713,Very High Risk,1,High-risk application; apply lender policy
26,145000,RENT,3.0,EDUCATION,18500,0.13,1,3,36250.0,0.13577120724169794,Low Risk,0,"Consider approval, subject to lender policy"
26,62690,MORTGAGE,7.0,MEDICAL,4400,0.07,0,4,7836.25,0.11121276434337608,Low Risk,0,"Consider approval, subject to lender policy"
25,42000,RENT,6.0,MEDICAL,5600,0.13,0,2,6000.0,0.1531580869080408,Medium Risk,0,Consider manual review
22,64000,RENT,2.0,DEBTCONSOLIDATION,14000,0.22,0,3,21333.333333333332,0.1156166360196071,Low Risk,0,"Consider approval, subject to lender policy"
23,40000,RENT,0.0,VENTURE,10000,0.25,0,3,40000.0,0.10131355224845624,Low Risk,0,"Consider approval, subject to lender policy"
22,90000,RENT,2.0,PERSONAL,7000,0.08,0,3,30000.0,0.06331532256548879,Low Risk,0,"Consider approval, subject to lender policy"
22,35000,MORTGAGE,7.0,VENTURE,4000,0.11,0,2,4375.0,0.032772203713873724,Low Risk,0,"Consider approval, subject to lender policy"
30,20000,RENT,1.0,EDUCATION,6000,0.3,0,9,10000.0,0.22273275588025776,Medium Risk,0,Consider manual review
21,99996,RENT,5.0,EDUCATION,2000,0.02,1,3,16666.0,0.09976244804861632,Low Risk,0,"Consider approval, subject to lender policy"
25,51000,MORTGAGE,6.0,PERSONAL,16750,0.33,0,4,7285.714285714285,0.1732331532225065,Medium Risk,0,Consider manual review
34,44000,RENT,0.0,EDUCATION,3400,0.08,1,8,44000.0,0.29384462073742224,High Risk,0,Additional assessment required
31,92000,RENT,3.0,PERSONAL,17000,0.18,1,10,23000.0,0.1627810144458673,Medium Risk,0,Consider manual review
26,68400,RENT,10.0,VENTURE,12000,0.18,0,4,6218.181818181818,0.05525900920371383,Low Risk,0,"Consider approval, subject to lender policy"
29,25000,RENT,3.0,MEDICAL,5000,0.2,0,10,6250.0,0.1838145622087523,Medium Risk,0,Consider manual review
21,41033,MORTGAGE,2.0,DEBTCONSOLIDATION,5700,0.14,0,4,13677.666666666666,0.13384448980867122,Low Risk,0,"Consider approval, subject to lender policy"
34,46000,RENT,1.0,PERSONAL,5850,0.13,0,8,23000.0,0.1264183104349044,Low Risk,0,"Consider approval, subject to lender policy"
24,46000,MORTGAGE,5.0,EDUCATION,10000,0.22,0,2,7666.666666666667,0.07575877167525774,Low Risk,0,"Consider approval, subject to lender policy"
28,63000,MORTGAGE,0.0,EDUCATION,5000,0.08,1,7,63000.0,0.14629966555134494,Low Risk,0,"Consider approval, subject to lender policy"
25,16400,OWN,1.0,PERSONAL,5000,0.3,0,4,8200.0,0.9605642020591953,Very High Risk,1,High-risk application; apply lender policy
24,200000,RENT,8.0,EDUCATION,10000,0.05,0,4,22222.222222222223,0.04566955918525826,Low Risk,0,"Consider approval, subject to lender policy"
24,66000,RENT,2.0,PERSONAL,18000,0.27,1,4,22000.0,0.4940372322170682,Very High Risk,1,High-risk application; apply lender policy
26,38000,MORTGAGE,10.0,HOMEIMPROVEMENT,15000,0.39,0,3,3454.5454545454545,0.22133480604947503,Medium Risk,0,Consider manual review
39,57000,MORTGAGE,16.0,EDUCATION,6300,0.11,0,17,3352.9411764705883,0.07786775954619772,Low Risk,0,"Consider approval, subject to lender policy"
36,84000,RENT,0.0,EDUCATION,20000,0.24,0,16,84000.0,0.1806129558254262,Medium Risk,1,Consider manual review
25,60000,RENT,1.0,PERSONAL,10000,0.17,0,4,30000.0,0.09698486404275991,Low Risk,0,"Consider approval, subject to lender policy"
31,70000,MORTGAGE,9.0,MEDICAL,6000,0.09,0,7,7000.0,0.10230018696903541,Low Risk,0,"Consider approval, subject to lender policy"
33,48000,RENT,11.0,DEBTCONSOLIDATION,25000,0.52,0,10,4000.0,0.9841228004837542,Very High Risk,1,High-risk application; apply lender policy
27,49200,MORTGAGE,4.0,HOMEIMPROVEMENT,2500,0.05,0,10,9840.0,0.11015041395447007,Low Risk,0,"Consider approval, subject to lender policy"
28,58000,MORTGAGE,0.0,VENTURE,12500,0.22,0,8,58000.0,0.06664920490132845,Low Risk,0,"Consider approval, subject to lender policy"
22,60000,OTHER,6.0,VENTURE,8000,0.13,0,2,8571.42857142857,0.03196331957919827,Low Risk,0,"Consider approval, subject to lender policy"
21,15000,OWN,0.0,HOMEIMPROVEMENT,6200,0.41,0,2,15000.0,0.992202066517928,Very High Risk,1,High-risk application; apply lender policy
24,51600,RENT,1.0,HOMEIMPROVEMENT,3000,0.06,1,4,25800.0,0.4611964953646454,Very High Risk,0,High-risk application; apply lender policy
25,55000,OWN,1.0,PERSONAL,6000,0.11,1,3,27500.0,0.03945506190848694,Low Risk,0,"Consider approval, subject to lender policy"
21,15600,RENT,0.0,MEDICAL,2800,0.18,0,4,15600.0,0.9429831182546619,Very High Risk,1,High-risk application; apply lender policy
25,62000,RENT,9.0,DEBTCONSOLIDATION,7000,0.11,0,4,6200.0,0.11318404677793706,Low Risk,0,"Consider approval, subject to lender policy"
22,88620,MORTGAGE,6.0,DEBTCONSOLIDATION,24000,0.27,0,3,12660.0,0.26626824774185887,High Risk,0,Additional assessment required
26,45000,MORTGAGE,10.0,MEDICAL,4325,0.1,0,4,4090.909090909091,0.1571331437949663,Medium Risk,0,Consider manual review
35,54996,RENT,1.0,VENTURE,3000,0.05,0,5,27498.0,0.09001079352199108,Low Risk,0,"Consider approval, subject to lender policy"
33,75000,MORTGAGE,13.0,VENTURE,4000,0.05,0,7,5357.142857142857,0.024028427906241278,Low Risk,0,"Consider approval, subject to lender policy"
24,30000,RENT,0.0,MEDICAL,4600,0.15,1,2,30000.0,0.5031534747731617,Very High Risk,0,High-risk application; apply lender policy
26,150000,MORTGAGE,3.0,VENTURE,25000,0.17,0,4,37500.0,0.05267654871868065,Low Risk,0,"Consider approval, subject to lender policy"
27,79200,OWN,1.0,HOMEIMPROVEMENT,15000,0.19,0,8,39600.0,0.02250052444199828,Low Risk,0,"Consider approval, subject to lender policy"
29,67992,MORTGAGE,0.0,HOMEIMPROVEMENT,2000,0.03,0,7,67992.0,0.08198017835191833,Low Risk,0,"Consider approval, subject to lender policy"
23,103000,MORTGAGE,1.0,PERSONAL,20000,0.19,0,2,51500.0,0.07284597905633694,Low Risk,0,"Consider approval, subject to lender policy"
43,98760,RENT,8.0,VENTURE,5000,0.05,0,14,10973.333333333334,0.025826047283010026,Low Risk,0,"Consider approval, subject to lender policy"
21,42000,MORTGAGE,3.0,EDUCATION,13750,0.33,0,4,10500.0,0.14850817722180762,Low Risk,0,"Consider approval, subject to lender policy"
23,56000,RENT,7.0,DEBTCONSOLIDATION,3500,0.06,1,3,7000.0,0.44022860326191604,High Risk,0,Additional assessment required
24,57500,RENT,4.0,DEBTCONSOLIDATION,2525,0.04,0,4,11500.0,0.12434698853668281,Low Risk,0,"Consider approval, subject to lender policy"
33,51000,MORTGAGE,12.0,MEDICAL,7200,0.14,0,5,3923.076923076923,0.15911918415381304,Medium Risk,0,Consider manual review
24,90000,RENT,0.0,DEBTCONSOLIDATION,5000,0.06,0,2,90000.0,0.07909663378922595,Low Risk,0,"Consider approval, subject to lender policy"
29,70000,OWN,13.0,PERSONAL,25000,0.36,1,9,5000.0,0.06577153836309957,Low Risk,0,"Consider approval, subject to lender policy"
25,105000,MORTGAGE,9.0,DEBTCONSOLIDATION,12000,0.11,0,2,10500.0,0.08315839177713803,Low Risk,0,"Consider approval, subject to lender policy"
26,204000,MORTGAGE,10.0,MEDICAL,15250,0.07,0,3,18545.454545454544,0.09970942742632946,Low Risk,0,"Consider approval, subject to lender policy"
25,22000,RENT,3.0,PERSONAL,5000,0.23,0,3,5500.0,0.1434544295612711,Low Risk,1,"Consider approval, subject to lender policy"
27,35000,MORTGAGE,6.0,HOMEIMPROVEMENT,5000,0.14,0,5,5000.0,0.1109656931473281,Low Risk,0,"Consider approval, subject to lender policy"
23,62000,MORTGAGE,0.0,VENTURE,18000,0.29,1,3,62000.0,0.22945959543487307,Medium Risk,0,Consider manual review
22,34000,RENT,2.0,EDUCATION,10000,0.29,1,3,11333.333333333334,0.6076918054782463,Very High Risk,1,High-risk application; apply lender policy
23,24000,RENT,2.0,MEDICAL,2800,0.12,0,4,8000.0,0.18605004963162747,Medium Risk,1,Consider manual review
24,60000,RENT,3.0,HOMEIMPROVEMENT,8000,0.13,1,3,15000.0,0.2502487255789513,High Risk,0,Additional assessment required
29,48504,RENT,0.0,DEBTCONSOLIDATION,5000,0.1,1,5,48504.0,0.41742936746508486,High Risk,0,Additional assessment required
22,30000,OWN,6.0,EDUCATION,2500,0.08,0,3,4285.714285714285,0.02207422415114963,Low Risk,0,"Consider approval, subject to lender policy"
38,95000,OWN,6.0,VENTURE,14000,0.15,1,17,13571.42857142857,0.020650259032233442,Low Risk,0,"Consider approval, subject to lender policy"
34,46500,MORTGAGE,18.0,EDUCATION,8500,0.18,0,9,2447.3684210526317,0.08387387143342856,Low Risk,0,"Consider approval, subject to lender policy"
22,80000,RENT,6.0,EDUCATION,4000,0.05,0,4,11428.57142857143,0.038435818155701,Low Risk,0,"Consider approval, subject to lender policy"
31,82000,MORTGAGE,15.0,HOMEIMPROVEMENT,9000,0.11,0,9,5125.0,0.04642584913518628,Low Risk,0,"Consider approval, subject to lender policy"
25,115000,MORTGAGE,4.0,PERSONAL,20000,0.17,0,4,23000.0,0.04700845475865998,Low Risk,0,"Consider approval, subject to lender policy"
35,61600,RENT,4.0,MEDICAL,4200,0.07,0,9,12320.0,0.09704063768308549,Low Risk,0,"Consider approval, subject to lender policy"
29,48000,RENT,1.0,MEDICAL,8800,0.18,0,9,24000.0,0.14122920300704084,Low Risk,0,"Consider approval, subject to lender policy"
30,46000,MORTGAGE,1.0,EDUCATION,12000,0.26,1,9,23000.0,0.25112785370997043,High Risk,0,Additional assessment required
27,55000,RENT,11.0,DEBTCONSOLIDATION,13000,0.24,0,6,4583.333333333333,0.14576795760968866,Low Risk,0,"Consider approval, subject to lender policy"
39,34000,MORTGAGE,1.0,VENTURE,5200,0.15,0,16,17000.0,0.15057726550257305,Medium Risk,0,Consider manual review
21,45000,RENT,0.0,EDUCATION,4000,0.09,0,3,45000.0,0.1134154332035076,Low Risk,0,"Consider approval, subject to lender policy"
25,42000,RENT,2.0,DEBTCONSOLIDATION,4800,0.11,0,4,14000.0,0.1386085163907269,Low Risk,0,"Consider approval, subject to lender policy"
27,100000,RENT,0.0,VENTURE,15000,0.15,0,10,100000.0,0.10568726540209383,Low Risk,0,"Consider approval, subject to lender policy"
26,18000,RENT,2.0,DEBTCONSOLIDATION,8500,0.47,0,3,6000.0,0.9925706255475135,Very High Risk,1,High-risk application; apply lender policy
22,44000,MORTGAGE,5.0,DEBTCONSOLIDATION,7200,0.16,0,3,7333.333333333333,0.16392318727137917,Medium Risk,0,Consider manual review
39,67000,RENT,0.0,VENTURE,24000,0.36,0,11,67000.0,0.9796697144330909,Very High Risk,1,High-risk application; apply lender policy
24,52728,RENT,4.0,PERSONAL,5000,0.09,0,4,10545.6,0.0914718119343335,Low Risk,0,"Consider approval, subject to lender policy"
23,54000,RENT,7.0,MEDICAL,15000,0.28,0,2,6750.0,0.29626784102247744,High Risk,1,Additional assessment required
24,75000,MORTGAGE,4.0,DEBTCONSOLIDATION,11200,0.15,1,4,15000.0,0.37604895244709924,High Risk,0,Additional assessment required
24,35000,RENT,8.0,DEBTCONSOLIDATION,5000,0.14,0,4,3888.8888888888887,0.11435667932309032,Low Risk,0,"Consider approval, subject to lender policy"
41,65000,RENT,3.0,EDUCATION,10000,0.15,0,15,16250.0,0.06791565243807499,Low Risk,0,"Consider approval, subject to lender policy"
22,24500,RENT,3.0,MEDICAL,4800,0.2,0,2,6125.0,0.19557421959563395,Medium Risk,0,Consider manual review
27,49000,MORTGAGE,0.0,PERSONAL,15000,0.31,0,7,49000.0,0.20118790894357177,Medium Risk,1,Consider manual review
22,70000,MORTGAGE,2.0,EDUCATION,16000,0.23,1,3,23333.333333333332,0.18517059385395215,Medium Risk,0,Consider manual review
34,20000,RENT,5.0,MEDICAL,5000,0.25,0,5,3333.3333333333335,0.1838145622087523,Medium Risk,0,Consider manual review
21,36000,RENT,3.0,DEBTCONSOLIDATION,5000,0.14,0,4,9000.0,0.1376703932525494,Low Risk,0,"Consider approval, subject to lender policy"
28,42000,RENT,0.0,EDUCATION,12000,0.29,0,9,42000.0,0.17560862617830958,Medium Risk,0,Consider manual review
27,40800,MORTGAGE,4.0,EDUCATION,6000,0.15,0,10,8160.0,0.07599931850912534,Low Risk,0,"Consider approval, subject to lender policy"
26,102500,MORTGAGE,4.0,EDUCATION,11800,0.12,0,2,20500.0,0.0365291845254591,Low Risk,0,"Consider approval, subject to lender policy"
26,43000,MORTGAGE,6.0,MEDICAL,15000,0.35,0,2,6142.857142857143,0.3559344184101125,High Risk,0,Additional assessment required
41,24000,RENT,2.0,MEDICAL,4000,0.17,0,16,8000.0,0.18605004963162747,Medium Risk,1,Consider manual review
26,80000,RENT,2.0,EDUCATION,10000,0.13,0,4,26666.666666666668,0.05615683560509454,Low Risk,0,"Consider approval, subject to lender policy"
23,60000,RENT,7.0,PERSONAL,15000,0.25,1,2,7500.0,0.2500319913195864,High Risk,0,Additional assessment required
22,31000,RENT,5.0,MEDICAL,5550,0.18,0,3,5166.666666666667,0.23296173927163227,Medium Risk,1,Consider manual review
25,140000,MORTGAGE,9.0,PERSONAL,35000,0.25,0,4,14000.0,0.08427874602057096,Low Risk,0,"Consider approval, subject to lender policy"
22,126500,RENT,1.0,DEBTCONSOLIDATION,19200,0.15,1,3,63250.0,0.4649999949185587,Very High Risk,0,High-risk application; apply lender policy
22,58000,RENT,6.0,EDUCATION,3000,0.05,0,2,8285.714285714286,0.08291808137381154,Low Risk,0,"Consider approval, subject to lender policy"
40,60000,RENT,0.0,DEBTCONSOLIDATION,6500,0.11,0,13,60000.0,0.09343283828075996,Low Risk,0,"Consider approval, subject to lender policy"
24,27000,RENT,0.0,VENTURE,3000,0.11,0,2,27000.0,0.1459023408242226,Low Risk,0,"Consider approval, subject to lender policy"
51,16800,OWN,3.0,PERSONAL,1000,0.06,0,22,4200.0,0.08312805586174862,Low Risk,0,"Consider approval, subject to lender policy"
25,55000,OWN,9.0,EDUCATION,10000,0.18,1,2,5500.0,0.029001547256926788,Low Risk,0,"Consider approval, subject to lender policy"
24,45000,RENT,0.0,MEDICAL,6000,0.13,0,3,45000.0,0.1322144978607077,Low Risk,1,"Consider approval, subject to lender policy"
26,65000,RENT,5.0,DEBTCONSOLIDATION,3200,0.05,0,3,10833.333333333334,0.09883769938278311,Low Risk,0,"Consider approval, subject to lender policy"
22,78000,RENT,3.0,VENTURE,10000,0.13,0,2,19500.0,0.05357983182030316,Low Risk,0,"Consider approval, subject to lender policy"
27,54000,RENT,3.0,EDUCATION,4000,0.07,0,5,13500.0,0.10411266097629322,Low Risk,0,"Consider approval, subject to lender policy"
23,60000,RENT,4.0,VENTURE,3600,0.06,0,2,12000.0,0.04080658627334803,Low Risk,0,"Consider approval, subject to lender policy"
23,34255,RENT,7.0,VENTURE,6000,0.18,1,3,4281.875,0.3595558218555181,High Risk,1,Additional assessment required
29,180000,MORTGAGE,2.0,PERSONAL,31000,0.17,1,8,60000.0,0.24348502701594366,Medium Risk,0,Consider manual review
27,132000,RENT,6.0,DEBTCONSOLIDATION,20000,0.15,0,10,18857.14285714286,0.08497643587869448,Low Risk,0,"Consider approval, subject to lender policy"
37,51000,MORTGAGE,3.0,DEBTCONSOLIDATION,12800,0.25,0,12,12750.0,0.13719629814372325,Low Risk,0,"Consider approval, subject to lender policy"
22,30000,RENT,4.0,PERSONAL,4800,0.16,0,3,6000.0,0.18323681712252957,Medium Risk,1,Consider manual review
24,96000,MORTGAGE,7.0,HOMEIMPROVEMENT,6000,0.06,1,4,12000.0,0.10994701562163313,Low Risk,0,"Consider approval, subject to lender policy"
28,55000,RENT,3.0,MEDICAL,6000,0.11,0,8,13750.0,0.1338736133358205,Low Risk,0,"Consider approval, subject to lender policy"
26,60000,OWN,8.0,VENTURE,9800,0.16,0,4,6666.666666666667,0.00775074176767072,Low Risk,0,"Consider approval, subject to lender policy"
28,50000,RENT,2.0,EDUCATION,2000,0.04,0,5,16666.666666666668,0.1154862244322496,Low Risk,1,"Consider approval, subject to lender policy"
30,72000,RENT,2.0,HOMEIMPROVEMENT,3000,0.04,0,5,24000.0,0.13140848254127643,Low Risk,0,"Consider approval, subject to lender policy"
27,180000,RENT,2.0,MEDICAL,15000,0.08,0,10,60000.0,0.13216471129596974,Low Risk,0,"Consider approval, subject to lender policy"
28,65000,RENT,2.0,HOMEIMPROVEMENT,7200,0.11,1,5,21666.666666666668,0.3919025300917058,High Risk,0,Additional assessment required
23,65000,RENT,7.0,EDUCATION,6000,0.09,0,3,8125.0,0.06193641621473636,Low Risk,0,"Consider approval, subject to lender policy"
25,49000,RENT,3.0,EDUCATION,1000,0.02,0,3,12250.0,0.0894004343273537,Low Risk,0,"Consider approval, subject to lender policy"
23,39000,RENT,3.0,DEBTCONSOLIDATION,8000,0.21,0,3,9750.0,0.20347521590368114,Medium Risk,1,Consider manual review
26,54000,MORTGAGE,5.0,PERSONAL,14000,0.26,0,3,9000.0,0.11029412441638932,Low Risk,0,"Consider approval, subject to lender policy"
23,51000,RENT,3.0,EDUCATION,12000,0.24,0,3,12750.0,0.08764714826808585,Low Risk,0,"Consider approval, subject to lender policy"
45,23000,OWN,2.0,PERSONAL,7000,0.3,0,15,7666.666666666667,0.024502118646947287,Low Risk,0,"Consider approval, subject to lender policy"
51,80000,RENT,1.0,HOMEIMPROVEMENT,12000,0.15,0,23,40000.0,0.08929741843167244,Low Risk,0,"Consider approval, subject to lender policy"
26,58000,MORTGAGE,5.0,MEDICAL,31300,0.54,0,3,9666.666666666666,0.5354633101778781,Very High Risk,0,High-risk application; apply lender policy
26,300000,MORTGAGE,10.0,VENTURE,20000,0.07,0,4,27272.727272727272,0.02548804570772001,Low Risk,0,"Consider approval, subject to lender policy"
22,64000,RENT,2.0,DEBTCONSOLIDATION,10000,0.16,0,4,21333.333333333332,0.1051228307441045,Low Risk,1,"Consider approval, subject to lender policy"
23,45312,RENT,3.0,EDUCATION,13500,0.3,0,3,11328.0,0.12099635684519444,Low Risk,0,"Consider approval, subject to lender policy"
29,54000,RENT,12.0,PERSONAL,10000,0.19,0,7,4153.846153846154,0.1278640638800422,Low Risk,1,"Consider approval, subject to lender policy"
29,32000,MORTGAGE,13.0,PERSONAL,8000,0.25,0,6,2285.714285714286,0.160668767182014,Medium Risk,0,Consider manual review
25,85000,MORTGAGE,7.0,EDUCATION,12000,0.14,1,4,10625.0,0.09068854436614358,Low Risk,0,"Consider approval, subject to lender policy"
35,39000,MORTGAGE,5.0,HOMEIMPROVEMENT,15000,0.38,0,9,6500.0,0.2686828328634921,High Risk,0,Additional assessment required
29,118374,MORTGAGE,13.0,VENTURE,3500,0.03,1,6,8455.285714285714,0.06296828681628637,Low Risk,0,"Consider approval, subject to lender policy"
35,67000,MORTGAGE,10.0,PERSONAL,3300,0.05,0,6,6090.909090909091,0.05979609222000386,Low Risk,0,"Consider approval, subject to lender policy"
37,48500,MORTGAGE,4.0,PERSONAL,6000,0.12,0,12,9700.0,0.0784686990942917,Low Risk,0,"Consider approval, subject to lender policy"
29,26000,RENT,2.0,VENTURE,1500,0.06,1,6,8666.666666666666,0.38591202933950763,High Risk,0,Additional assessment required
24,50000,MORTGAGE,0.0,HOMEIMPROVEMENT,5500,0.11,0,3,50000.0,0.09306370077142193,Low Risk,0,"Consider approval, subject to lender policy"
22,36000,MORTGAGE,6.0,DEBTCONSOLIDATION,4000,0.11,0,4,5142.857142857143,0.14653802381839584,Low Risk,1,"Consider approval, subject to lender policy"
23,24000,RENT,0.0,MEDICAL,3050,0.13,0,4,24000.0,0.17775530523822877,Medium Risk,0,Consider manual review
24,40000,MORTGAGE,6.0,DEBTCONSOLIDATION,10000,0.25,0,4,5714.285714285715,0.13109711836546306,Low Risk,0,"Consider approval, subject to lender policy"
25,71000,MORTGAGE,9.0,DEBTCONSOLIDATION,7200,0.1,0,4,7100.0,0.11154910615495763,Low Risk,0,"Consider approval, subject to lender policy"
27,19200,MORTGAGE,3.0,VENTURE,1400,0.07,0,6,4800.0,0.11767466468946107,Low Risk,0,"Consider approval, subject to lender policy"
22,55000,OWN,2.0,EDUCATION,2200,0.04,0,3,18333.333333333332,0.014041907834027345,Low Risk,0,"Consider approval, subject to lender policy"
27,57000,OWN,11.0,EDUCATION,15000,0.26,0,6,4750.0,0.018311446850698885,Low Risk,0,"Consider approval, subject to lender policy"
32,48000,MORTGAGE,2.0,DEBTCONSOLIDATION,10650,0.22,0,9,16000.0,0.1454260640390787,Low Risk,0,"Consider approval, subject to lender policy"
21,15600,OWN,5.0,VENTURE,1000,0.06,0,4,2600.0,0.049755098813295,Low Risk,0,"Consider approval, subject to lender policy"
29,480000,MORTGAGE,6.0,DEBTCONSOLIDATION,6500,0.01,0,9,68571.42857142857,0.08323901262013482,Low Risk,0,"Consider approval, subject to lender policy"
23,50400,RENT,5.0,EDUCATION,9400,0.19,0,4,8400.0,0.08764714826808585,Low Risk,0,"Consider approval, subject to lender policy"
25,24000,OWN,7.0,HOMEIMPROVEMENT,6000,0.25,0,4,3000.0,0.059191991547539076,Low Risk,0,"Consider approval, subject to lender policy"
80,64000,RENT,7.0,MEDICAL,6800,0.11,0,25,8000.0,0.10466993328581395,Low Risk,0,"Consider approval, subject to lender policy"
25,39600,RENT,2.0,MEDICAL,12000,0.3,0,2,13200.0,0.24450736414410285,Medium Risk,0,Consider manual review
23,30000,OWN,0.0,PERSONAL,3000,0.1,0,3,30000.0,0.02707043016177302,Low Risk,0,"Consider approval, subject to lender policy"
23,16000,OWN,7.0,PERSONAL,2000,0.13,0,3,2000.0,0.06979200128557182,Low Risk,0,"Consider approval, subject to lender policy"
28,70000,MORTGAGE,0.0,EDUCATION,5000,0.07,0,5,70000.0,0.04775592412830904,Low Risk,0,"Consider approval, subject to lender policy"
25,306000,RENT,2.0,DEBTCONSOLIDATION,24250,0.08,0,3,102000.0,0.2549231850793068,High Risk,0,Additional assessment required
30,58000,MORTGAGE,9.0,HOMEIMPROVEMENT,3000,0.05,0,9,5800.0,0.10895336513592523,Low Risk,0,"Consider approval, subject to lender policy"
25,55000,RENT,1.0,MEDICAL,7200,0.13,0,2,27500.0,0.1444877151800287,Low Risk,0,"Consider approval, subject to lender policy"
21,55600,RENT,2.0,PERSONAL,6000,0.11,0,3,18533.333333333332,0.12338369590480586,Low Risk,0,"Consider approval, subject to lender policy"
29,40000,RENT,3.0,MEDICAL,14150,0.35,0,5,10000.0,0.9577258503623298,Very High Risk,1,High-risk application; apply lender policy
22,64000,RENT,5.0,MEDICAL,6600,0.1,0,3,10666.666666666666,0.09704063768308549,Low Risk,0,"Consider approval, subject to lender policy"
23,54000,MORTGAGE,7.0,EDUCATION,4800,0.09,0,2,6750.0,0.0874419033089485,Low Risk,0,"Consider approval, subject to lender policy"
24,118300,RENT,1.0,PERSONAL,15000,0.13,0,4,59150.0,0.17493940743055836,Medium Risk,0,Consider manual review
23,65000,RENT,3.0,MEDICAL,5000,0.08,1,2,16250.0,0.27923115157204365,High Risk,0,Additional assessment required
26,35652,RENT,5.0,DEBTCONSOLIDATION,1400,0.04,0,4,5942.0,0.1458711517449401,Low Risk,1,"Consider approval, subject to lender policy"
34,50000,MORTGAGE,11.0,VENTURE,4000,0.08,0,8,4166.666666666667,0.035241980015971675,Low Risk,0,"Consider approval, subject to lender policy"
42,68000,RENT,3.0,MEDICAL,8500,0.13,0,12,17000.0,0.10331907631313632,Low Risk,0,"Consider approval, subject to lender policy"
30,43000,RENT,3.0,VENTURE,15000,0.35,0,8,10750.0,0.9526221173680246,Very High Risk,1,High-risk application; apply lender policy
27,110000,OWN,0.0,VENTURE,25000,0.23,1,7,110000.0,0.11791936437381871,Low Risk,0,"Consider approval, subject to lender policy"
23,85000,MORTGAGE,0.0,EDUCATION,7000,0.08,0,4,85000.0,0.05035293213422818,Low Risk,0,"Consider approval, subject to lender policy"
26,100000,RENT,0.0,DEBTCONSOLIDATION,15000,0.15,1,2,100000.0,0.4460759146483923,High Risk,0,Additional assessment required
30,85332,RENT,3.0,VENTURE,14000,0.16,0,7,21333.0,0.028452782163385933,Low Risk,0,"Consider approval, subject to lender policy"
51,153000,RENT,2.0,PERSONAL,25000,0.16,0,23,51000.0,0.20147170397674283,Medium Risk,1,Consider manual review
24,150000,RENT,8.0,PERSONAL,5000,0.03,0,2,16666.666666666668,0.05109938427686524,Low Risk,0,"Consider approval, subject to lender policy"
27,35088,MORTGAGE,7.0,VENTURE,12000,0.34,0,8,4386.0,0.09203419957837185,Low Risk,0,"Consider approval, subject to lender policy"
22,52000,RENT,1.0,MEDICAL,5000,0.1,0,2,26000.0,0.13027941476266702,Low Risk,0,"Consider approval, subject to lender policy"
24,79632,MORTGAGE,8.0,EDUCATION,7200,0.09,1,3,8848.0,0.11580167333442984,Low Risk,0,"Consider approval, subject to lender policy"
23,41004,MORTGAGE,8.0,VENTURE,10000,0.24,0,4,4556.0,0.05261316971118333,Low Risk,0,"Consider approval, subject to lender policy"
27,32000,MORTGAGE,0.0,MEDICAL,7500,0.23,1,9,32000.0,0.5437169306994888,Very High Risk,1,High-risk application; apply lender policy
28,115000,MORTGAGE,3.0,EDUCATION,18500,0.16,0,9,28750.0,0.04580061481068173,Low Risk,0,"Consider approval, subject to lender policy"
23,50000,RENT,7.0,PERSONAL,15000,0.3,0,3,6250.0,0.15350964032104208,Medium Risk,0,Consider manual review
23,42720,RENT,1.0,EDUCATION,10000,0.23,1,4,21360.0,0.3262363445829263,High Risk,1,Additional assessment required
45,34000,RENT,1.0,EDUCATION,5000,0.15,0,11,17000.0,0.31590181238516746,High Risk,1,Additional assessment required
27,70000,MORTGAGE,9.0,EDUCATION,16000,0.23,0,7,7000.0,0.06738079365755789,Low Risk,0,"Consider approval, subject to lender policy"
33,71000,MORTGAGE,11.0,PERSONAL,6000,0.08,1,7,5916.666666666667,0.14351918128884503,Low Risk,0,"Consider approval, subject to lender policy"
58,72000,RENT,5.0,EDUCATION,4500,0.06,0,18,12000.0,0.060543065725018316,Low Risk,0,"Consider approval, subject to lender policy"
24,53000,RENT,0.0,EDUCATION,6000,0.11,0,2,53000.0,0.09966957368528177,Low Risk,0,"Consider approval, subject to lender policy"
27,120000,RENT,0.0,DEBTCONSOLIDATION,7200,0.06,0,10,120000.0,0.09101765521043143,Low Risk,0,"Consider approval, subject to lender policy"
30,75689,MORTGAGE,13.0,HOMEIMPROVEMENT,10000,0.13,0,8,5406.357142857143,0.0700738707530802,Low Risk,0,"Consider approval, subject to lender policy"
36,66000,RENT,3.0,EDUCATION,10000,0.15,0,12,16500.0,0.06791565243807499,Low Risk,0,"Consider approval, subject to lender policy"
27,110000,MORTGAGE,8.0,VENTURE,30000,0.27,0,6,12222.222222222223,0.06462749503218966,Low Risk,0,"Consider approval, subject to lender policy"
22,58000,OWN,6.0,EDUCATION,10000,0.17,0,2,8285.714285714286,0.01236774262563329,Low Risk,0,"Consider approval, subject to lender policy"
22,50000,RENT,2.0,EDUCATION,8000,0.16,0,3,16666.666666666668,0.11819890458078322,Low Risk,0,"Consider approval, subject to lender policy"
28,52000,RENT,0.0,HOMEIMPROVEMENT,12000,0.23,0,5,52000.0,0.1855753031221308,Medium Risk,0,Consider manual review
21,110000,MORTGAGE,0.0,VENTURE,20000,0.18,0,4,110000.0,0.06316233476839178,Low Risk,0,"Consider approval, subject to lender policy"
24,61499,MORTGAGE,8.0,DEBTCONSOLIDATION,19600,0.32,0,2,6833.222222222223,0.25853907736576687,High Risk,1,Additional assessment required
39,150000,MORTGAGE,9.0,EDUCATION,30000,0.2,0,15,15000.0,0.08261279834598044,Low Risk,0,"Consider approval, subject to lender policy"
25,33000,RENT,9.0,MEDICAL,3200,0.1,0,4,3300.0,0.23435235181023875,Medium Risk,0,Consider manual review
26,119000,MORTGAGE,6.0,VENTURE,15000,0.13,0,2,17000.0,0.02653406580427041,Low Risk,0,"Consider approval, subject to lender policy"
37,69996,MORTGAGE,10.0,PERSONAL,5000,0.07,0,16,6363.272727272727,0.05687853456319553,Low Risk,0,"Consider approval, subject to lender policy"
29,37500,RENT,7.0,EDUCATION,3300,0.09,0,8,4687.5,0.10600011823147432,Low Risk,0,"Consider approval, subject to lender policy"
25,35138,MORTGAGE,3.0,DEBTCONSOLIDATION,1000,0.03,0,3,8784.5,0.10831394993458104,Low Risk,0,"Consider approval, subject to lender policy"
26,33000,RENT,4.0,MEDICAL,8975,0.27,1,3,6600.0,0.5382209184532587,Very High Risk,0,High-risk application; apply lender policy
24,120000,RENT,2.0,MEDICAL,14000,0.12,0,3,40000.0,0.07205318487119146,Low Risk,0,"Consider approval, subject to lender policy"
30,96000,MORTGAGE,8.0,EDUCATION,18000,0.19,0,7,10666.666666666666,0.04569936427697666,Low Risk,0,"Consider approval, subject to lender policy"
23,120000,RENT,7.0,PERSONAL,13000,0.11,0,4,15000.0,0.04928264651719242,Low Risk,0,"Consider approval, subject to lender policy"
24,70000,MORTGAGE,8.0,VENTURE,10000,0.14,0,3,7777.777777777777,0.02858617205794447,Low Risk,0,"Consider approval, subject to lender policy"
23,30000,MORTGAGE,0.0,MEDICAL,8000,0.27,1,3,30000.0,0.5967315609823735,Very High Risk,1,High-risk application; apply lender policy
41,19200,RENT,2.0,MEDICAL,2950,0.15,1,12,6400.0,0.4309242185378591,High Risk,1,Additional assessment required
33,68508,RENT,17.0,VENTURE,7000,0.1,0,10,3806.0,0.044702259319616515,Low Risk,0,"Consider approval, subject to lender policy"
22,70000,MORTGAGE,6.0,MEDICAL,2000,0.03,0,4,10000.0,0.09821030230366677,Low Risk,0,"Consider approval, subject to lender policy"
26,78000,RENT,4.0,DEBTCONSOLIDATION,12000,0.15,0,2,15600.0,0.13643126700978106,Low Risk,0,"Consider approval, subject to lender policy"
24,72000,RENT,8.0,EDUCATION,5500,0.08,0,3,8000.0,0.06137292255361517,Low Risk,0,"Consider approval, subject to lender policy"
27,35000,RENT,1.0,VENTURE,8000,0.23,0,8,17500.0,0.10727713870391313,Low Risk,0,"Consider approval, subject to lender policy"
35,24000,RENT,3.0,VENTURE,3500,0.15,0,6,6000.0,0.0808011234888229,Low Risk,0,"Consider approval, subject to lender policy"
26,77508,RENT,10.0,VENTURE,13500,0.17,1,2,7046.181818181818,0.17302316494300107,Medium Risk,0,Consider manual review
22,35325,RENT,2.0,HOMEIMPROVEMENT,6500,0.18,0,2,11775.0,0.8122714885954315,Very High Risk,1,High-risk application; apply lender policy
26,55000,MORTGAGE,10.0,MEDICAL,3000,0.05,0,2,5000.0,0.17131042361650087,Medium Risk,0,Consider manual review
22,36000,MORTGAGE,6.0,VENTURE,7500,0.21,0,3,5142.857142857143,0.052444177497694526,Low Risk,0,"Consider approval, subject to lender policy"
24,98000,MORTGAGE,8.0,VENTURE,10000,0.1,0,3,10888.888888888889,0.020161003040072796,Low Risk,0,"Consider approval, subject to lender policy"
26,26004,MORTGAGE,5.0,HOMEIMPROVEMENT,6000,0.23,0,2,4334.0,0.39967370962318866,High Risk,0,Additional assessment required
36,43000,RENT,6.0,DEBTCONSOLIDATION,4000,0.09,1,14,6142.857142857143,0.4550960153920697,Very High Risk,0,High-risk application; apply lender policy
32,36000,OWN,3.0,EDUCATION,5000,0.14,0,6,9000.0,0.013533731756915203,Low Risk,0,"Consider approval, subject to lender policy"
37,40680,MORTGAGE,6.0,DEBTCONSOLIDATION,8000,0.2,0,13,5811.428571428572,0.15824755867416573,Medium Risk,1,Consider manual review
24,89000,MORTGAGE,8.0,MEDICAL,25000,0.28,1,3,9888.888888888889,0.7042560213980789,Very High Risk,0,High-risk application; apply lender policy
30,40000,RENT,2.0,MEDICAL,8500,0.21,0,8,13333.333333333334,0.13191667336514182,Low Risk,0,"Consider approval, subject to lender policy"
25,77700,RENT,2.0,EDUCATION,14000,0.18,0,2,25900.0,0.09163186362778285,Low Risk,0,"Consider approval, subject to lender policy"
32,50000,RENT,3.0,VENTURE,6500,0.13,1,10,12500.0,0.1519561353096398,Medium Risk,0,Consider manual review
24,100000,MORTGAGE,4.0,VENTURE,16000,0.16,0,2,20000.0,0.025800979396551783,Low Risk,0,"Consider approval, subject to lender policy"
22,90000,MORTGAGE,6.0,MEDICAL,9500,0.11,0,3,12857.142857142857,0.07055994903089755,Low Risk,0,"Consider approval, subject to lender policy"
41,60000,RENT,4.0,PERSONAL,10800,0.18,0,11,12000.0,0.07602599031352138,Low Risk,0,"Consider approval, subject to lender policy"
23,69500,OWN,4.0,VENTURE,16800,0.24,0,3,13900.0,0.01044932757496126,Low Risk,0,"Consider approval, subject to lender policy"
41,51000,MORTGAGE,10.0,HOMEIMPROVEMENT,14500,0.28,0,11,4636.363636363636,0.1195905412578077,Low Risk,0,"Consider approval, subject to lender policy"
22,40000,MORTGAGE,3.0,DEBTCONSOLIDATION,2000,0.05,0,2,10000.0,0.12089550926864293,Low Risk,0,"Consider approval, subject to lender policy"
23,78625,RENT,3.0,PERSONAL,13600,0.17,0,3,19656.25,0.08944219154915536,Low Risk,0,"Consider approval, subject to lender policy"
23,62500,MORTGAGE,3.0,DEBTCONSOLIDATION,10000,0.16,0,3,15625.0,0.111165103329842,Low Risk,1,"Consider approval, subject to lender policy"
29,12000,RENT,0.0,PERSONAL,5600,0.47,0,10,12000.0,0.9918779821510821,Very High Risk,1,High-risk application; apply lender policy
27,57057,RENT,3.0,VENTURE,9000,0.16,0,5,14264.25,0.05262872030109199,Low Risk,0,"Consider approval, subject to lender policy"
31,100000,RENT,3.0,EDUCATION,8800,0.09,0,8,25000.0,0.04672658568424693,Low Risk,0,"Consider approval, subject to lender policy"
30,95000,MORTGAGE,0.0,DEBTCONSOLIDATION,10000,0.11,0,9,95000.0,0.08966167143510974,Low Risk,0,"Consider approval, subject to lender policy"
26,92400,MORTGAGE,8.0,MEDICAL,14500,0.16,0,4,10266.666666666666,0.0777926117319638,Low Risk,0,"Consider approval, subject to lender policy"
26,100000,MORTGAGE,0.0,DEBTCONSOLIDATION,17000,0.17,1,3,100000.0,0.35890233025790974,High Risk,0,Additional assessment required
23,24000,OWN,2.0,EDUCATION,8000,0.33,0,2,8000.0,0.038646828408704856,Low Risk,0,"Consider approval, subject to lender policy"
28,140000,RENT,9.0,HOMEIMPROVEMENT,12000,0.09,0,7,14000.0,0.05993097558363333,Low Risk,0,"Consider approval, subject to lender policy"
41,135000,MORTGAGE,2.0,MEDICAL,20000,0.15,0,13,45000.0,0.11827690845784902,Low Risk,0,"Consider approval, subject to lender policy"
22,31000,RENT,5.0,DEBTCONSOLIDATION,21250,0.69,0,3,5166.666666666667,0.9750052464217258,Very High Risk,1,High-risk application; apply lender policy
37,39600,RENT,2.0,PERSONAL,11500,0.29,0,15,13200.0,0.22642748442996896,Medium Risk,0,Consider manual review
27,240000,MORTGAGE,1.0,EDUCATION,35000,0.15,0,7,120000.0,0.11464331042209067,Low Risk,0,"Consider approval, subject to lender policy"
25,32000,MORTGAGE,3.0,PERSONAL,15000,0.47,0,4,8000.0,0.18707414998871155,Medium Risk,0,Consider manual review
29,72000,RENT,13.0,DEBTCONSOLIDATION,15900,0.22,0,10,5142.857142857143,0.1306245984005574,Low Risk,0,"Consider approval, subject to lender policy"
30,54000,MORTGAGE,6.0,MEDICAL,5375,0.1,0,5,7714.285714285715,0.1741602532453424,Medium Risk,0,Consider manual review
23,27996,OWN,1.0,PERSONAL,4800,0.17,1,2,13998.0,0.04599051144807299,Low Risk,0,"Consider approval, subject to lender policy"
32,140000,MORTGAGE,14.0,HOMEIMPROVEMENT,12000,0.09,0,8,9333.333333333334,0.03984040730604535,Low Risk,0,"Consider approval, subject to lender policy"
32,74400,RENT,16.0,MEDICAL,25000,0.34,0,8,4376.470588235294,0.9843434410229817,Very High Risk,1,High-risk application; apply lender policy
25,53000,RENT,3.0,MEDICAL,7500,0.14,0,4,13250.0,0.1361337735678801,Low Risk,1,"Consider approval, subject to lender policy"
32,44400,MORTGAGE,3.0,EDUCATION,15000,0.34,0,5,11100.0,0.1688817262345935,Medium Risk,1,Consider manual review
30,52000,MORTGAGE,4.0,PERSONAL,14675,0.28,0,8,10400.0,0.09499697091303905,Low Risk,0,"Consider approval, subject to lender policy"
23,78216,MORTGAGE,7.0,PERSONAL,1200,0.02,0,3,9777.0,0.06927179535537084,Low Risk,1,"Consider approval, subject to lender policy"
38,65000,MORTGAGE,6.0,PERSONAL,11500,0.18,0,14,9285.714285714286,0.06180919892295458,Low Risk,0,"Consider approval, subject to lender policy"
25,62000,RENT,0.0,DEBTCONSOLIDATION,7400,0.12,0,2,62000.0,0.09767958310050594,Low Risk,0,"Consider approval, subject to lender policy"
30,38000,RENT,3.0,PERSONAL,8875,0.23,0,5,9500.0,0.11385444609411913,Low Risk,0,"Consider approval, subject to lender policy"
34,80600,MORTGAGE,2.0,EDUCATION,15000,0.19,0,6,26866.666666666668,0.06327130049704692,Low Risk,0,"Consider approval, subject to lender policy"
41,39000,RENT,2.0,PERSONAL,3500,0.09,0,13,13000.0,0.1946221515573028,Medium Risk,0,Consider manual review
25,61200,MORTGAGE,10.0,MEDICAL,5200,0.08,0,4,5563.636363636364,0.11429873232714181,Low Risk,0,"Consider approval, subject to lender policy"
22,50000,MORTGAGE,4.0,PERSONAL,7000,0.14,0,3,10000.0,0.07955432560307764,Low Risk,0,"Consider approval, subject to lender policy"
23,40000,OWN,7.0,EDUCATION,13000,0.33,0,4,5000.0,0.030564543016219144,Low Risk,0,"Consider approval, subject to lender policy"
21,57000,RENT,6.0,EDUCATION,4000,0.07,0,4,8142.857142857143,0.08558348051990179,Low Risk,0,"Consider approval, subject to lender policy"
38,60000,RENT,0.0,VENTURE,16000,0.27,0,14,60000.0,0.19475697870134331,Medium Risk,0,Consider manual review
31,21000,RENT,13.0,EDUCATION,3000,0.14,1,8,1500.0,0.25918509496911435,High Risk,0,Additional assessment required
21,85000,MORTGAGE,5.0,EDUCATION,25000,0.29,0,2,14166.666666666666,0.09015369900014707,Low Risk,0,"Consider approval, subject to lender policy"
28,43000,MORTGAGE,6.0,VENTURE,15000,0.35,0,5,6142.857142857143,0.14600111245313793,Low Risk,0,"Consider approval, subject to lender policy"
43,55000,RENT,3.0,MEDICAL,11750,0.21,0,17,13750.0,0.14298280209097172,Low Risk,0,"Consider approval, subject to lender policy"
24,50793,RENT,6.0,PERSONAL,5000,0.1,0,4,7256.142857142857,0.09671554496402282,Low Risk,0,"Consider approval, subject to lender policy"
24,39996,RENT,2.0,EDUCATION,3000,0.08,1,3,13332.0,0.2535881518118631,High Risk,1,Additional assessment required
22,48000,RENT,0.0,EDUCATION,1000,0.02,0,2,48000.0,0.10901468102637238,Low Risk,0,"Consider approval, subject to lender policy"
26,36996,RENT,8.0,PERSONAL,9600,0.26,1,4,4110.666666666667,0.3283473643446777,High Risk,0,Additional assessment required
31,53000,MORTGAGE,15.0,VENTURE,10000,0.19,0,10,3312.5,0.04784444848518136,Low Risk,0,"Consider approval, subject to lender policy"
27,36082,MORTGAGE,5.0,EDUCATION,5000,0.14,0,9,6013.666666666667,0.08125959242205505,Low Risk,1,"Consider approval, subject to lender policy"
24,55000,RENT,4.0,PERSONAL,14900,0.27,0,3,11000.0,0.1577232943418633,Medium Risk,0,Consider manual review
21,38000,RENT,5.0,EDUCATION,12000,0.32,0,4,6333.333333333333,0.9403870594204661,Very High Risk,1,High-risk application; apply lender policy
44,30000,RENT,2.0,DEBTCONSOLIDATION,12000,0.4,0,15,10000.0,0.9708221462872089,Very High Risk,1,High-risk application; apply lender policy
34,32000,RENT,0.0,MEDICAL,4500,0.14,0,6,32000.0,0.22573045971480366,Medium Risk,0,Consider manual review
23,55000,MORTGAGE,1.0,EDUCATION,4400,0.08,0,3,27500.0,0.07876845563262656,Low Risk,0,"Consider approval, subject to lender policy"
28,57000,RENT,2.0,HOMEIMPROVEMENT,6000,0.11,1,8,19000.0,0.4727073083242202,Very High Risk,0,High-risk application; apply lender policy
25,115000,OWN,5.0,VENTURE,8000,0.07,1,2,19166.666666666668,0.020565915021607623,Low Risk,0,"Consider approval, subject to lender policy"
26,134400,MORTGAGE,3.0,MEDICAL,10000,0.07,0,3,33600.0,0.0779187241429088,Low Risk,0,"Consider approval, subject to lender policy"
45,50400,RENT,2.0,HOMEIMPROVEMENT,12000,0.24,1,13,16800.0,0.48855283204209216,Very High Risk,0,High-risk application; apply lender policy
28,108000,RENT,2.0,DEBTCONSOLIDATION,20000,0.19,1,8,36000.0,0.44402570655961904,High Risk,1,Additional assessment required
38,47000,RENT,4.0,PERSONAL,7000,0.15,1,13,9400.0,0.2355153964385138,Medium Risk,0,Consider manual review
23,21600,MORTGAGE,7.0,EDUCATION,2000,0.09,0,4,2700.0,0.10146703134025592,Low Risk,0,"Consider approval, subject to lender policy"
37,55000,RENT,0.0,VENTURE,4800,0.09,0,13,55000.0,0.09686185000211818,Low Risk,0,"Consider approval, subject to lender policy"
34,24000,RENT,3.0,PERSONAL,2400,0.1,1,5,6000.0,0.2558514402125143,High Risk,0,Additional assessment required
23,45756,RENT,8.0,MEDICAL,10000,0.22,0,2,5084.0,0.16339668602547097,Medium Risk,0,Consider manual review
26,135660,RENT,10.0,DEBTCONSOLIDATION,25000,0.18,0,4,12332.727272727272,0.1967266754825865,Medium Risk,0,Consider manual review
29,22080,OWN,3.0,EDUCATION,8000,0.36,0,9,5520.0,0.03579386719144815,Low Risk,0,"Consider approval, subject to lender policy"
23,87000,RENT,1.0,DEBTCONSOLIDATION,7500,0.09,0,2,43500.0,0.07986668239236705,Low Risk,0,"Consider approval, subject to lender policy"
27,78500,RENT,6.0,EDUCATION,8000,0.1,0,8,11214.285714285714,0.0831423444671839,Low Risk,0,"Consider approval, subject to lender policy"
21,70000,MORTGAGE,5.0,MEDICAL,7000,0.1,0,3,11666.666666666666,0.10455565442733755,Low Risk,0,"Consider approval, subject to lender policy"
21,42000,MORTGAGE,5.0,EDUCATION,7000,0.17,1,4,7000.0,0.17921447194688,Medium Risk,0,Consider manual review
38,43000,OWN,5.0,VENTURE,10000,0.23,0,12,7166.666666666667,0.008246086663368943,Low Risk,0,"Consider approval, subject to lender policy"
21,52000,OWN,1.0,EDUCATION,13200,0.25,0,2,26000.0,0.012569327314168998,Low Risk,0,"Consider approval, subject to lender policy"
24,100000,MORTGAGE,0.0,MEDICAL,10000,0.1,1,4,100000.0,0.3136225572243039,High Risk,0,Additional assessment required
22,55000,OWN,4.0,DEBTCONSOLIDATION,5000,0.09,1,2,11000.0,0.20410547515485977,Medium Risk,0,Consider manual review
32,48000,RENT,5.0,DEBTCONSOLIDATION,5000,0.1,0,8,8000.0,0.12483077328822198,Low Risk,0,"Consider approval, subject to lender policy"
24,51000,RENT,7.0,PERSONAL,9600,0.19,1,4,6375.0,0.2443290107710537,Medium Risk,0,Consider manual review
33,34000,MORTGAGE,8.0,HOMEIMPROVEMENT,6000,0.18,0,9,3777.777777777778,0.5604275421594406,Very High Risk,1,High-risk application; apply lender policy
22,80750,MORTGAGE,1.0,MEDICAL,24000,0.25,0,4,40375.0,0.2552614865142821,High Risk,1,Additional assessment required
24,44000,RENT,1.0,MEDICAL,6000,0.14,0,2,22000.0,0.14203884988784027,Low Risk,0,"Consider approval, subject to lender policy"
26,57000,MORTGAGE,10.0,VENTURE,2500,0.04,0,3,5181.818181818182,0.036993268265744166,Low Risk,0,"Consider approval, subject to lender policy"
27,42000,RENT,0.0,DEBTCONSOLIDATION,14000,0.33,0,5,42000.0,0.9627983339943025,Very High Risk,1,High-risk application; apply lender policy
29,54000,MORTGAGE,13.0,MEDICAL,12000,0.22,0,8,3857.1428571428573,0.19237086912686432,Medium Risk,0,Consider manual review
24,75000,RENT,1.0,EDUCATION,8400,0.11,0,4,37500.0,0.07527210808379205,Low Risk,0,"Consider approval, subject to lender policy"
33,62000,RENT,17.0,VENTURE,7000,0.11,0,9,3444.4444444444443,0.044702259319616515,Low Risk,0,"Consider approval, subject to lender policy"
22,105500,RENT,6.0,EDUCATION,6000,0.06,0,4,15071.42857142857,0.04194127576509032,Low Risk,0,"Consider approval, subject to lender policy"
33,85000,MORTGAGE,12.0,HOMEIMPROVEMENT,8000,0.09,0,8,6538.461538461538,0.04079282166519238,Low Risk,0,"Consider approval, subject to lender policy"
23,34348,MORTGAGE,7.0,EDUCATION,5000,0.15,0,3,4293.5,0.17555941573948744,Medium Risk,0,Consider manual review
23,30000,MORTGAGE,8.0,VENTURE,4375,0.15,0,2,3333.3333333333335,0.08198653152493279,Low Risk,0,"Consider approval, subject to lender policy"
24,63000,RENT,1.0,HOMEIMPROVEMENT,15675,0.25,0,2,31500.0,0.20258009332576613,Medium Risk,0,Consider manual review
23,28038,RENT,2.0,DEBTCONSOLIDATION,7000,0.25,0,4,9346.0,0.21415370208852597,Medium Risk,0,Consider manual review
30,100000,MORTGAGE,14.0,MEDICAL,15000,0.15,0,9,6666.666666666667,0.10474129026688483,Low Risk,0,"Consider approval, subject to lender policy"
22,108000,RENT,1.0,HOMEIMPROVEMENT,24150,0.22,1,3,54000.0,0.8537748491772087,Very High Risk,1,High-risk application; apply lender policy
22,70000,MORTGAGE,6.0,PERSONAL,25000,0.36,1,4,10000.0,0.22637873451444165,Medium Risk,0,Consider manual review
26,81996,RENT,5.0,MEDICAL,10000,0.12,0,4,13666.0,0.07603563268682982,Low Risk,0,"Consider approval, subject to lender policy"
26,58947,RENT,10.0,MEDICAL,4500,0.08,0,2,5358.818181818182,0.19870304106145564,Medium Risk,0,Consider manual review
25,55000,RENT,0.0,DEBTCONSOLIDATION,8575,0.16,0,3,55000.0,0.14225035585231693,Low Risk,0,"Consider approval, subject to lender policy"
27,75000,MORTGAGE,2.0,VENTURE,8000,0.11,0,7,25000.0,0.03249151894685596,Low Risk,0,"Consider approval, subject to lender policy"
21,16000,RENT,5.0,VENTURE,6000,0.38,0,3,2666.6666666666665,0.9882312713361316,Very High Risk,1,High-risk application; apply lender policy
25,98400,RENT,4.0,PERSONAL,16525,0.17,1,3,19680.0,0.15718888279874285,Medium Risk,0,Consider manual review
22,46000,MORTGAGE,3.0,DEBTCONSOLIDATION,6000,0.13,0,2,11500.0,0.14072380634614795,Low Risk,0,"Consider approval, subject to lender policy"
21,18000,RENT,2.0,PERSONAL,4500,0.25,0,2,6000.0,0.9468321214015136,Very High Risk,1,High-risk application; apply lender policy
33,44000,MORTGAGE,6.0,DEBTCONSOLIDATION,4500,0.1,0,10,6285.714285714285,0.14515499568385515,Low Risk,1,"Consider approval, subject to lender policy"
34,85000,MORTGAGE,6.0,HOMEIMPROVEMENT,24000,0.28,0,7,12142.857142857143,0.0929494071373561,Low Risk,0,"Consider approval, subject to lender policy"
30,40000,RENT,4.0,VENTURE,10800,0.27,0,7,8000.0,0.07634784415569096,Low Risk,1,"Consider approval, subject to lender policy"
30,24000,RENT,0.0,DEBTCONSOLIDATION,5000,0.21,0,6,24000.0,0.18702879455329588,Medium Risk,0,Consider manual review
27,39600,RENT,4.0,DEBTCONSOLIDATION,2000,0.05,0,6,7920.0,0.16980171503228483,Medium Risk,0,Consider manual review
24,79000,RENT,8.0,HOMEIMPROVEMENT,21000,0.27,0,2,8777.777777777777,0.20773785791698238,Medium Risk,0,Consider manual review
26,72000,MORTGAGE,10.0,EDUCATION,4000,0.06,0,4,6545.454545454545,0.052739457558022854,Low Risk,0,"Consider approval, subject to lender policy"
22,130000,MORTGAGE,6.0,PERSONAL,3000,0.02,0,2,18571.428571428572,0.039021050218163864,Low Risk,0,"Consider approval, subject to lender policy"
34,35000,MORTGAGE,12.0,HOMEIMPROVEMENT,5000,0.14,0,9,2692.3076923076924,0.11240399405484759,Low Risk,0,"Consider approval, subject to lender policy"
31,53922,RENT,15.0,HOMEIMPROVEMENT,5000,0.09,0,5,3370.125,0.18258270959933778,Medium Risk,0,Consider manual review
24,32000,RENT,2.0,HOMEIMPROVEMENT,4000,0.13,0,3,10666.666666666666,0.7253085807121283,Very High Risk,1,High-risk application; apply lender policy
44,80000,MORTGAGE,3.0,DEBTCONSOLIDATION,15000,0.19,0,16,20000.0,0.0835015834942241,Low Risk,0,"Consider approval, subject to lender policy"
24,65000,MORTGAGE,3.0,EDUCATION,12000,0.18,0,4,16250.0,0.057333127368301484,Low Risk,0,"Consider approval, subject to lender policy"
23,35004,RENT,7.0,VENTURE,8000,0.23,0,3,4375.5,0.05906182458924557,Low Risk,0,"Consider approval, subject to lender policy"
22,81000,MORTGAGE,5.0,EDUCATION,9100,0.11,0,3,13500.0,0.03836744487231474,Low Risk,0,"Consider approval, subject to lender policy"
32,73000,MORTGAGE,7.0,PERSONAL,4750,0.07,1,9,9125.0,0.18165203485717657,Medium Risk,1,Consider manual review
30,27396,RENT,0.0,MEDICAL,5000,0.18,0,5,27396.0,0.17874128833260727,Medium Risk,0,Consider manual review
26,88500,MORTGAGE,10.0,EDUCATION,10000,0.11,0,4,8045.454545454545,0.041899775839714,Low Risk,0,"Consider approval, subject to lender policy"
24,140300,MORTGAGE,6.0,DEBTCONSOLIDATION,6000,0.04,0,3,20042.85714285714,0.06768543214257532,Low Risk,0,"Consider approval, subject to lender policy"
26,53004,RENT,10.0,HOMEIMPROVEMENT,11000,0.21,0,4,4818.545454545455,0.15243848679042868,Medium Risk,0,Consider manual review
43,25000,RENT,6.0,MEDICAL,8000,0.32,0,17,3571.4285714285716,0.9658407201674173,Very High Risk,1,High-risk application; apply lender policy
23,80000,RENT,2.0,PERSONAL,9600,0.12,0,4,26666.666666666668,0.06054697102429755,Low Risk,0,"Consider approval, subject to lender policy"
23,33000,RENT,4.0,EDUCATION,10000,0.3,0,4,6600.0,0.218966352700645,Medium Risk,0,Consider manual review
31,83300,MORTGAGE,9.0,MEDICAL,10000,0.1,1,5,8330.0,0.28738650620976197,High Risk,1,Additional assessment required
24,140004,MORTGAGE,4.0,EDUCATION,4000,0.03,0,3,28000.8,0.035998831942374215,Low Risk,0,"Consider approval, subject to lender policy"
42,150750,OWN,0.0,PERSONAL,8150,0.05,0,17,150750.0,0.016863248326880974,Low Risk,0,"Consider approval, subject to lender policy"
22,106000,MORTGAGE,6.0,VENTURE,35000,0.33,0,2,15142.857142857143,0.12947948201210785,Low Risk,0,"Consider approval, subject to lender policy"
21,26400,OWN,2.0,VENTURE,4000,0.15,0,4,8800.0,0.012593623972625347,Low Risk,0,"Consider approval, subject to lender policy"
22,34560,RENT,2.0,MEDICAL,1200,0.03,0,4,11520.0,0.30120186341389404,High Risk,1,Additional assessment required
27,48996,RENT,1.0,DEBTCONSOLIDATION,4000,0.08,1,6,24498.0,0.41275280249405844,High Risk,1,Additional assessment required
38,55550,MORTGAGE,1.0,HOMEIMPROVEMENT,22500,0.41,0,12,27775.0,0.22079765846569477,Medium Risk,0,Consider manual review
59,83768,MORTGAGE,15.0,PERSONAL,12000,0.14,0,18,5235.5,0.05095526017044486,Low Risk,0,"Consider approval, subject to lender policy"
25,48000,RENT,0.0,EDUCATION,3000,0.06,1,4,48000.0,0.28453714118380874,High Risk,0,Additional assessment required
24,23000,RENT,1.0,DEBTCONSOLIDATION,7200,0.31,0,2,11500.0,0.9677593834728561,Very High Risk,1,High-risk application; apply lender policy
25,75912,MORTGAGE,9.0,HOMEIMPROVEMENT,22400,0.3,0,4,7591.2,0.10443340025758908,Low Risk,0,"Consider approval, subject to lender policy"
24,21600,RENT,0.0,EDUCATION,2600,0.12,1,4,21600.0,0.32348738805175153,High Risk,1,Additional assessment required
38,47000,RENT,2.0,VENTURE,3000,0.06,0,11,15666.666666666666,0.09302343340569282,Low Risk,0,"Consider approval, subject to lender policy"
28,120000,MORTGAGE,12.0,VENTURE,20000,0.17,0,10,9230.76923076923,0.027723780643123867,Low Risk,0,"Consider approval, subject to lender policy"
26,75000,MORTGAGE,7.0,DEBTCONSOLIDATION,6500,0.09,0,4,9375.0,0.08856049246606992,Low Risk,0,"Consider approval, subject to lender policy"
22,50004,RENT,2.0,EDUCATION,4000,0.08,0,4,16668.0,0.11112831782193852,Low Risk,0,"Consider approval, subject to lender policy"
23,69996,RENT,8.0,EDUCATION,13000,0.19,0,3,7777.333333333333,0.06540311054176046,Low Risk,0,"Consider approval, subject to lender policy"
23,60000,RENT,2.0,VENTURE,5000,0.08,0,4,20000.0,0.07014711633154984,Low Risk,0,"Consider approval, subject to lender policy"
28,60000,OWN,12.0,VENTURE,15000,0.25,1,9,4615.384615384615,0.031054094374442953,Low Risk,0,"Consider approval, subject to lender policy"
25,100000,MORTGAGE,9.0,EDUCATION,15000,0.15,0,2,10000.0,0.04378039192460543,Low Risk,0,"Consider approval, subject to lender policy"
26,75000,MORTGAGE,5.0,EDUCATION,12500,0.17,0,4,12500.0,0.04570690412494938,Low Risk,0,"Consider approval, subject to lender policy"
29,42000,RENT,0.0,EDUCATION,7500,0.18,1,8,42000.0,0.33132419589027695,High Risk,0,Additional assessment required
24,31000,RENT,8.0,VENTURE,13500,0.44,0,4,3444.4444444444443,0.958224072576632,Very High Risk,1,High-risk application; apply lender policy
34,42240,RENT,3.0,PERSONAL,8775,0.21,1,6,10560.0,0.24878790730235006,Medium Risk,0,Consider manual review
24,100000,OWN,2.0,HOMEIMPROVEMENT,24000,0.24,0,4,33333.333333333336,0.03287663339182817,Low Risk,0,"Consider approval, subject to lender policy"
31,37000,MORTGAGE,12.0,VENTURE,22000,0.59,1,6,2846.153846153846,0.2051285383902208,Medium Risk,0,Consider manual review
27,72000,MORTGAGE,2.0,MEDICAL,21100,0.29,0,8,24000.0,0.1744718425079624,Medium Risk,0,Consider manual review
25,48000,MORTGAGE,9.0,MEDICAL,3500,0.07,0,4,4800.0,0.1571331437949663,Medium Risk,0,Consider manual review
24,95000,RENT,4.0,HOMEIMPROVEMENT,20000,0.21,1,3,19000.0,0.21449592118467886,Medium Risk,0,Consider manual review
39,40000,RENT,2.0,EDUCATION,5200,0.13,0,17,13333.333333333334,0.10378841604025782,Low Risk,0,"Consider approval, subject to lender policy"
27,136000,MORTGAGE,3.0,PERSONAL,5000,0.04,0,10,34000.0,0.0388780008619184,Low Risk,0,"Consider approval, subject to lender policy"
24,71480,RENT,8.0,HOMEIMPROVEMENT,17600,0.25,0,4,7942.222222222223,0.1021181424400432,Low Risk,0,"Consider approval, subject to lender policy"
23,30000,RENT,4.0,DEBTCONSOLIDATION,6000,0.2,1,3,6000.0,0.5806528850295107,Very High Risk,1,High-risk application; apply lender policy
35,56000,MORTGAGE,1.0,HOMEIMPROVEMENT,15000,0.27,0,10,28000.0,0.1560405544193163,Medium Risk,0,Consider manual review
27,24570,MORTGAGE,2.0,PERSONAL,8500,0.35,1,8,8190.0,0.2638964246951257,High Risk,0,Additional assessment required
26,25200,RENT,2.0,MEDICAL,1500,0.06,1,2,8400.0,0.4264171430968851,High Risk,0,Additional assessment required
24,39000,RENT,3.0,EDUCATION,1500,0.04,0,3,9750.0,0.1370481918024044,Low Risk,1,"Consider approval, subject to lender policy"
31,34000,MORTGAGE,3.0,EDUCATION,13500,0.4,0,10,8500.0,0.23002383907550822,Medium Risk,0,Consider manual review
26,108000,MORTGAGE,2.0,MEDICAL,18500,0.17,0,2,36000.0,0.1108063386955649,Low Risk,0,"Consider approval, subject to lender policy"
33,12000,RENT,0.0,MEDICAL,1500,0.13,0,6,12000.0,0.362495264764603,High Risk,0,Additional assessment required
28,85100,MORTGAGE,12.0,EDUCATION,8000,0.09,0,8,6546.153846153846,0.03778762330654104,Low Risk,0,"Consider approval, subject to lender policy"
44,55000,MORTGAGE,2.0,EDUCATION,5000,0.09,0,11,18333.333333333332,0.08023578732561104,Low Risk,0,"Consider approval, subject to lender policy"
25,28800,RENT,1.0,VENTURE,6000,0.21,1,4,14400.0,0.39879800737354487,High Risk,1,Additional assessment required
24,37000,RENT,2.0,MEDICAL,7000,0.19,0,4,12333.333333333334,0.1613476892587066,Medium Risk,0,Consider manual review
24,32000,RENT,0.0,MEDICAL,12500,0.39,1,3,32000.0,0.9806719184050746,Very High Risk,1,High-risk application; apply lender policy
26,54000,RENT,0.0,PERSONAL,13200,0.24,1,2,54000.0,0.4960944577878792,Very High Risk,1,High-risk application; apply lender policy
26,34138,RENT,3.0,DEBTCONSOLIDATION,12000,0.35,0,2,8534.5,0.980636213621935,Very High Risk,1,High-risk application; apply lender policy
29,47000,RENT,2.0,EDUCATION,7000,0.15,0,7,15666.666666666666,0.1288161766301857,Low Risk,0,"Consider approval, subject to lender policy"
33,120999,MORTGAGE,7.0,HOMEIMPROVEMENT,15200,0.13,1,5,15124.875,0.12562225757107098,Low Risk,0,"Consider approval, subject to lender policy"
27,110000,MORTGAGE,11.0,HOMEIMPROVEMENT,3600,0.03,0,5,9166.666666666666,0.040768281027077385,Low Risk,0,"Consider approval, subject to lender policy"
29,26280,RENT,0.0,EDUCATION,7000,0.27,0,9,26280.0,0.22604455559392242,Medium Risk,0,Consider manual review
22,45336,RENT,6.0,VENTURE,1800,0.04,0,3,6476.571428571428,0.051163596752559146,Low Risk,0,"Consider approval, subject to lender policy"
31,80000,RENT,4.0,PERSONAL,3500,0.04,1,7,16000.0,0.11219981303947515,Low Risk,0,"Consider approval, subject to lender policy"
24,50000,MORTGAGE,3.0,VENTURE,15000,0.3,0,2,12500.0,0.061751002365146954,Low Risk,0,"Consider approval, subject to lender policy"
24,15996,OWN,8.0,EDUCATION,4000,0.25,0,2,1777.3333333333333,0.941117286173173,Very High Risk,1,High-risk application; apply lender policy
22,33300,MORTGAGE,5.0,DEBTCONSOLIDATION,5325,0.16,0,4,5550.0,0.2333025585722915,Medium Risk,1,Consider manual review
24,21000,RENT,0.0,EDUCATION,4000,0.19,0,2,21000.0,0.16666933808077336,Medium Risk,0,Consider manual review
27,90000,MORTGAGE,6.0,MEDICAL,5500,0.06,0,9,12857.142857142857,0.06612539698315978,Low Risk,0,"Consider approval, subject to lender policy"
28,15000,OWN,2.0,PERSONAL,4375,0.29,0,9,5000.0,0.9589224402273893,Very High Risk,1,High-risk application; apply lender policy
31,157000,MORTGAGE,5.0,EDUCATION,7200,0.05,0,7,26166.666666666668,0.03690267374785752,Low Risk,0,"Consider approval, subject to lender policy"
22,42000,RENT,6.0,PERSONAL,3000,0.07,0,2,6000.0,0.11327607707775189,Low Risk,0,"Consider approval, subject to lender policy"
22,53000,MORTGAGE,0.0,DEBTCONSOLIDATION,4000,0.08,0,2,53000.0,0.11016872924617108,Low Risk,0,"Consider approval, subject to lender policy"
32,195000,RENT,4.0,DEBTCONSOLIDATION,1250,0.01,0,7,39000.0,0.06657653273506879,Low Risk,0,"Consider approval, subject to lender policy"
25,39000,RENT,9.0,MEDICAL,7500,0.19,1,2,3900.0,0.49831410296584955,Very High Risk,1,High-risk application; apply lender policy
24,150000,MORTGAGE,8.0,EDUCATION,8000,0.05,0,4,16666.666666666668,0.03690267374785752,Low Risk,0,"Consider approval, subject to lender policy"
34,128000,MORTGAGE,14.0,HOMEIMPROVEMENT,12325,0.1,0,5,8533.333333333334,0.03984040730604535,Low Risk,1,"Consider approval, subject to lender policy"
36,29500,OWN,4.0,HOMEIMPROVEMENT,1250,0.04,0,11,5900.0,0.09160039418496656,Low Risk,0,"Consider approval, subject to lender policy"
21,20400,RENT,2.0,VENTURE,4500,0.22,0,3,6800.0,0.17253140631644298,Medium Risk,0,Consider manual review
25,19000,OWN,3.0,VENTURE,4000,0.21,0,4,4750.0,0.879806487531826,Very High Risk,1,High-risk application; apply lender policy
22,70000,MORTGAGE,4.0,VENTURE,5025,0.07,0,2,14000.0,0.027664578289976698,Low Risk,0,"Consider approval, subject to lender policy"
30,21000,RENT,0.0,EDUCATION,5000,0.24,1,7,21000.0,0.3468581435605659,High Risk,0,Additional assessment required
27,31200,RENT,0.0,VENTURE,6000,0.19,1,7,31200.0,0.4721870472441299,Very High Risk,0,High-risk application; apply lender policy
32,135000,MORTGAGE,1.0,DEBTCONSOLIDATION,16000,0.12,0,10,67500.0,0.11200762657320412,Low Risk,0,"Consider approval, subject to lender policy"
30,58000,MORTGAGE,14.0,DEBTCONSOLIDATION,5350,0.09,0,9,3866.6666666666665,0.14083911872669982,Low Risk,0,"Consider approval, subject to lender policy"
23,34000,OWN,7.0,VENTURE,10950,0.32,0,2,4250.0,0.033327927004861486,Low Risk,0,"Consider approval, subject to lender policy"
24,80000,MORTGAGE,0.0,MEDICAL,25000,0.31,1,2,80000.0,0.63957399235103,Very High Risk,0,High-risk application; apply lender policy
27,40000,MORTGAGE,7.0,VENTURE,13000,0.33,0,7,5000.0,0.1021832368420217,Low Risk,0,"Consider approval, subject to lender policy"
28,115000,RENT,0.0,VENTURE,2850,0.02,0,9,115000.0,0.06477958097530569,Low Risk,0,"Consider approval, subject to lender policy"
41,43000,OWN,3.0,VENTURE,22800,0.53,0,11,10750.0,0.04628313588367444,Low Risk,0,"Consider approval, subject to lender policy"
28,48000,RENT,5.0,PERSONAL,15000,0.31,0,7,8000.0,0.9458591995065999,Very High Risk,1,High-risk application; apply lender policy
24,72000,RENT,8.0,DEBTCONSOLIDATION,16000,0.22,0,4,8000.0,0.12315739597570474,Low Risk,0,"Consider approval, subject to lender policy"
29,40000,MORTGAGE,8.0,EDUCATION,8000,0.2,0,10,4444.444444444444,0.07139034662702758,Low Risk,0,"Consider approval, subject to lender policy"
24,55000,MORTGAGE,8.0,MEDICAL,1800,0.03,0,3,6111.111111111111,0.156546563619938,Medium Risk,0,Consider manual review
34,27000,RENT,3.0,VENTURE,2525,0.09,0,7,6750.0,0.0808011234888229,Low Risk,0,"Consider approval, subject to lender policy"
25,216000,MORTGAGE,2.0,HOMEIMPROVEMENT,25000,0.12,0,2,72000.0,0.12983704616516012,Low Risk,0,"Consider approval, subject to lender policy"
34,60000,RENT,1.0,EDUCATION,10000,0.17,0,9,30000.0,0.0902063810914871,Low Risk,0,"Consider approval, subject to lender policy"
34,48000,MORTGAGE,5.0,VENTURE,3600,0.07,0,5,8000.0,0.03452561826874474,Low Risk,0,"Consider approval, subject to lender policy"
24,120000,RENT,4.0,HOMEIMPROVEMENT,10000,0.08,0,2,24000.0,0.06267871669075366,Low Risk,0,"Consider approval, subject to lender policy"
28,56000,RENT,5.0,DEBTCONSOLIDATION,4800,0.09,0,7,9333.333333333334,0.12434698853668281,Low Risk,1,"Consider approval, subject to lender policy"
24,40000,MORTGAGE,9.0,MEDICAL,2125,0.05,0,4,4000.0,0.13535694862555286,Low Risk,0,"Consider approval, subject to lender policy"
29,38400,OWN,4.0,VENTURE,10000,0.26,0,8,7680.0,0.009251716126612325,Low Risk,0,"Consider approval, subject to lender policy"
29,25000,OWN,8.0,MEDICAL,6500,0.26,0,9,2777.777777777778,0.03972944062380951,Low Risk,0,"Consider approval, subject to lender policy"
28,32568,RENT,3.0,EDUCATION,15000,0.46,0,9,8142.0,0.9615227252662629,Very High Risk,1,High-risk application; apply lender policy
22,65000,RENT,3.0,MEDICAL,9600,0.15,0,2,16250.0,0.11062698708681519,Low Risk,0,"Consider approval, subject to lender policy"
24,39000,RENT,4.0,DEBTCONSOLIDATION,8000,0.21,0,2,7800.0,0.21615955836678097,Medium Risk,1,Consider manual review
26,24500,RENT,4.0,EDUCATION,8875,0.36,0,3,4900.0,0.9626174569477097,Very High Risk,1,High-risk application; apply lender policy
28,48000,RENT,2.0,VENTURE,4600,0.1,0,8,16000.0,0.09302343340569282,Low Risk,0,"Consider approval, subject to lender policy"
23,54000,RENT,1.0,VENTURE,20000,0.37,0,2,27000.0,0.9759993627045819,Very High Risk,1,High-risk application; apply lender policy
30,250000,MORTGAGE,1.0,DEBTCONSOLIDATION,5000,0.02,0,8,125000.0,0.08230508279124388,Low Risk,0,"Consider approval, subject to lender policy"
22,54000,RENT,6.0,VENTURE,19000,0.35,0,4,7714.285714285715,0.9505360079852117,Very High Risk,1,High-risk application; apply lender policy
24,70000,RENT,8.0,VENTURE,4000,0.06,1,4,7777.777777777777,0.12334117271466374,Low Risk,0,"Consider approval, subject to lender policy"
27,68000,MORTGAGE,6.0,EDUCATION,2000,0.03,0,5,9714.285714285714,0.05160664549364905,Low Risk,0,"Consider approval, subject to lender policy"
23,79000,MORTGAGE,7.0,DEBTCONSOLIDATION,16000,0.2,0,3,9875.0,0.16392032594539716,Medium Risk,1,Consider manual review
22,37000,RENT,6.0,PERSONAL,6800,0.18,0,2,5285.714285714285,0.12854297101585255,Low Risk,0,"Consider approval, subject to lender policy"
24,52000,RENT,5.0,HOMEIMPROVEMENT,10000,0.19,0,4,8666.666666666666,0.142872816151731,Low Risk,0,"Consider approval, subject to lender policy"
23,45000,MORTGAGE,2.0,EDUCATION,10000,0.22,0,3,15000.0,0.09057616403863668,Low Risk,0,"Consider approval, subject to lender policy"
24,82000,RENT,7.0,PERSONAL,17400,0.21,0,4,10250.0,0.06523293762177847,Low Risk,0,"Consider approval, subject to lender policy"
32,41464,MORTGAGE,16.0,DEBTCONSOLIDATION,3500,0.08,0,9,2439.0588235294117,0.1469631914309574,Low Risk,0,"Consider approval, subject to lender policy"
28,27600,RENT,8.0,DEBTCONSOLIDATION,4000,0.14,0,8,3066.6666666666665,0.18547990082557936,Medium Risk,0,Consider manual review
53,85000,RENT,2.0,MEDICAL,8000,0.09,0,28,28333.333333333332,0.06869040703293267,Low Risk,0,"Consider approval, subject to lender policy"
32,39400,RENT,2.0,MEDICAL,2500,0.06,0,9,13133.333333333334,0.17992830791151587,Medium Risk,0,Consider manual review
31,40000,MORTGAGE,5.0,PERSONAL,14000,0.35,0,10,6666.666666666667,0.125053522465678,Low Risk,0,"Consider approval, subject to lender policy"
21,35000,RENT,5.0,MEDICAL,11300,0.32,0,3,5833.333333333333,0.9436558645428222,Very High Risk,1,High-risk application; apply lender policy
32,572400,RENT,16.0,MEDICAL,16000,0.03,0,5,33670.58823529412,0.09035343132843081,Low Risk,0,"Consider approval, subject to lender policy"
24,32304,RENT,8.0,MEDICAL,1500,0.05,0,3,3589.3333333333335,0.23435235181023875,Medium Risk,1,Consider manual review
23,16000,MORTGAGE,1.0,DEBTCONSOLIDATION,5600,0.35,1,2,8000.0,0.9738056668537979,Very High Risk,1,High-risk application; apply lender policy
37,52700,RENT,1.0,VENTURE,7700,0.15,0,13,26350.0,0.09380200168712147,Low Risk,0,"Consider approval, subject to lender policy"
37,46000,RENT,4.0,EDUCATION,6000,0.13,0,13,9200.0,0.0894004343273537,Low Risk,0,"Consider approval, subject to lender policy"
36,72000,RENT,12.0,DEBTCONSOLIDATION,2800,0.04,1,16,5538.461538461538,0.39808982219173045,High Risk,0,Additional assessment required
21,25000,RENT,3.0,DEBTCONSOLIDATION,6000,0.24,0,4,6250.0,0.18815749349246327,Medium Risk,0,Consider manual review
27,157544,MORTGAGE,8.0,DEBTCONSOLIDATION,35000,0.22,1,10,17504.88888888889,0.6477443669175648,Very High Risk,0,High-risk application; apply lender policy
27,75000,RENT,11.0,VENTURE,6000,0.08,1,9,6250.0,0.11505289552567552,Low Risk,0,"Consider approval, subject to lender policy"
30,200000,MORTGAGE,4.0,MEDICAL,6000,0.03,0,5,40000.0,0.07305804104388759,Low Risk,0,"Consider approval, subject to lender policy"
24,43000,MORTGAGE,8.0,DEBTCONSOLIDATION,10000,0.23,0,4,4777.777777777777,0.16018828649402927,Medium Risk,1,Consider manual review
55,50000,RENT,2.0,HOMEIMPROVEMENT,20000,0.4,0,30,16666.666666666668,0.9789258728721336,Very High Risk,1,High-risk application; apply lender policy
26,64000,MORTGAGE,7.0,HOMEIMPROVEMENT,5000,0.08,0,2,8000.0,0.07090860888262175,Low Risk,0,"Consider approval, subject to lender policy"
39,30400,RENT,2.0,MEDICAL,10000,0.33,1,15,10133.333333333334,0.9817007398447596,Very High Risk,1,High-risk application; apply lender policy
24,52000,OWN,4.0,DEBTCONSOLIDATION,7000,0.13,1,4,10400.0,0.2756475252771619,High Risk,0,Additional assessment required
22,35000,RENT,5.0,VENTURE,2800,0.08,0,4,5833.333333333333,0.04303899029370429,Low Risk,0,"Consider approval, subject to lender policy"
38,47000,RENT,4.0,DEBTCONSOLIDATION,16500,0.35,0,16,9400.0,0.9675976789838215,Very High Risk,1,High-risk application; apply lender policy
30,43200,MORTGAGE,5.0,HOMEIMPROVEMENT,4200,0.1,1,7,7200.0,0.2509323109817763,High Risk,0,Additional assessment required
22,24000,RENT,3.0,PERSONAL,1000,0.04,1,3,6000.0,0.2558514402125143,High Risk,0,Additional assessment required
23,67000,OWN,1.0,VENTURE,3250,0.05,0,2,33500.0,0.009786598919990827,Low Risk,0,"Consider approval, subject to lender policy"
23,18000,RENT,5.0,PERSONAL,4000,0.22,0,2,3000.0,0.927299888678381,Very High Risk,1,High-risk application; apply lender policy
23,30500,MORTGAGE,6.0,MEDICAL,3000,0.1,1,2,4357.142857142857,0.5072395785945325,Very High Risk,1,High-risk application; apply lender policy
33,19200,OWN,2.0,PERSONAL,6000,0.31,0,7,6400.0,0.9666339094413318,Very High Risk,1,High-risk application; apply lender policy
30,110000,MORTGAGE,0.0,MEDICAL,6000,0.05,0,8,110000.0,0.08604823782352165,Low Risk,0,"Consider approval, subject to lender policy"
23,48000,RENT,5.0,VENTURE,8000,0.17,0,2,8000.0,0.0642145713569809,Low Risk,0,"Consider approval, subject to lender policy"
27,32960,RENT,3.0,PERSONAL,15000,0.46,0,5,8240.0,0.9620533831920958,Very High Risk,1,High-risk application; apply lender policy
25,55000,RENT,2.0,VENTURE,10800,0.2,0,2,18333.333333333332,0.12046463406921337,Low Risk,0,"Consider approval, subject to lender policy"
35,94000,MORTGAGE,9.0,DEBTCONSOLIDATION,15000,0.16,0,9,9400.0,0.08701819268107251,Low Risk,0,"Consider approval, subject to lender policy"
37,70000,RENT,3.0,EDUCATION,4900,0.07,0,15,17500.0,0.060543065725018316,Low Risk,0,"Consider approval, subject to lender policy"
22,48000,RENT,6.0,DEBTCONSOLIDATION,16500,0.34,0,3,6857.142857142857,0.9689041076435233,Very High Risk,1,High-risk application; apply lender policy
32,74000,MORTGAGE,1.0,HOMEIMPROVEMENT,1200,0.02,0,9,37000.0,0.07973138542695722,Low Risk,0,"Consider approval, subject to lender policy"
31,27600,RENT,16.0,DEBTCONSOLIDATION,13000,0.47,0,9,1623.5294117647059,0.9734612490384624,Very High Risk,1,High-risk application; apply lender policy
43,19440,RENT,1.0,HOMEIMPROVEMENT,7500,0.39,0,11,9720.0,0.9959077887391574,Very High Risk,1,High-risk application; apply lender policy
25,82000,RENT,9.0,PERSONAL,11200,0.14,0,4,8200.0,0.054099143497878664,Low Risk,0,"Consider approval, subject to lender policy"
37,22800,OWN,18.0,EDUCATION,7000,0.31,0,12,1200.0,0.03308820452951196,Low Risk,0,"Consider approval, subject to lender policy"
24,42000,MORTGAGE,3.0,EDUCATION,8675,0.21,0,4,10500.0,0.08154129287303381,Low Risk,0,"Consider approval, subject to lender policy"
24,68000,MORTGAGE,1.0,VENTURE,6000,0.09,0,2,34000.0,0.03897672173581786,Low Risk,0,"Consider approval, subject to lender policy"
23,54000,RENT,7.0,VENTURE,16750,0.31,0,4,6750.0,0.9518159738840865,Very High Risk,1,High-risk application; apply lender policy
31,552000,RENT,0.0,PERSONAL,8000,0.01,0,10,552000.0,0.07941886035299306,Low Risk,0,"Consider approval, subject to lender policy"
30,40800,RENT,7.0,PERSONAL,2400,0.06,0,9,5100.0,0.10719356780685411,Low Risk,1,"Consider approval, subject to lender policy"
26,80000,MORTGAGE,10.0,HOMEIMPROVEMENT,15000,0.19,1,2,7272.727272727273,0.1456434491329589,Low Risk,0,"Consider approval, subject to lender policy"
26,87800,MORTGAGE,5.0,EDUCATION,12000,0.14,0,4,14633.333333333334,0.03790373216552345,Low Risk,0,"Consider approval, subject to lender policy"
24,35000,MORTGAGE,3.0,VENTURE,3600,0.1,0,2,8750.0,0.029983783846673193,Low Risk,0,"Consider approval, subject to lender policy"
30,60000,OWN,7.0,DEBTCONSOLIDATION,6000,0.1,1,5,7500.0,0.3172540015281558,High Risk,0,Additional assessment required
21,42000,RENT,5.0,EDUCATION,1500,0.04,0,3,7000.0,0.0947006500231872,Low Risk,0,"Consider approval, subject to lender policy"
42,32000,MORTGAGE,0.0,PERSONAL,10000,0.31,0,12,32000.0,0.1965719116149387,Medium Risk,1,Consider manual review
22,30000,MORTGAGE,6.0,VENTURE,6950,0.23,0,4,4285.714285714285,0.10064585330264963,Low Risk,0,"Consider approval, subject to lender policy"
26,70000,MORTGAGE,3.0,EDUCATION,3500,0.05,0,3,17500.0,0.04906781215267665,Low Risk,0,"Consider approval, subject to lender policy"
23,23760,RENT,2.0,PERSONAL,2800,0.12,0,4,7920.0,0.18245120193764577,Medium Risk,0,Consider manual review
22,63500,MORTGAGE,3.0,EDUCATION,7000,0.11,0,2,15875.0,0.051203838034476604,Low Risk,0,"Consider approval, subject to lender policy"
29,53000,RENT,6.0,DEBTCONSOLIDATION,12000,0.23,0,8,7571.428571428572,0.13006138756436925,Low Risk,0,"Consider approval, subject to lender policy"
26,96000,MORTGAGE,4.0,HOMEIMPROVEMENT,20000,0.21,0,4,19200.0,0.04789568372505094,Low Risk,0,"Consider approval, subject to lender policy"
29,60000,MORTGAGE,13.0,MEDICAL,25000,0.42,0,10,4285.714285714285,0.44683180960398994,High Risk,1,Additional assessment required
30,90000,RENT,14.0,MEDICAL,18000,0.2,0,8,6000.0,0.09469501664706458,Low Risk,0,"Consider approval, subject to lender policy"
25,62903,MORTGAGE,9.0,MEDICAL,3000,0.04,0,2,6290.3,0.12567187185945472,Low Risk,1,"Consider approval, subject to lender policy"
26,56004,MORTGAGE,10.0,EDUCATION,20000,0.36,1,4,5091.272727272727,0.20799363655328124,Medium Risk,0,Consider manual review
22,50000,RENT,6.0,DEBTCONSOLIDATION,20000,0.4,0,2,7142.857142857143,0.9728730856534998,Very High Risk,1,High-risk application; apply lender policy
28,73500,OWN,12.0,HOMEIMPROVEMENT,10000,0.14,0,10,5653.846153846154,0.020258395279762833,Low Risk,0,"Consider approval, subject to lender policy"
25,59000,OWN,6.0,MEDICAL,5000,0.08,0,2,8428.57142857143,0.04672525640435567,Low Risk,0,"Consider approval, subject to lender policy"
24,39000,RENT,2.0,HOMEIMPROVEMENT,16000,0.41,0,2,13000.0,0.988991364437739,Very High Risk,1,High-risk application; apply lender policy
23,55000,OWN,5.0,EDUCATION,11000,0.2,0,3,9166.666666666666,0.011648825330185145,Low Risk,0,"Consider approval, subject to lender policy"
27,26000,RENT,6.0,MEDICAL,4000,0.15,0,10,3714.285714285714,0.1828068230127276,Medium Risk,0,Consider manual review
35,27996,RENT,14.0,MEDICAL,8500,0.3,0,8,1866.4,0.24291487120880778,Medium Risk,0,Consider manual review
31,48000,RENT,11.0,MEDICAL,2000,0.04,0,6,4000.0,0.13975179686156633,Low Risk,0,"Consider approval, subject to lender policy"
23,55000,MORTGAGE,7.0,DEBTCONSOLIDATION,4000,0.07,0,3,6875.0,0.1378514163589242,Low Risk,0,"Consider approval, subject to lender policy"
24,65000,MORTGAGE,7.0,VENTURE,1525,0.02,0,3,8125.0,0.02742598486799478,Low Risk,0,"Consider approval, subject to lender policy"
27,61500,MORTGAGE,3.0,HOMEIMPROVEMENT,6000,0.1,0,7,15375.0,0.06326337405137807,Low Risk,0,"Consider approval, subject to lender policy"
27,40000,RENT,11.0,DEBTCONSOLIDATION,20000,0.5,0,8,3333.3333333333335,0.9666869901645163,Very High Risk,1,High-risk application; apply lender policy
24,89772,RENT,8.0,MEDICAL,6000,0.07,1,3,9974.666666666666,0.17568978835615798,Medium Risk,0,Consider manual review
24,54996,RENT,0.0,MEDICAL,12500,0.23,0,2,54996.0,0.15326424005805167,Medium Risk,0,Consider manual review
27,28000,RENT,1.0,DEBTCONSOLIDATION,7600,0.27,0,7,14000.0,0.2611784789385401,High Risk,0,Additional assessment required
31,53000,MORTGAGE,15.0,HOMEIMPROVEMENT,15875,0.3,0,5,3312.5,0.12094122905029417,Low Risk,0,"Consider approval, subject to lender policy"
33,18000,RENT,3.0,EDUCATION,3300,0.18,0,8,4500.0,0.9160212284209407,Very High Risk,1,High-risk application; apply lender policy
23,54000,RENT,2.0,MEDICAL,4200,0.08,0,2,18000.0,0.17070910828726477,Medium Risk,1,Consider manual review
28,70000,OWN,6.0,VENTURE,14000,0.2,1,8,10000.0,0.02337420728693067,Low Risk,0,"Consider approval, subject to lender policy"
27,50000,RENT,0.0,VENTURE,14000,0.28,0,8,50000.0,0.13020930867905844,Low Risk,0,"Consider approval, subject to lender policy"
26,99000,MORTGAGE,9.0,MEDICAL,20000,0.2,0,4,9900.0,0.10874192550673988,Low Risk,0,"Consider approval, subject to lender policy"
24,60000,MORTGAGE,4.0,EDUCATION,4000,0.07,0,3,12000.0,0.05160664549364905,Low Risk,0,"Consider approval, subject to lender policy"
23,40000,RENT,4.0,DEBTCONSOLIDATION,10000,0.25,0,4,8000.0,0.11708265757444476,Low Risk,0,"Consider approval, subject to lender policy"
32,101000,RENT,0.0,DEBTCONSOLIDATION,15000,0.15,1,5,101000.0,0.4511528081972893,Very High Risk,1,High-risk application; apply lender policy
60,1900000,MORTGAGE,5.0,PERSONAL,1500,0.0,0,21,316666.6666666667,0.045205794528854246,Low Risk,0,"Consider approval, subject to lender policy"
28,75000,RENT,4.0,EDUCATION,6000,0.08,0,6,15000.0,0.05284504801260003,Low Risk,0,"Consider approval, subject to lender policy"
35,15000,OWN,3.0,MEDICAL,3700,0.25,0,5,3750.0,0.9649517090893686,Very High Risk,1,High-risk application; apply lender policy
34,75000,RENT,4.0,DEBTCONSOLIDATION,14000,0.19,0,7,15000.0,0.09357014358339932,Low Risk,0,"Consider approval, subject to lender policy"
24,42300,RENT,8.0,PERSONAL,15000,0.35,0,4,4700.0,0.9607935897379488,Very High Risk,1,High-risk application; apply lender policy
30,54000,MORTGAGE,8.0,HOMEIMPROVEMENT,24000,0.44,0,8,6000.0,0.19032761207826698,Medium Risk,1,Consider manual review
24,58000,MORTGAGE,6.0,DEBTCONSOLIDATION,2200,0.04,0,3,8285.714285714286,0.13121570179799094,Low Risk,0,"Consider approval, subject to lender policy"
22,17400,MORTGAGE,6.0,VENTURE,1000,0.06,0,2,2485.714285714286,0.15924130013900828,Medium Risk,0,Consider manual review
23,40104,OTHER,7.0,EDUCATION,10000,0.25,1,2,5013.0,0.15212883901331703,Medium Risk,0,Consider manual review
24,83004,RENT,0.0,VENTURE,28000,0.34,1,4,83004.0,0.9862440273343059,Very High Risk,1,High-risk application; apply lender policy
26,60000,MORTGAGE,9.0,PERSONAL,10000,0.17,0,4,6000.0,0.06383519768200847,Low Risk,1,"Consider approval, subject to lender policy"
27,31200,OWN,0.0,HOMEIMPROVEMENT,14000,0.45,1,9,31200.0,0.06906534063330323,Low Risk,0,"Consider approval, subject to lender policy"
32,101000,RENT,0.0,EDUCATION,15000,0.15,0,8,101000.0,0.1162285027507078,Low Risk,1,"Consider approval, subject to lender policy"
24,49000,RENT,2.0,VENTURE,7800,0.16,0,2,16333.333333333334,0.10861243649237845,Low Risk,1,"Consider approval, subject to lender policy"
33,60000,RENT,0.0,PERSONAL,15000,0.25,1,7,60000.0,0.36471471854263016,High Risk,0,Additional assessment required
28,55000,MORTGAGE,4.0,VENTURE,20000,0.36,0,6,11000.0,0.12529096538034953,Low Risk,0,"Consider approval, subject to lender policy"
30,65000,RENT,3.0,EDUCATION,10000,0.15,1,7,16250.0,0.17606047072491476,Medium Risk,0,Consider manual review
24,110004,MORTGAGE,8.0,DEBTCONSOLIDATION,16000,0.15,0,3,12222.666666666666,0.08701819268107251,Low Risk,0,"Consider approval, subject to lender policy"
21,30000,RENT,0.0,VENTURE,3500,0.12,0,4,30000.0,0.1815568073660937,Medium Risk,0,Consider manual review
30,42000,RENT,4.0,DEBTCONSOLIDATION,14750,0.35,0,7,8400.0,0.9667960387818347,Very High Risk,1,High-risk application; apply lender policy
27,68700,OWN,0.0,PERSONAL,10000,0.15,0,6,68700.0,0.025252181577891667,Low Risk,0,"Consider approval, subject to lender policy"
39,126000,MORTGAGE,3.0,MEDICAL,14000,0.11,0,14,31500.0,0.0779187241429088,Low Risk,0,"Consider approval, subject to lender policy"
22,103000,MORTGAGE,2.0,MEDICAL,6000,0.06,0,4,34333.333333333336,0.06874926379177629,Low Risk,0,"Consider approval, subject to lender policy"
33,36000,MORTGAGE,17.0,PERSONAL,6250,0.17,0,6,2000.0,0.08859402726071691,Low Risk,0,"Consider approval, subject to lender policy"
31,74400,MORTGAGE,11.0,VENTURE,13000,0.17,0,10,6200.0,0.04870587300849255,Low Risk,0,"Consider approval, subject to lender policy"
25,40000,OWN,0.0,MEDICAL,11000,0.28,0,2,40000.0,0.02957979685435689,Low Risk,0,"Consider approval, subject to lender policy"
35,43772,MORTGAGE,11.0,MEDICAL,15000,0.34,0,6,3647.6666666666665,0.33185855428397076,High Risk,1,Additional assessment required
23,50000,MORTGAGE,2.0,VENTURE,6400,0.13,0,4,16666.666666666668,0.046809591135101115,Low Risk,0,"Consider approval, subject to lender policy"
32,34000,MORTGAGE,5.0,DEBTCONSOLIDATION,4000,0.12,0,9,5666.666666666667,0.31495436368902996,High Risk,0,Additional assessment required
29,92000,MORTGAGE,8.0,PERSONAL,10000,0.11,0,9,10222.222222222223,0.04077925625785892,Low Risk,0,"Consider approval, subject to lender policy"
33,50400,MORTGAGE,3.0,VENTURE,6000,0.12,0,9,12600.0,0.03358246907893643,Low Risk,0,"Consider approval, subject to lender policy"
30,138000,RENT,0.0,VENTURE,11000,0.08,0,10,138000.0,0.07082760960101833,Low Risk,0,"Consider approval, subject to lender policy"
34,90000,MORTGAGE,15.0,VENTURE,15000,0.17,0,6,5625.0,0.027269899889418407,Low Risk,0,"Consider approval, subject to lender policy"
29,62050,RENT,3.0,MEDICAL,15000,0.21,1,8,15512.5,0.38171076026902584,High Risk,1,Additional assessment required
38,28800,OWN,23.0,VENTURE,13000,0.45,0,12,1200.0,0.04067208544696787,Low Risk,0,"Consider approval, subject to lender policy"
24,90000,MORTGAGE,8.0,HOMEIMPROVEMENT,5000,0.06,1,3,10000.0,0.10089995526038201,Low Risk,0,"Consider approval, subject to lender policy"
28,140000,MORTGAGE,12.0,MEDICAL,15000,0.11,0,5,10769.23076923077,0.09970942742632946,Low Risk,0,"Consider approval, subject to lender policy"
26,55000,MORTGAGE,4.0,PERSONAL,10000,0.18,0,2,11000.0,0.08990084627225194,Low Risk,1,"Consider approval, subject to lender policy"
29,145000,MORTGAGE,0.0,VENTURE,14000,0.1,1,5,145000.0,0.13124973609057822,Low Risk,0,"Consider approval, subject to lender policy"
37,42000,MORTGAGE,9.0,EDUCATION,4500,0.11,0,12,4200.0,0.08151344963838064,Low Risk,0,"Consider approval, subject to lender policy"
31,70000,MORTGAGE,0.0,MEDICAL,3000,0.04,0,8,70000.0,0.07815614662915543,Low Risk,0,"Consider approval, subject to lender policy"
30,38000,OWN,0.0,HOMEIMPROVEMENT,6000,0.16,0,8,38000.0,0.025797145296563153,Low Risk,0,"Consider approval, subject to lender policy"
22,63996,MORTGAGE,4.0,EDUCATION,3250,0.05,0,4,12799.2,0.0495242878609549,Low Risk,0,"Consider approval, subject to lender policy"
25,122000,MORTGAGE,1.0,MEDICAL,10000,0.08,0,4,61000.0,0.0804965371391112,Low Risk,0,"Consider approval, subject to lender policy"
21,53000,OWN,5.0,MEDICAL,3000,0.06,0,4,8833.333333333334,0.02795376581411612,Low Risk,0,"Consider approval, subject to lender policy"
21,15192,RENT,4.0,PERSONAL,5500,0.36,1,3,3038.4,0.9904080675455037,Very High Risk,1,High-risk application; apply lender policy
32,130000,MORTGAGE,3.0,DEBTCONSOLIDATION,5000,0.04,0,9,32500.0,0.07051106895557639,Low Risk,1,"Consider approval, subject to lender policy"
49,80000,RENT,0.0,HOMEIMPROVEMENT,4800,0.06,0,15,80000.0,0.10653321663482918,Low Risk,0,"Consider approval, subject to lender policy"
25,168000,MORTGAGE,2.0,DEBTCONSOLIDATION,35000,0.21,0,4,56000.0,0.22427448013191809,Medium Risk,0,Consider manual review
23,26496,RENT,1.0,DEBTCONSOLIDATION,2000,0.08,0,4,13248.0,0.19061403972185656,Medium Risk,0,Consider manual review
24,43300,MORTGAGE,2.0,EDUCATION,24000,0.55,0,2,14433.333333333334,0.19888182933303694,Medium Risk,0,Consider manual review
44,36000,MORTGAGE,1.0,HOMEIMPROVEMENT,12000,0.33,0,12,18000.0,0.2182353886641433,Medium Risk,0,Consider manual review
30,113000,MORTGAGE,4.0,DEBTCONSOLIDATION,30000,0.27,1,8,22600.0,0.6931617389707192,Very High Risk,1,High-risk application; apply lender policy
31,30000,RENT,4.0,MEDICAL,2200,0.07,0,10,6000.0,0.23176106717656014,Medium Risk,0,Consider manual review
37,40000,RENT,0.0,MEDICAL,12000,0.3,0,16,40000.0,0.15624696382961664,Medium Risk,0,Consider manual review
23,57744,MORTGAGE,7.0,VENTURE,2500,0.04,0,4,7218.0,0.036993268265744166,Low Risk,0,"Consider approval, subject to lender policy"
21,63000,MORTGAGE,2.0,PERSONAL,10000,0.16,0,2,21000.0,0.06880436364427663,Low Risk,0,"Consider approval, subject to lender policy"
24,80000,MORTGAGE,6.0,HOMEIMPROVEMENT,7000,0.09,0,4,11428.57142857143,0.03735703969811199,Low Risk,0,"Consider approval, subject to lender policy"
24,130000,MORTGAGE,6.0,PERSONAL,20000,0.15,0,2,18571.428571428572,0.04808468026867964,Low Risk,0,"Consider approval, subject to lender policy"
29,140000,RENT,3.0,PERSONAL,20000,0.14,0,9,35000.0,0.06431324057101843,Low Risk,0,"Consider approval, subject to lender policy"
35,71000,RENT,3.0,EDUCATION,8000,0.11,0,6,17750.0,0.06462915938216335,Low Risk,0,"Consider approval, subject to lender policy"
27,33267,MORTGAGE,5.0,HOMEIMPROVEMENT,3200,0.1,0,6,5544.5,0.45238722562114336,Very High Risk,0,High-risk application; apply lender policy
34,63504,RENT,0.0,MEDICAL,3500,0.06,0,6,63504.0,0.09483119847919866,Low Risk,0,"Consider approval, subject to lender policy"
24,54000,RENT,6.0,DEBTCONSOLIDATION,16000,0.3,0,4,7714.285714285715,0.2242620505539024,Medium Risk,0,Consider manual review
22,33996,RENT,6.0,VENTURE,15000,0.44,1,4,4856.571428571428,0.9781082515178295,Very High Risk,1,High-risk application; apply lender policy
35,48000,RENT,3.0,MEDICAL,11500,0.24,0,9,12000.0,0.1435272072608484,Low Risk,0,"Consider approval, subject to lender policy"
21,37423,RENT,5.0,VENTURE,2800,0.07,0,4,6237.166666666667,0.05691888825778562,Low Risk,0,"Consider approval, subject to lender policy"
28,64000,RENT,13.0,MEDICAL,7000,0.11,0,6,4571.428571428572,0.10759632737005537,Low Risk,0,"Consider approval, subject to lender policy"
33,132444,RENT,4.0,EDUCATION,2000,0.02,0,9,26488.8,0.042727405335765675,Low Risk,0,"Consider approval, subject to lender policy"
28,77500,OWN,3.0,EDUCATION,8000,0.1,0,7,19375.0,0.013339510505798612,Low Risk,0,"Consider approval, subject to lender policy"
26,32000,RENT,2.0,MEDICAL,6500,0.2,1,2,10666.666666666666,0.5332261233932684,Very High Risk,0,High-risk application; apply lender policy
23,30000,RENT,0.0,VENTURE,7000,0.23,0,2,30000.0,0.2426850843520842,Medium Risk,0,Consider manual review
33,62400,RENT,4.0,EDUCATION,15000,0.24,0,8,12480.0,0.08104347180037963,Low Risk,0,"Consider approval, subject to lender policy"
22,39996,RENT,0.0,PERSONAL,7500,0.19,0,3,39996.0,0.12011405486392103,Low Risk,0,"Consider approval, subject to lender policy"
22,54400,RENT,2.0,MEDICAL,7000,0.11,1,2,18133.333333333332,0.4571789686800502,Very High Risk,1,High-risk application; apply lender policy
27,30000,OWN,6.0,EDUCATION,1800,0.06,1,5,4285.714285714285,0.0366321294859703,Low Risk,0,"Consider approval, subject to lender policy"
26,75000,MORTGAGE,2.0,VENTURE,4000,0.05,0,3,25000.0,0.02961271303595877,Low Risk,0,"Consider approval, subject to lender policy"
23,33000,RENT,3.0,EDUCATION,1200,0.04,0,2,8250.0,0.15466374976645084,Medium Risk,0,Consider manual review
24,54000,MORTGAGE,1.0,DEBTCONSOLIDATION,1500,0.03,0,3,27000.0,0.1400680732461146,Low Risk,1,"Consider approval, subject to lender policy"
23,59000,RENT,7.0,EDUCATION,10000,0.17,1,3,7375.0,0.30113340875022854,High Risk,0,Additional assessment required
23,60000,MORTGAGE,6.0,DEBTCONSOLIDATION,7000,0.12,0,4,8571.42857142857,0.111165103329842,Low Risk,0,"Consider approval, subject to lender policy"
37,88000,MORTGAGE,2.0,VENTURE,1000,0.01,1,11,29333.333333333332,0.10357310657408883,Low Risk,0,"Consider approval, subject to lender policy"
23,24000,RENT,4.0,EDUCATION,12250,0.51,0,3,4800.0,0.9610246909872394,Very High Risk,1,High-risk application; apply lender policy
25,29120,RENT,0.0,HOMEIMPROVEMENT,6400,0.22,0,2,29120.0,0.7531684408944578,Very High Risk,1,High-risk application; apply lender policy
24,62400,RENT,4.0,DEBTCONSOLIDATION,20000,0.32,0,4,12480.0,0.956483118834635,Very High Risk,1,High-risk application; apply lender policy
26,175000,RENT,2.0,EDUCATION,17000,0.1,0,2,58333.333333333336,0.09977975892722528,Low Risk,0,"Consider approval, subject to lender policy"
46,76800,MORTGAGE,0.0,DEBTCONSOLIDATION,13000,0.17,1,13,76800.0,0.387494949616156,High Risk,0,Additional assessment required
21,41200,OWN,3.0,PERSONAL,8000,0.19,0,3,10300.0,0.013440111219707323,Low Risk,0,"Consider approval, subject to lender policy"
35,55000,MORTGAGE,7.0,EDUCATION,1450,0.03,0,5,6875.0,0.07786775954619772,Low Risk,0,"Consider approval, subject to lender policy"
25,74000,MORTGAGE,9.0,VENTURE,12000,0.16,0,3,7400.0,0.04727716961411233,Low Risk,0,"Consider approval, subject to lender policy"
21,40116,RENT,2.0,VENTURE,6500,0.16,0,3,13372.0,0.0812208091499637,Low Risk,0,"Consider approval, subject to lender policy"
32,50000,RENT,3.0,MEDICAL,2500,0.05,0,10,12500.0,0.12814624436234406,Low Risk,0,"Consider approval, subject to lender policy"
29,64320,MORTGAGE,13.0,MEDICAL,8000,0.12,0,9,4594.285714285715,0.12154345520673986,Low Risk,0,"Consider approval, subject to lender policy"
29,45516,MORTGAGE,13.0,DEBTCONSOLIDATION,6000,0.13,0,8,3251.1428571428573,0.1413767082911236,Low Risk,0,"Consider approval, subject to lender policy"
29,60000,MORTGAGE,8.0,PERSONAL,8000,0.13,0,8,6666.666666666667,0.06383519768200847,Low Risk,0,"Consider approval, subject to lender policy"
31,72250,OTHER,6.0,MEDICAL,25000,0.29,1,5,10321.42857142857,0.6412284469186167,Very High Risk,1,High-risk application; apply lender policy
34,204000,MORTGAGE,0.0,EDUCATION,16000,0.08,0,5,204000.0,0.06957690370437612,Low Risk,0,"Consider approval, subject to lender policy"
27,55000,MORTGAGE,2.0,VENTURE,7000,0.13,1,7,18333.333333333332,0.17335170377550296,Medium Risk,0,Consider manual review
23,74000,MORTGAGE,7.0,EDUCATION,12000,0.16,0,2,9250.0,0.07143960664758309,Low Risk,0,"Consider approval, subject to lender policy"
36,9600,MORTGAGE,1.0,VENTURE,3250,0.34,0,15,4800.0,0.9199499069455479,Very High Risk,1,High-risk application; apply lender policy
29,60000,RENT,6.0,MEDICAL,4200,0.07,0,10,8571.42857142857,0.09704063768308549,Low Risk,0,"Consider approval, subject to lender policy"
31,100000,MORTGAGE,6.0,HOMEIMPROVEMENT,13000,0.13,0,7,14285.714285714286,0.040768281027077385,Low Risk,0,"Consider approval, subject to lender policy"
25,127741,MORTGAGE,9.0,DEBTCONSOLIDATION,12000,0.09,0,2,12774.1,0.08134755056918366,Low Risk,0,"Consider approval, subject to lender policy"
23,50400,MORTGAGE,7.0,EDUCATION,8375,0.17,0,2,6300.0,0.07592868633141608,Low Risk,0,"Consider approval, subject to lender policy"
25,45600,MORTGAGE,7.0,MEDICAL,13000,0.29,0,4,5700.0,0.17814120230826533,Medium Risk,0,Consider manual review
22,60000,MORTGAGE,6.0,DEBTCONSOLIDATION,6000,0.1,1,4,8571.42857142857,0.39769697683213073,High Risk,0,Additional assessment required
30,52800,MORTGAGE,14.0,VENTURE,15000,0.28,0,5,3520.0,0.06515461801873144,Low Risk,0,"Consider approval, subject to lender policy"
23,92000,MORTGAGE,7.0,MEDICAL,18000,0.2,1,2,11500.0,0.3748096924522378,High Risk,0,Additional assessment required
22,95000,RENT,0.0,MEDICAL,4975,0.05,0,3,95000.0,0.08642746798097145,Low Risk,0,"Consider approval, subject to lender policy"
27,45600,MORTGAGE,6.0,VENTURE,15350,0.34,0,10,6514.285714285715,0.12897499452273875,Low Risk,0,"Consider approval, subject to lender policy"
23,42000,MORTGAGE,5.0,EDUCATION,2000,0.05,1,2,7000.0,0.15134649276602025,Medium Risk,1,Consider manual review
28,71000,MORTGAGE,4.0,PERSONAL,12000,0.17,0,9,14200.0,0.05653834672948592,Low Risk,0,"Consider approval, subject to lender policy"
24,65000,MORTGAGE,3.0,EDUCATION,8000,0.12,0,2,16250.0,0.053352851930148174,Low Risk,0,"Consider approval, subject to lender policy"
25,35000,RENT,5.0,VENTURE,9600,0.27,0,2,5833.333333333333,0.07792880437608649,Low Risk,0,"Consider approval, subject to lender policy"
26,185000,MORTGAGE,10.0,HOMEIMPROVEMENT,6000,0.03,0,4,16818.18181818182,0.03984040730604535,Low Risk,0,"Consider approval, subject to lender policy"
26,80000,RENT,1.0,PERSONAL,10000,0.13,1,4,40000.0,0.20728433667366156,Medium Risk,0,Consider manual review
25,54900,MORTGAGE,2.0,HOMEIMPROVEMENT,3000,0.05,0,2,18300.0,0.12281265182887052,Low Risk,0,"Consider approval, subject to lender policy"
38,34800,MORTGAGE,2.0,PERSONAL,6250,0.18,0,16,11600.0,0.21189542276266543,Medium Risk,0,Consider manual review
25,30000,RENT,3.0,VENTURE,10500,0.35,0,2,7500.0,0.9588591021594368,Very High Risk,1,High-risk application; apply lender policy
26,103000,MORTGAGE,10.0,EDUCATION,5000,0.05,0,4,9363.636363636364,0.035313066245107105,Low Risk,0,"Consider approval, subject to lender policy"
32,32004,RENT,16.0,MEDICAL,4000,0.12,0,9,1882.5882352941176,0.23435235181023875,Medium Risk,0,Consider manual review
22,36000,MORTGAGE,2.0,PERSONAL,12000,0.33,0,4,12000.0,0.1784938426943248,Medium Risk,0,Consider manual review
26,43000,RENT,8.0,MEDICAL,7000,0.16,0,4,4777.777777777777,0.15415186192524385,Medium Risk,0,Consider manual review
28,14400,RENT,2.0,VENTURE,4800,0.33,1,9,4800.0,0.9938843364750565,Very High Risk,1,High-risk application; apply lender policy
27,41000,RENT,6.0,EDUCATION,15000,0.37,0,8,5857.142857142857,0.9596889124484056,Very High Risk,1,High-risk application; apply lender policy
31,36000,RENT,3.0,DEBTCONSOLIDATION,6000,0.17,0,9,9000.0,0.1376703932525494,Low Risk,0,"Consider approval, subject to lender policy"
31,34000,RENT,1.0,PERSONAL,9000,0.26,0,5,17000.0,0.4226374649889789,High Risk,0,Additional assessment required
31,50000,RENT,2.0,MEDICAL,18000,0.36,1,9,16666.666666666668,0.9844135406938496,Very High Risk,1,High-risk application; apply lender policy
23,90000,RENT,4.0,DEBTCONSOLIDATION,13000,0.14,0,2,18000.0,0.07041744206351003,Low Risk,0,"Consider approval, subject to lender policy"
31,124992,MORTGAGE,15.0,DEBTCONSOLIDATION,24000,0.19,0,5,7812.0,0.18710076460190472,Medium Risk,0,Consider manual review
31,96000,OWN,3.0,VENTURE,10000,0.1,0,5,24000.0,0.005957591129498555,Low Risk,0,"Consider approval, subject to lender policy"
23,115000,MORTGAGE,7.0,EDUCATION,10000,0.09,0,2,14375.0,0.03610490478753541,Low Risk,0,"Consider approval, subject to lender policy"
23,50000,MORTGAGE,7.0,DEBTCONSOLIDATION,2000,0.04,0,4,6250.0,0.13486015182472877,Low Risk,0,"Consider approval, subject to lender policy"
28,115000,MORTGAGE,11.0,HOMEIMPROVEMENT,5000,0.04,0,8,9583.333333333334,0.040768281027077385,Low Risk,0,"Consider approval, subject to lender policy"
22,63000,MORTGAGE,6.0,EDUCATION,3700,0.06,0,4,9000.0,0.0495242878609549,Low Risk,0,"Consider approval, subject to lender policy"
36,56900,MORTGAGE,16.0,MEDICAL,6200,0.11,0,13,3347.0588235294117,0.156546563619938,Medium Risk,1,Consider manual review
37,92000,OWN,15.0,MEDICAL,12000,0.13,0,14,5750.0,0.02267918783316536,Low Risk,0,"Consider approval, subject to lender policy"
28,135000,MORTGAGE,0.0,MEDICAL,14400,0.11,0,8,135000.0,0.09120567813261161,Low Risk,0,"Consider approval, subject to lender policy"
27,55512,RENT,11.0,MEDICAL,4200,0.08,1,8,4626.0,0.3211198426478435,High Risk,1,Additional assessment required
28,19200,RENT,4.0,VENTURE,4800,0.25,0,6,3840.0,0.8650425900053009,Very High Risk,1,High-risk application; apply lender policy
24,72000,MORTGAGE,1.0,PERSONAL,12000,0.17,0,2,36000.0,0.06629970768541087,Low Risk,0,"Consider approval, subject to lender policy"
23,21000,RENT,6.0,EDUCATION,7500,0.36,0,2,3000.0,0.9661547354287987,Very High Risk,1,High-risk application; apply lender policy
39,32400,RENT,3.0,MEDICAL,7000,0.22,0,16,8100.0,0.24817771330644986,Medium Risk,0,Consider manual review
29,59520,RENT,13.0,HOMEIMPROVEMENT,9000,0.15,0,9,4251.428571428572,0.18735797859123246,Medium Risk,0,Consider manual review
24,46704,RENT,2.0,EDUCATION,9000,0.19,0,4,15568.0,0.134145065667468,Low Risk,0,"Consider approval, subject to lender policy"
42,125000,MORTGAGE,5.0,MEDICAL,35000,0.28,0,12,20833.333333333332,0.25822541396726323,High Risk,0,Additional assessment required
22,49536,MORTGAGE,6.0,DEBTCONSOLIDATION,5200,0.1,0,2,7076.571428571428,0.14594226994425913,Low Risk,0,"Consider approval, subject to lender policy"
31,47000,RENT,4.0,DEBTCONSOLIDATION,4500,0.1,1,7,9400.0,0.42731857855408373,High Risk,0,Additional assessment required
31,39420,RENT,0.0,MEDICAL,2500,0.06,1,8,39420.0,0.4371820457396353,High Risk,0,Additional assessment required
31,43812,RENT,2.0,MEDICAL,2400,0.05,0,5,14604.0,0.14424260327872848,Low Risk,0,"Consider approval, subject to lender policy"
28,50000,RENT,4.0,MEDICAL,8000,0.16,0,7,10000.0,0.1361337735678801,Low Risk,0,"Consider approval, subject to lender policy"
27,60000,RENT,8.0,VENTURE,7000,0.12,0,10,6666.666666666667,0.044702259319616515,Low Risk,0,"Consider approval, subject to lender policy"
38,82000,OWN,4.0,HOMEIMPROVEMENT,10000,0.12,0,13,16400.0,0.01112074427129664,Low Risk,0,"Consider approval, subject to lender policy"
31,32000,OWN,10.0,VENTURE,12375,0.39,0,7,2909.090909090909,0.03028714652082997,Low Risk,0,"Consider approval, subject to lender policy"
29,42000,RENT,0.0,VENTURE,5000,0.12,1,5,42000.0,0.32764241297612723,High Risk,1,Additional assessment required
23,30280,MORTGAGE,5.0,EDUCATION,5800,0.19,0,2,5046.666666666667,0.12738353133697236,Low Risk,0,"Consider approval, subject to lender policy"
31,100000,MORTGAGE,0.0,HOMEIMPROVEMENT,15000,0.15,0,5,100000.0,0.07507191096782188,Low Risk,0,"Consider approval, subject to lender policy"
24,30000,RENT,6.0,PERSONAL,7750,0.26,0,4,4285.714285714285,0.23980876039355123,Medium Risk,0,Consider manual review
24,40000,OWN,0.0,PERSONAL,6900,0.17,0,3,40000.0,0.014817047755206711,Low Risk,0,"Consider approval, subject to lender policy"
36,58000,RENT,18.0,DEBTCONSOLIDATION,5000,0.09,0,17,3052.6315789473683,0.13354408501096043,Low Risk,0,"Consider approval, subject to lender policy"
22,110000,RENT,7.0,EDUCATION,20000,0.18,0,3,13750.0,0.05846084881946515,Low Risk,0,"Consider approval, subject to lender policy"
39,105000,MORTGAGE,1.0,DEBTCONSOLIDATION,9000,0.09,0,12,52500.0,0.06255571153826785,Low Risk,0,"Consider approval, subject to lender policy"
22,55000,RENT,4.0,DEBTCONSOLIDATION,4500,0.08,0,4,11000.0,0.12434698853668281,Low Risk,0,"Consider approval, subject to lender policy"
23,141000,MORTGAGE,1.0,VENTURE,15000,0.11,0,3,70500.0,0.04231213130677746,Low Risk,0,"Consider approval, subject to lender policy"
31,46000,RENT,0.0,MEDICAL,10000,0.22,0,7,46000.0,0.1461429788927355,Low Risk,0,"Consider approval, subject to lender policy"
35,110000,RENT,9.0,DEBTCONSOLIDATION,25000,0.23,0,8,11000.0,0.2152529448003587,Medium Risk,0,Consider manual review
25,105000,MORTGAGE,1.0,PERSONAL,15000,0.14,1,3,52500.0,0.14302562894581305,Low Risk,0,"Consider approval, subject to lender policy"
26,60000,RENT,7.0,MEDICAL,12000,0.2,0,3,7500.0,0.1086344866321555,Low Risk,0,"Consider approval, subject to lender policy"
26,48000,RENT,5.0,DEBTCONSOLIDATION,25000,0.52,0,3,8000.0,0.9838055626226625,Very High Risk,1,High-risk application; apply lender policy
29,38000,MORTGAGE,0.0,HOMEIMPROVEMENT,2450,0.06,1,6,38000.0,0.3254995085466426,High Risk,0,Additional assessment required
26,56700,MORTGAGE,3.0,DEBTCONSOLIDATION,6000,0.11,0,4,14175.0,0.13121570179799094,Low Risk,0,"Consider approval, subject to lender policy"
30,53000,RENT,1.0,MEDICAL,11000,0.21,0,9,26500.0,0.13944240690221288,Low Risk,0,"Consider approval, subject to lender policy"
24,22680,RENT,9.0,VENTURE,7000,0.31,0,2,2268.0,0.9546199926439018,Very High Risk,1,High-risk application; apply lender policy
28,54000,RENT,5.0,DEBTCONSOLIDATION,12700,0.24,0,7,9000.0,0.15748929318257432,Medium Risk,1,Consider manual review
25,72000,MORTGAGE,9.0,EDUCATION,3200,0.04,0,3,7200.0,0.052739457558022854,Low Risk,0,"Consider approval, subject to lender policy"
23,32640,RENT,5.0,VENTURE,4800,0.15,0,3,5440.0,0.10598168730242243,Low Risk,0,"Consider approval, subject to lender policy"
28,77000,MORTGAGE,5.0,PERSONAL,15000,0.19,0,5,12833.333333333334,0.07329783731203596,Low Risk,0,"Consider approval, subject to lender policy"
22,144500,RENT,5.0,DEBTCONSOLIDATION,18000,0.12,0,3,24083.333333333332,0.07889911286694412,Low Risk,0,"Consider approval, subject to lender policy"
27,53550,RENT,3.0,MEDICAL,4200,0.07,0,8,13387.5,0.12814624436234406,Low Risk,1,"Consider approval, subject to lender policy"
36,45000,RENT,3.0,DEBTCONSOLIDATION,1800,0.04,1,15,11250.0,0.42731857855408373,High Risk,0,Additional assessment required
22,52000,RENT,2.0,EDUCATION,25000,0.48,0,4,17333.333333333332,0.9838797952263543,Very High Risk,1,High-risk application; apply lender policy
27,86000,MORTGAGE,4.0,HOMEIMPROVEMENT,20000,0.23,0,5,17200.0,0.04806999987606318,Low Risk,1,"Consider approval, subject to lender policy"
30,38400,RENT,6.0,DEBTCONSOLIDATION,1600,0.04,0,10,5485.714285714285,0.1458711517449401,Low Risk,0,"Consider approval, subject to lender policy"
22,55000,MORTGAGE,2.0,EDUCATION,12000,0.22,0,4,18333.333333333332,0.08578767222766669,Low Risk,0,"Consider approval, subject to lender policy"
34,57000,MORTGAGE,6.0,HOMEIMPROVEMENT,2600,0.05,0,7,8142.857142857143,0.10178872010321825,Low Risk,1,"Consider approval, subject to lender policy"
29,46000,RENT,6.0,VENTURE,4000,0.09,0,9,6571.428571428572,0.051163596752559146,Low Risk,0,"Consider approval, subject to lender policy"
23,145000,MORTGAGE,3.0,MEDICAL,12000,0.08,0,2,36250.0,0.08141974681286845,Low Risk,0,"Consider approval, subject to lender policy"
39,40000,RENT,1.0,MEDICAL,3300,0.08,0,13,20000.0,0.11342691241260454,Low Risk,0,"Consider approval, subject to lender policy"
22,100000,RENT,3.0,EDUCATION,10000,0.1,0,3,25000.0,0.04483183290062591,Low Risk,0,"Consider approval, subject to lender policy"
26,42000,RENT,0.0,DEBTCONSOLIDATION,7500,0.18,0,4,42000.0,0.1423635190867121,Low Risk,0,"Consider approval, subject to lender policy"
27,125000,MORTGAGE,7.0,HOMEIMPROVEMENT,20000,0.16,1,5,15625.0,0.13066121961391466,Low Risk,0,"Consider approval, subject to lender policy"
22,48000,MORTGAGE,2.0,MEDICAL,9600,0.2,0,2,16000.0,0.17271890466599846,Medium Risk,0,Consider manual review
22,35000,RENT,2.0,MEDICAL,7000,0.2,1,2,11666.666666666666,0.3823359371958659,High Risk,1,Additional assessment required
21,38000,MORTGAGE,5.0,EDUCATION,7000,0.18,1,3,6333.333333333333,0.1818527280420289,Medium Risk,0,Consider manual review
29,28000,RENT,2.0,PERSONAL,5000,0.18,0,8,9333.333333333334,0.1834574208426881,Medium Risk,1,Consider manual review
26,90000,RENT,5.0,MEDICAL,3000,0.03,0,4,15000.0,0.062141364487170475,Low Risk,0,"Consider approval, subject to lender policy"
29,36000,OWN,2.0,VENTURE,2500,0.07,0,7,12000.0,0.00936935081985972,Low Risk,0,"Consider approval, subject to lender policy"
35,46654,MORTGAGE,19.0,EDUCATION,17000,0.36,0,10,2332.7,0.1595901437092002,Medium Risk,0,Consider manual review
28,65500,MORTGAGE,11.0,HOMEIMPROVEMENT,11000,0.17,0,8,5458.333333333333,0.0679213741148053,Low Risk,0,"Consider approval, subject to lender policy"
25,70000,RENT,6.0,PERSONAL,15000,0.21,0,2,10000.0,0.08908041631339,Low Risk,0,"Consider approval, subject to lender policy"
36,33000,RENT,2.0,PERSONAL,4000,0.12,0,17,11000.0,0.231337172691858,Medium Risk,1,Consider manual review
22,110000,MORTGAGE,2.0,VENTURE,14400,0.13,0,3,36666.666666666664,0.028448953598644015,Low Risk,0,"Consider approval, subject to lender policy"
23,120000,MORTGAGE,7.0,VENTURE,4400,0.04,0,3,15000.0,0.018353977381738787,Low Risk,0,"Consider approval, subject to lender policy"
25,17352,RENT,0.0,PERSONAL,2500,0.14,0,4,17352.0,0.35807718291198776,High Risk,0,Additional assessment required
22,55000,OWN,1.0,VENTURE,10000,0.18,0,3,27500.0,0.009790443258186995,Low Risk,0,"Consider approval, subject to lender policy"
30,36000,RENT,7.0,DEBTCONSOLIDATION,8000,0.22,0,6,4500.0,0.16096464677856012,Medium Risk,1,Consider manual review
25,33500,RENT,2.0,VENTURE,10000,0.3,0,3,11166.666666666666,0.28839099048831207,High Risk,0,Additional assessment required
23,27996,RENT,3.0,MEDICAL,5500,0.2,0,2,6999.0,0.19557421959563395,Medium Risk,0,Consider manual review
26,88000,MORTGAGE,10.0,EDUCATION,10000,0.11,0,2,8000.0,0.04176780765011491,Low Risk,0,"Consider approval, subject to lender policy"
32,38000,RENT,2.0,EDUCATION,12000,0.32,0,6,12666.666666666666,0.9524175778460301,Very High Risk,1,High-risk application; apply lender policy
22,105000,MORTGAGE,6.0,MEDICAL,12800,0.12,0,2,15000.0,0.08208222947518327,Low Risk,0,"Consider approval, subject to lender policy"
34,48989,OWN,10.0,EDUCATION,2400,0.05,0,5,4453.545454545455,0.014255135694199424,Low Risk,0,"Consider approval, subject to lender policy"
31,36000,RENT,4.0,EDUCATION,12000,0.33,0,8,7200.0,0.9534207942381474,Very High Risk,1,High-risk application; apply lender policy
28,200000,MORTGAGE,7.0,PERSONAL,10000,0.05,0,7,25000.0,0.039851143121511445,Low Risk,0,"Consider approval, subject to lender policy"
24,72000,RENT,4.0,HOMEIMPROVEMENT,20000,0.28,1,3,14400.0,0.3928323481151834,High Risk,0,Additional assessment required
33,62000,MORTGAGE,3.0,EDUCATION,10000,0.16,0,6,15500.0,0.05512500382049201,Low Risk,0,"Consider approval, subject to lender policy"
25,105000,MORTGAGE,0.0,EDUCATION,5000,0.05,0,2,105000.0,0.04784547470316663,Low Risk,0,"Consider approval, subject to lender policy"
28,78000,RENT,5.0,HOMEIMPROVEMENT,20000,0.26,0,5,13000.0,0.18833037072022063,Medium Risk,0,Consider manual review
26,34515,MORTGAGE,11.0,DEBTCONSOLIDATION,5400,0.16,0,4,2876.25,0.3015330251534009,High Risk,0,Additional assessment required
24,100000,MORTGAGE,0.0,HOMEIMPROVEMENT,10000,0.1,1,4,100000.0,0.17476048701696353,Medium Risk,0,Consider manual review
27,150000,MORTGAGE,4.0,PERSONAL,20000,0.13,1,6,30000.0,0.12837441343934444,Low Risk,0,"Consider approval, subject to lender policy"
22,58617,RENT,6.0,MEDICAL,5400,0.09,0,2,8373.857142857143,0.14299803978874673,Low Risk,1,"Consider approval, subject to lender policy"
31,50000,RENT,9.0,DEBTCONSOLIDATION,12000,0.24,0,6,5000.0,0.13961375111995658,Low Risk,0,"Consider approval, subject to lender policy"
27,36672,RENT,11.0,PERSONAL,8000,0.22,0,9,3056.0,0.12175324647385477,Low Risk,1,"Consider approval, subject to lender policy"
25,64800,RENT,1.0,PERSONAL,7000,0.11,0,2,32400.0,0.10034425667879938,Low Risk,0,"Consider approval, subject to lender policy"
25,75600,MORTGAGE,7.0,MEDICAL,15000,0.2,0,2,9450.0,0.16928366929129926,Medium Risk,0,Consider manual review
31,90000,RENT,6.0,PERSONAL,9000,0.1,0,9,12857.142857142857,0.04640361177029011,Low Risk,0,"Consider approval, subject to lender policy"
28,50000,MORTGAGE,1.0,PERSONAL,8000,0.16,0,6,25000.0,0.08976315026776967,Low Risk,0,"Consider approval, subject to lender policy"
40,80000,RENT,0.0,PERSONAL,6000,0.07,0,11,80000.0,0.07251433580136027,Low Risk,0,"Consider approval, subject to lender policy"
26,74400,MORTGAGE,10.0,DEBTCONSOLIDATION,15000,0.2,0,4,6763.636363636364,0.18290970817468116,Medium Risk,0,Consider manual review
27,65000,RENT,5.0,VENTURE,7000,0.11,0,7,10833.333333333334,0.041565599707095696,Low Risk,0,"Consider approval, subject to lender policy"
25,34000,RENT,8.0,PERSONAL,8400,0.25,0,4,3777.777777777778,0.2764838725205762,High Risk,0,Additional assessment required
27,54000,RENT,1.0,HOMEIMPROVEMENT,5400,0.1,0,6,27000.0,0.2457423500197633,Medium Risk,0,Consider manual review
23,30000,RENT,3.0,PERSONAL,10000,0.33,0,2,7500.0,0.9634052292737817,Very High Risk,1,High-risk application; apply lender policy
28,18000,OWN,12.0,VENTURE,3500,0.19,0,5,1384.6153846153845,0.8998161750936811,Very High Risk,1,High-risk application; apply lender policy
31,33000,RENT,2.0,VENTURE,7000,0.21,0,10,11000.0,0.24158830926607686,Medium Risk,0,Consider manual review
44,30000,OWN,3.0,VENTURE,7500,0.25,0,11,7500.0,0.0145151026822929,Low Risk,0,"Consider approval, subject to lender policy"
34,48000,MORTGAGE,2.0,PERSONAL,10000,0.21,0,10,16000.0,0.10125962482117166,Low Risk,0,"Consider approval, subject to lender policy"
24,56000,RENT,8.0,VENTURE,12000,0.21,0,2,6222.222222222223,0.07702319757582124,Low Risk,0,"Consider approval, subject to lender policy"
25,20000,RENT,0.0,MEDICAL,3500,0.17,1,3,20000.0,0.419648457110197,High Risk,0,Additional assessment required
34,28800,RENT,0.0,DEBTCONSOLIDATION,2500,0.09,0,7,28800.0,0.16577742258760148,Medium Risk,1,Consider manual review
31,99504,RENT,5.0,DEBTCONSOLIDATION,7500,0.08,0,10,16584.0,0.0711199281212898,Low Risk,0,"Consider approval, subject to lender policy"
37,140000,MORTGAGE,15.0,HOMEIMPROVEMENT,14000,0.1,0,12,8750.0,0.03984040730604535,Low Risk,0,"Consider approval, subject to lender policy"
29,48000,MORTGAGE,13.0,VENTURE,7000,0.15,0,9,3428.5714285714284,0.04073255163013058,Low Risk,0,"Consider approval, subject to lender policy"
40,60000,MORTGAGE,1.0,MEDICAL,12000,0.2,0,15,30000.0,0.11591288545509769,Low Risk,0,"Consider approval, subject to lender policy"
49,76872,MORTGAGE,4.0,PERSONAL,15000,0.2,1,11,15374.4,0.18797032884261866,Medium Risk,0,Consider manual review
38,40000,RENT,5.0,MEDICAL,4000,0.1,0,12,6666.666666666667,0.11851834722182854,Low Risk,0,"Consider approval, subject to lender policy"
23,60000,MORTGAGE,7.0,VENTURE,7200,0.12,0,4,7500.0,0.030098801315300273,Low Risk,0,"Consider approval, subject to lender policy"
26,31000,MORTGAGE,9.0,HOMEIMPROVEMENT,15000,0.48,0,4,3100.0,0.27629388068535216,High Risk,1,Additional assessment required
24,105018,MORTGAGE,8.0,HOMEIMPROVEMENT,28000,0.27,1,4,11668.666666666666,0.28675238751896814,High Risk,0,Additional assessment required
23,35000,RENT,3.0,DEBTCONSOLIDATION,12000,0.34,0,4,8750.0,0.9531195815509114,Very High Risk,1,High-risk application; apply lender policy
26,36000,RENT,2.0,DEBTCONSOLIDATION,14500,0.4,0,3,12000.0,0.9651538805915824,Very High Risk,1,High-risk application; apply lender policy
26,31104,RENT,1.0,DEBTCONSOLIDATION,4000,0.13,0,3,15552.0,0.2508411430818904,High Risk,0,Additional assessment required
23,74000,RENT,7.0,VENTURE,2800,0.04,1,2,9250.0,0.15669143493980076,Medium Risk,1,Consider manual review
24,30000,OWN,7.0,HOMEIMPROVEMENT,10000,0.33,0,3,3750.0,0.04529002113935292,Low Risk,0,"Consider approval, subject to lender policy"
36,120000,MORTGAGE,5.0,HOMEIMPROVEMENT,25000,0.21,0,11,20000.0,0.08740341330601895,Low Risk,0,"Consider approval, subject to lender policy"
26,66000,RENT,10.0,PERSONAL,14000,0.21,0,3,6000.0,0.0815418858391912,Low Risk,0,"Consider approval, subject to lender policy"
23,50000,RENT,0.0,MEDICAL,5600,0.11,1,4,50000.0,0.31477512028115257,High Risk,0,Additional assessment required
36,42000,RENT,2.0,VENTURE,2000,0.05,0,11,14000.0,0.09691490526798176,Low Risk,0,"Consider approval, subject to lender policy"
26,59000,MORTGAGE,9.0,PERSONAL,6000,0.1,0,4,5900.0,0.11183254055527805,Low Risk,0,"Consider approval, subject to lender policy"
24,50000,RENT,3.0,MEDICAL,8000,0.16,0,2,12500.0,0.14538638796235018,Low Risk,0,"Consider approval, subject to lender policy"
28,85000,MORTGAGE,4.0,PERSONAL,35000,0.41,0,5,17000.0,0.1567135794791008,Medium Risk,0,Consider manual review
25,28128,RENT,2.0,EDUCATION,7500,0.27,1,3,9376.0,0.4362448082438862,High Risk,1,Additional assessment required
22,38000,MORTGAGE,6.0,MEDICAL,4000,0.11,0,2,5428.571428571428,0.16620158590366316,Medium Risk,0,Consider manual review
35,38760,RENT,2.0,MEDICAL,8000,0.21,1,7,12920.0,0.43920266050763107,High Risk,1,Additional assessment required
28,209000,OWN,4.0,PERSONAL,15000,0.07,1,7,41800.0,0.034383527724681236,Low Risk,0,"Consider approval, subject to lender policy"
26,99000,MORTGAGE,10.0,VENTURE,5000,0.05,0,2,9000.0,0.020400155344523434,Low Risk,0,"Consider approval, subject to lender policy"
37,66560,RENT,11.0,DEBTCONSOLIDATION,7200,0.11,0,15,5546.666666666667,0.11318404677793706,Low Risk,0,"Consider approval, subject to lender policy"
26,85000,MORTGAGE,10.0,EDUCATION,4650,0.05,0,2,7727.272727272727,0.03319019698252102,Low Risk,0,"Consider approval, subject to lender policy"
24,132652,MORTGAGE,8.0,MEDICAL,28000,0.21,0,3,14739.111111111111,0.1972024515471346,Medium Risk,0,Consider manual review
22,24000,OWN,4.0,MEDICAL,4750,0.2,1,4,4800.0,0.08892248484515723,Low Risk,0,"Consider approval, subject to lender policy"
21,48000,RENT,5.0,PERSONAL,2800,0.06,0,2,8000.0,0.10298224180516476,Low Risk,1,"Consider approval, subject to lender policy"
33,48000,MORTGAGE,17.0,VENTURE,7000,0.15,0,8,2666.6666666666665,0.04073255163013058,Low Risk,0,"Consider approval, subject to lender policy"
25,30000,RENT,2.0,MEDICAL,2000,0.07,0,2,10000.0,0.24968254924968503,Medium Risk,0,Consider manual review
22,60000,MORTGAGE,1.0,EDUCATION,17000,0.28,0,4,30000.0,0.10272394032322932,Low Risk,0,"Consider approval, subject to lender policy"
47,35000,OWN,9.0,PERSONAL,2500,0.07,0,12,3500.0,0.012737663741152806,Low Risk,0,"Consider approval, subject to lender policy"
38,90000,MORTGAGE,14.0,VENTURE,21000,0.23,0,11,6000.0,0.02959184267928514,Low Risk,0,"Consider approval, subject to lender policy"
25,95000,RENT,4.0,PERSONAL,8000,0.08,0,4,19000.0,0.050418880219283486,Low Risk,0,"Consider approval, subject to lender policy"
22,49000,RENT,3.0,MEDICAL,15000,0.31,0,3,12250.0,0.965922194881195,Very High Risk,1,High-risk application; apply lender policy
27,75500,MORTGAGE,8.0,EDUCATION,9000,0.12,0,5,8388.888888888889,0.057679670782298825,Low Risk,0,"Consider approval, subject to lender policy"
26,85000,MORTGAGE,0.0,VENTURE,20000,0.24,0,2,85000.0,0.059929352440577996,Low Risk,0,"Consider approval, subject to lender policy"
26,165000,MORTGAGE,10.0,EDUCATION,20000,0.12,1,2,15000.0,0.10334149669570844,Low Risk,0,"Consider approval, subject to lender policy"
22,34000,MORTGAGE,6.0,VENTURE,15000,0.44,1,2,4857.142857142857,0.323203425601844,High Risk,1,Additional assessment required
26,50000,RENT,1.0,MEDICAL,2800,0.06,1,3,25000.0,0.3506243716668238,High Risk,0,Additional assessment required
30,198000,MORTGAGE,5.0,DEBTCONSOLIDATION,15000,0.08,1,9,33000.0,0.34827884838723117,High Risk,1,Additional assessment required
26,96000,MORTGAGE,10.0,HOMEIMPROVEMENT,24000,0.25,0,4,8727.272727272728,0.08505688399721706,Low Risk,0,"Consider approval, subject to lender policy"
22,41000,MORTGAGE,6.0,HOMEIMPROVEMENT,7000,0.17,0,2,5857.142857142857,0.5583930924075599,Very High Risk,1,High-risk application; apply lender policy
36,145000,RENT,0.0,MEDICAL,25000,0.17,0,15,145000.0,0.32537057042897977,High Risk,0,Additional assessment required
21,67400,MORTGAGE,2.0,VENTURE,20000,0.3,1,2,22466.666666666668,0.248934724775439,Medium Risk,1,Consider manual review
35,106500,MORTGAGE,4.0,PERSONAL,14550,0.14,0,10,21300.0,0.04149667544773749,Low Risk,0,"Consider approval, subject to lender policy"
25,30000,MORTGAGE,2.0,VENTURE,8000,0.27,0,4,10000.0,0.13820184840275007,Low Risk,0,"Consider approval, subject to lender policy"
25,130000,RENT,7.0,HOMEIMPROVEMENT,10000,0.08,0,2,16250.0,0.06629927605445467,Low Risk,0,"Consider approval, subject to lender policy"
22,43000,RENT,2.0,DEBTCONSOLIDATION,14400,0.33,0,2,14333.333333333334,0.967726703091993,Very High Risk,1,High-risk application; apply lender policy
28,42000,MORTGAGE,5.0,HOMEIMPROVEMENT,6000,0.14,0,9,7000.0,0.12106405849585407,Low Risk,0,"Consider approval, subject to lender policy"
23,95000,MORTGAGE,7.0,EDUCATION,15000,0.16,1,4,11875.0,0.10618071479301308,Low Risk,0,"Consider approval, subject to lender policy"
28,110000,MORTGAGE,12.0,VENTURE,15000,0.14,0,10,8461.538461538461,0.024627426408055014,Low Risk,0,"Consider approval, subject to lender policy"
24,78000,RENT,1.0,DEBTCONSOLIDATION,3500,0.04,0,3,39000.0,0.12058942000266547,Low Risk,1,"Consider approval, subject to lender policy"
26,65000,MORTGAGE,11.0,VENTURE,12000,0.18,0,2,5416.666666666667,0.043928274815294106,Low Risk,0,"Consider approval, subject to lender policy"
24,35000,MORTGAGE,8.0,VENTURE,2000,0.06,0,2,3888.8888888888887,0.032772203713873724,Low Risk,0,"Consider approval, subject to lender policy"
29,100000,MORTGAGE,8.0,HOMEIMPROVEMENT,7000,0.07,0,10,11111.111111111111,0.040768281027077385,Low Risk,0,"Consider approval, subject to lender policy"
27,49000,MORTGAGE,11.0,MEDICAL,8500,0.17,0,6,4083.3333333333335,0.16658224776799713,Medium Risk,0,Consider manual review
36,70000,MORTGAGE,16.0,DEBTCONSOLIDATION,16000,0.23,0,14,4117.64705882353,0.13778551203953923,Low Risk,0,"Consider approval, subject to lender policy"
25,79000,MORTGAGE,0.0,DEBTCONSOLIDATION,9000,0.11,0,4,79000.0,0.13635426668611583,Low Risk,0,"Consider approval, subject to lender policy"
23,150000,MORTGAGE,7.0,MEDICAL,30000,0.2,0,3,18750.0,0.1972024515471346,Medium Risk,0,Consider manual review
25,48000,RENT,0.0,VENTURE,4000,0.08,0,4,48000.0,0.09037477723434893,Low Risk,0,"Consider approval, subject to lender policy"
25,41496,RENT,7.0,EDUCATION,5000,0.12,0,3,5187.0,0.09978041687157398,Low Risk,1,"Consider approval, subject to lender policy"
29,68000,RENT,2.0,PERSONAL,10000,0.15,0,8,22666.666666666668,0.09496082483684029,Low Risk,0,"Consider approval, subject to lender policy"
24,60000,MORTGAGE,9.0,HOMEIMPROVEMENT,1500,0.03,0,2,6000.0,0.0750709354052068,Low Risk,0,"Consider approval, subject to lender policy"
21,53000,RENT,2.0,EDUCATION,14000,0.26,0,3,17666.666666666668,0.16542527324917206,Medium Risk,0,Consider manual review
24,29000,RENT,4.0,PERSONAL,2500,0.09,0,3,5800.0,0.2375917799039441,Medium Risk,0,Consider manual review
27,70000,MORTGAGE,4.0,HOMEIMPROVEMENT,8000,0.11,0,7,14000.0,0.06018747133417105,Low Risk,0,"Consider approval, subject to lender policy"
28,39000,RENT,6.0,DEBTCONSOLIDATION,5000,0.13,0,7,5571.428571428572,0.19796056607815238,Medium Risk,1,Consider manual review
23,65500,RENT,2.0,DEBTCONSOLIDATION,20000,0.31,0,2,21833.333333333332,0.9655292446452062,Very High Risk,1,High-risk application; apply lender policy
26,95000,RENT,0.0,DEBTCONSOLIDATION,12000,0.13,0,4,95000.0,0.09302196103477156,Low Risk,0,"Consider approval, subject to lender policy"
24,54000,MORTGAGE,8.0,DEBTCONSOLIDATION,3000,0.06,0,2,6000.0,0.17836227917078404,Medium Risk,0,Consider manual review
38,108000,RENT,6.0,HOMEIMPROVEMENT,11000,0.1,0,12,15428.57142857143,0.06129688274333332,Low Risk,0,"Consider approval, subject to lender policy"
25,59000,MORTGAGE,9.0,EDUCATION,20000,0.34,0,2,5900.0,0.2189241441494119,Medium Risk,1,Consider manual review
26,98000,RENT,8.0,DEBTCONSOLIDATION,6000,0.06,0,3,10888.888888888889,0.06665270633250009,Low Risk,0,"Consider approval, subject to lender policy"
24,27600,OWN,2.0,MEDICAL,10000,0.36,0,2,9200.0,0.0743769108621903,Low Risk,0,"Consider approval, subject to lender policy"
29,52000,RENT,11.0,PERSONAL,4500,0.09,0,10,4333.333333333333,0.09798949842190666,Low Risk,0,"Consider approval, subject to lender policy"
23,87000,MORTGAGE,5.0,EDUCATION,10000,0.11,0,4,14500.0,0.03635310078694471,Low Risk,0,"Consider approval, subject to lender policy"
23,72000,MORTGAGE,0.0,PERSONAL,5000,0.07,0,2,72000.0,0.06530397134155487,Low Risk,0,"Consider approval, subject to lender policy"
28,31200,RENT,5.0,MEDICAL,15000,0.48,0,9,5200.0,0.9727510538144777,Very High Risk,1,High-risk application; apply lender policy
23,55000,MORTGAGE,7.0,VENTURE,5200,0.09,0,4,6875.0,0.036993268265744166,Low Risk,0,"Consider approval, subject to lender policy"
31,36000,RENT,3.0,PERSONAL,8000,0.22,0,8,9000.0,0.11385444609411913,Low Risk,0,"Consider approval, subject to lender policy"
25,21600,RENT,3.0,PERSONAL,3600,0.17,0,4,5400.0,0.14262929247139916,Low Risk,0,"Consider approval, subject to lender policy"
27,74400,MORTGAGE,11.0,DEBTCONSOLIDATION,10000,0.13,1,6,6200.0,0.5211691871444172,Very High Risk,1,High-risk application; apply lender policy
35,31000,MORTGAGE,9.0,VENTURE,15000,0.48,1,9,3100.0,0.22545114453130452,Medium Risk,0,Consider manual review
21,20004,OWN,2.0,MEDICAL,2500,0.12,0,2,6668.0,0.03613190781073872,Low Risk,0,"Consider approval, subject to lender policy"
24,46704,RENT,2.0,PERSONAL,9000,0.19,0,3,15568.0,0.14370376834996113,Low Risk,0,"Consider approval, subject to lender policy"
29,40000,RENT,14.0,VENTURE,7000,0.17,0,5,2666.6666666666665,0.05445750620042858,Low Risk,0,"Consider approval, subject to lender policy"
24,20000,RENT,0.0,MEDICAL,8000,0.4,1,4,20000.0,0.9807187759377017,Very High Risk,1,High-risk application; apply lender policy
21,38000,RENT,5.0,EDUCATION,13500,0.36,0,3,6333.333333333333,0.9514559445129022,Very High Risk,1,High-risk application; apply lender policy
50,54996,RENT,0.0,DEBTCONSOLIDATION,5000,0.09,0,14,54996.0,0.13395959382079656,Low Risk,0,"Consider approval, subject to lender policy"
21,24000,RENT,0.0,EDUCATION,4600,0.19,1,2,24000.0,0.32299382217661804,High Risk,0,Additional assessment required
22,69000,MORTGAGE,6.0,DEBTCONSOLIDATION,10000,0.14,0,3,9857.142857142857,0.111165103329842,Low Risk,1,"Consider approval, subject to lender policy"
22,90000,MORTGAGE,6.0,VENTURE,3500,0.04,0,2,12857.142857142857,0.018162495254504887,Low Risk,0,"Consider approval, subject to lender policy"
22,59813,MORTGAGE,6.0,MEDICAL,20000,0.28,0,3,8544.714285714286,0.25018894649836687,High Risk,1,Additional assessment required
26,100000,RENT,5.0,PERSONAL,24000,0.24,0,4,16666.666666666668,0.11488994212612565,Low Risk,0,"Consider approval, subject to lender policy"
24,40000,RENT,2.0,VENTURE,9600,0.24,0,4,13333.333333333334,0.1042460558275277,Low Risk,0,"Consider approval, subject to lender policy"
22,50000,MORTGAGE,6.0,VENTURE,6800,0.14,0,4,7142.857142857143,0.03811120739891018,Low Risk,0,"Consider approval, subject to lender policy"
34,108000,RENT,0.0,HOMEIMPROVEMENT,12350,0.11,1,7,108000.0,0.35441989215472147,High Risk,1,Additional assessment required
29,30000,RENT,8.0,MEDICAL,7000,0.23,1,10,3333.3333333333335,0.48651314290003733,Very High Risk,0,High-risk application; apply lender policy
25,93000,RENT,3.0,HOMEIMPROVEMENT,12000,0.13,0,3,23250.0,0.06129688274333332,Low Risk,0,"Consider approval, subject to lender policy"
24,55400,MORTGAGE,8.0,VENTURE,11000,0.2,0,3,6155.555555555556,0.05018941458303556,Low Risk,0,"Consider approval, subject to lender policy"
25,57500,RENT,4.0,VENTURE,6000,0.1,0,2,11500.0,0.05297158991922101,Low Risk,1,"Consider approval, subject to lender policy"
24,67992,MORTGAGE,8.0,DEBTCONSOLIDATION,12000,0.18,0,2,7554.666666666667,0.1312891638461188,Low Risk,0,"Consider approval, subject to lender policy"
23,25000,RENT,8.0,EDUCATION,5000,0.2,0,3,2777.777777777778,0.13059520831048177,Low Risk,0,"Consider approval, subject to lender policy"
23,30000,RENT,2.0,VENTURE,3000,0.1,0,2,10000.0,0.1982118941803673,Medium Risk,0,Consider manual review
27,17000,RENT,1.0,VENTURE,1000,0.06,0,5,8500.0,0.3466026338999129,High Risk,0,Additional assessment required
23,70550,RENT,0.0,MEDICAL,14000,0.17,1,2,70550.0,0.36258911237903324,High Risk,1,Additional assessment required
21,70000,RENT,4.0,PERSONAL,6400,0.09,0,4,14000.0,0.06525239425087247,Low Risk,0,"Consider approval, subject to lender policy"
27,25000,RENT,1.0,EDUCATION,5600,0.22,0,8,12500.0,0.18383297443894647,Medium Risk,0,Consider manual review
24,51000,MORTGAGE,4.0,HOMEIMPROVEMENT,8500,0.17,0,3,10200.0,0.09727983329733196,Low Risk,0,"Consider approval, subject to lender policy"
24,50000,RENT,8.0,DEBTCONSOLIDATION,7000,0.14,0,3,5555.555555555556,0.13579955416148068,Low Risk,0,"Consider approval, subject to lender policy"
28,160000,OWN,12.0,VENTURE,23000,0.14,0,5,12307.692307692309,0.013878545829068048,Low Risk,0,"Consider approval, subject to lender policy"
24,104000,MORTGAGE,2.0,VENTURE,19000,0.18,0,4,34666.666666666664,0.04363518886001415,Low Risk,0,"Consider approval, subject to lender policy"
21,30000,OWN,6.0,DEBTCONSOLIDATION,4000,0.13,1,3,4285.714285714285,0.2535660736654142,High Risk,0,Additional assessment required
26,65000,RENT,1.0,PERSONAL,10000,0.15,0,3,32500.0,0.09698486404275991,Low Risk,0,"Consider approval, subject to lender policy"
29,52000,RENT,9.0,VENTURE,10000,0.19,0,6,5200.0,0.06650893046349485,Low Risk,0,"Consider approval, subject to lender policy"
24,60000,MORTGAGE,5.0,VENTURE,14000,0.23,0,4,10000.0,0.03682398468188599,Low Risk,0,"Consider approval, subject to lender policy"
23,39000,RENT,1.0,EDUCATION,15000,0.38,0,4,19500.0,0.9791620121755311,Very High Risk,1,High-risk application; apply lender policy
40,70000,MORTGAGE,1.0,VENTURE,11600,0.17,0,17,35000.0,0.04327453724922536,Low Risk,0,"Consider approval, subject to lender policy"
24,27311,RENT,1.0,MEDICAL,6250,0.23,1,4,13655.5,0.4442521212288488,High Risk,0,Additional assessment required
24,56000,OWN,8.0,EDUCATION,2000,0.04,0,2,6222.222222222223,0.014146948954661355,Low Risk,0,"Consider approval, subject to lender policy"
23,40000,RENT,2.0,DEBTCONSOLIDATION,12000,0.3,0,4,13333.333333333334,0.16795334916833624,Medium Risk,0,Consider manual review
31,92000,MORTGAGE,2.0,HOMEIMPROVEMENT,3500,0.04,0,6,30666.666666666668,0.047167408630389096,Low Risk,0,"Consider approval, subject to lender policy"
28,70000,RENT,0.0,MEDICAL,13000,0.19,0,7,70000.0,0.09016430052722645,Low Risk,0,"Consider approval, subject to lender policy"
37,97000,MORTGAGE,7.0,DEBTCONSOLIDATION,10000,0.1,0,15,12125.0,0.075301308758181,Low Risk,0,"Consider approval, subject to lender policy"
28,46400,RENT,6.0,DEBTCONSOLIDATION,14125,0.3,0,5,6628.571428571428,0.18268915773335714,Medium Risk,0,Consider manual review
22,45996,RENT,2.0,EDUCATION,8000,0.17,0,3,15332.0,0.1240257919571333,Low Risk,0,"Consider approval, subject to lender policy"
29,40000,RENT,1.0,EDUCATION,3600,0.09,0,8,20000.0,0.10086733648617652,Low Risk,0,"Consider approval, subject to lender policy"
36,115000,MORTGAGE,13.0,VENTURE,10000,0.09,0,15,8214.285714285714,0.020161003040072796,Low Risk,0,"Consider approval, subject to lender policy"
22,70000,MORTGAGE,0.0,EDUCATION,9600,0.14,0,2,70000.0,0.04439325039999316,Low Risk,0,"Consider approval, subject to lender policy"
24,37000,RENT,3.0,MEDICAL,5000,0.14,0,3,9250.0,0.1416682956637049,Low Risk,1,"Consider approval, subject to lender policy"
25,68515,RENT,2.0,MEDICAL,5600,0.08,0,3,22838.333333333332,0.0954571318533797,Low Risk,0,"Consider approval, subject to lender policy"
32,36000,RENT,1.0,PERSONAL,2500,0.07,0,6,18000.0,0.14614144895180867,Low Risk,0,"Consider approval, subject to lender policy"
55,54000,RENT,4.0,DEBTCONSOLIDATION,1000,0.02,0,27,10800.0,0.14444869945505434,Low Risk,1,"Consider approval, subject to lender policy"
48,82500,RENT,4.0,HOMEIMPROVEMENT,18000,0.22,0,16,16500.0,0.07644560131860818,Low Risk,0,"Consider approval, subject to lender policy"
25,33000,MORTGAGE,6.0,EDUCATION,8000,0.24,0,4,4714.285714285715,0.14833863304225295,Low Risk,0,"Consider approval, subject to lender policy"
24,97000,MORTGAGE,2.0,HOMEIMPROVEMENT,12000,0.12,0,2,32333.333333333332,0.049360687083856415,Low Risk,0,"Consider approval, subject to lender policy"
24,115000,OWN,8.0,DEBTCONSOLIDATION,35000,0.3,1,4,12777.777777777777,0.6453582090400284,Very High Risk,0,High-risk application; apply lender policy
23,80000,MORTGAGE,5.0,VENTURE,8000,0.1,0,4,13333.333333333334,0.018440904241761816,Low Risk,0,"Consider approval, subject to lender policy"
36,24000,RENT,3.0,MEDICAL,6500,0.27,0,13,6000.0,0.2217881506139124,Medium Risk,0,Consider manual review
21,118000,OWN,5.0,VENTURE,14000,0.12,0,3,19666.666666666668,0.005957591129498555,Low Risk,0,"Consider approval, subject to lender policy"
26,54000,MORTGAGE,5.0,EDUCATION,10000,0.19,0,4,9000.0,0.09126945142423944,Low Risk,0,"Consider approval, subject to lender policy"
33,32400,RENT,6.0,MEDICAL,2500,0.08,1,10,4628.571428571428,0.41524223365716606,High Risk,1,Additional assessment required
39,65000,RENT,12.0,VENTURE,20000,0.31,0,17,5000.0,0.9404388929112908,Very High Risk,1,High-risk application; apply lender policy
24,120000,MORTGAGE,0.0,EDUCATION,25000,0.21,1,3,120000.0,0.3762914685080217,High Risk,0,Additional assessment required
23,175000,MORTGAGE,8.0,PERSONAL,21000,0.12,0,3,19444.444444444445,0.04594535927396665,Low Risk,0,"Consider approval, subject to lender policy"
26,173467,MORTGAGE,10.0,VENTURE,10000,0.06,0,4,15769.727272727272,0.020161003040072796,Low Risk,0,"Consider approval, subject to lender policy"
31,50000,RENT,15.0,PERSONAL,2000,0.04,0,8,3125.0,0.09798949842190666,Low Risk,1,"Consider approval, subject to lender policy"
25,52000,RENT,2.0,VENTURE,6000,0.12,1,4,17333.333333333332,0.31279222448701355,High Risk,0,Additional assessment required
31,49500,MORTGAGE,3.0,DEBTCONSOLIDATION,10000,0.2,0,6,12375.0,0.14380697505416934,Low Risk,0,"Consider approval, subject to lender policy"
44,35000,RENT,4.0,DEBTCONSOLIDATION,10825,0.31,0,12,7000.0,0.9438561834624785,Very High Risk,1,High-risk application; apply lender policy
37,38304,RENT,3.0,PERSONAL,12000,0.31,0,12,9576.0,0.9401786274171214,Very High Risk,1,High-risk application; apply lender policy
44,91000,MORTGAGE,14.0,MEDICAL,7900,0.09,0,14,6066.666666666667,0.07870575542650825,Low Risk,0,"Consider approval, subject to lender policy"
29,30000,MORTGAGE,3.0,EDUCATION,4000,0.13,0,6,7500.0,0.1302055462544248,Low Risk,0,"Consider approval, subject to lender policy"
29,59000,RENT,6.0,EDUCATION,13000,0.22,0,10,8428.57142857143,0.12681405361954118,Low Risk,0,"Consider approval, subject to lender policy"
27,53004,MORTGAGE,10.0,EDUCATION,5600,0.11,0,6,4818.545454545455,0.07433080053565803,Low Risk,0,"Consider approval, subject to lender policy"
25,42000,RENT,2.0,EDUCATION,3150,0.07,0,4,14000.0,0.1261039862886272,Low Risk,0,"Consider approval, subject to lender policy"
36,75000,MORTGAGE,9.0,PERSONAL,24000,0.32,0,13,7500.0,0.13800415542842215,Low Risk,0,"Consider approval, subject to lender policy"
26,115600,MORTGAGE,4.0,DEBTCONSOLIDATION,9925,0.09,0,4,23120.0,0.07384043149800212,Low Risk,0,"Consider approval, subject to lender policy"
29,46000,RENT,11.0,MEDICAL,13250,0.29,1,6,3833.3333333333335,0.4354436894155347,High Risk,1,Additional assessment required
24,39996,OWN,0.0,VENTURE,3000,0.08,0,4,39996.0,0.007946205686286812,Low Risk,0,"Consider approval, subject to lender policy"
28,350000,RENT,1.0,DEBTCONSOLIDATION,20000,0.06,0,9,175000.0,0.15831494965320592,Medium Risk,0,Consider manual review
33,24000,RENT,0.0,DEBTCONSOLIDATION,2000,0.08,1,8,24000.0,0.4580185605918419,Very High Risk,0,High-risk application; apply lender policy
32,88000,MORTGAGE,13.0,DEBTCONSOLIDATION,17600,0.2,1,10,6285.714285714285,0.41310442852409807,High Risk,1,Additional assessment required
51,98000,RENT,5.0,PERSONAL,6000,0.06,0,23,16333.333333333334,0.047185890609466194,Low Risk,0,"Consider approval, subject to lender policy"
24,74000,RENT,7.0,DEBTCONSOLIDATION,6800,0.09,1,2,9250.0,0.5194474589036554,Very High Risk,1,High-risk application; apply lender policy
22,37000,MORTGAGE,0.0,MEDICAL,15000,0.41,0,2,37000.0,0.340119407267818,High Risk,0,Additional assessment required
32,70000,MORTGAGE,3.0,VENTURE,4000,0.06,0,5,17500.0,0.025678847331716746,Low Risk,0,"Consider approval, subject to lender policy"
26,54000,RENT,6.0,EDUCATION,10000,0.19,0,2,7714.285714285715,0.1080814422032191,Low Risk,0,"Consider approval, subject to lender policy"
23,48000,MORTGAGE,8.0,MEDICAL,1400,0.03,1,2,5333.333333333333,0.42914465598795054,High Risk,1,Additional assessment required
22,95000,MORTGAGE,6.0,MEDICAL,12000,0.13,0,3,13571.42857142857,0.07649776780315648,Low Risk,0,"Consider approval, subject to lender policy"
32,175000,RENT,3.0,DEBTCONSOLIDATION,20000,0.11,1,8,43750.0,0.391871733658186,High Risk,0,Additional assessment required
23,85000,MORTGAGE,3.0,EDUCATION,7200,0.08,0,4,21250.0,0.03367764296963752,Low Risk,0,"Consider approval, subject to lender policy"
27,20400,RENT,3.0,PERSONAL,2000,0.1,0,6,5100.0,0.14262929247139916,Low Risk,0,"Consider approval, subject to lender policy"
32,90000,MORTGAGE,6.0,PERSONAL,15600,0.17,0,9,12857.142857142857,0.04361397558238179,Low Risk,0,"Consider approval, subject to lender policy"
25,75000,MORTGAGE,9.0,HOMEIMPROVEMENT,7200,0.1,0,4,7500.0,0.05325841590443396,Low Risk,0,"Consider approval, subject to lender policy"
23,33600,MORTGAGE,8.0,PERSONAL,8000,0.24,0,2,3733.3333333333335,0.17574038887300256,Medium Risk,0,Consider manual review
27,39000,RENT,4.0,EDUCATION,2000,0.05,0,7,7800.0,0.1370481918024044,Low Risk,0,"Consider approval, subject to lender policy"
23,67000,MORTGAGE,3.0,DEBTCONSOLIDATION,9250,0.14,0,2,16750.0,0.11895435362995607,Low Risk,0,"Consider approval, subject to lender policy"
23,34000,MORTGAGE,7.0,DEBTCONSOLIDATION,19000,0.56,0,4,4250.0,0.4044170678857531,High Risk,0,Additional assessment required
24,21600,MORTGAGE,0.0,DEBTCONSOLIDATION,2000,0.09,0,2,21600.0,0.16791085014781043,Medium Risk,1,Consider manual review
43,62900,RENT,22.0,MEDICAL,18000,0.24,1,14,2734.782608695652,0.5043441206908437,Very High Risk,1,High-risk application; apply lender policy
22,72000,MORTGAGE,3.0,EDUCATION,8400,0.12,0,2,18000.0,0.04868380391632464,Low Risk,0,"Consider approval, subject to lender policy"
55,75000,RENT,2.0,MEDICAL,20000,0.27,0,23,25000.0,0.22803392985003684,Medium Risk,0,Consider manual review
33,105000,MORTGAGE,12.0,HOMEIMPROVEMENT,7000,0.07,0,10,8076.923076923077,0.040768281027077385,Low Risk,0,"Consider approval, subject to lender policy"
24,190000,OWN,4.0,PERSONAL,24000,0.13,1,3,38000.0,0.06442861956924954,Low Risk,0,"Consider approval, subject to lender policy"
25,63000,RENT,6.0,VENTURE,4200,0.07,0,4,9000.0,0.03791432024648931,Low Risk,0,"Consider approval, subject to lender policy"
22,62000,RENT,5.0,VENTURE,13200,0.21,0,4,10333.333333333334,0.051421478122197065,Low Risk,0,"Consider approval, subject to lender policy"
31,24000,MORTGAGE,3.0,VENTURE,3000,0.13,0,10,6000.0,0.0553577760792211,Low Risk,0,"Consider approval, subject to lender policy"
29,60000,MORTGAGE,13.0,DEBTCONSOLIDATION,6400,0.11,0,8,4285.714285714285,0.11238074466635936,Low Risk,0,"Consider approval, subject to lender policy"
23,54996,MORTGAGE,7.0,DEBTCONSOLIDATION,15000,0.27,0,2,6874.5,0.2068812710604018,Medium Risk,0,Consider manual review
34,105000,MORTGAGE,2.0,MEDICAL,10000,0.1,0,7,35000.0,0.07334595951597059,Low Risk,0,"Consider approval, subject to lender policy"
28,42000,RENT,3.0,MEDICAL,8800,0.21,0,10,10500.0,0.14918390258717593,Low Risk,0,"Consider approval, subject to lender policy"
28,110004,MORTGAGE,2.0,EDUCATION,15000,0.14,0,5,36668.0,0.05539096201032961,Low Risk,0,"Consider approval, subject to lender policy"
26,29364,RENT,4.0,HOMEIMPROVEMENT,6000,0.2,1,4,5872.8,0.8032375169685265,Very High Risk,1,High-risk application; apply lender policy
25,90000,MORTGAGE,2.0,MEDICAL,15000,0.17,0,2,30000.0,0.10250103815600824,Low Risk,0,"Consider approval, subject to lender policy"
21,53000,MORTGAGE,5.0,VENTURE,18000,0.34,1,3,8833.333333333334,0.19315453438571875,Medium Risk,0,Consider manual review
36,39520,OWN,14.0,VENTURE,5000,0.13,0,16,2634.6666666666665,0.007690317234110405,Low Risk,0,"Consider approval, subject to lender policy"
38,58000,RENT,4.0,MEDICAL,9500,0.16,1,16,11600.0,0.3588913052542725,High Risk,1,Additional assessment required
23,75000,RENT,3.0,VENTURE,2000,0.03,0,3,18750.0,0.0313391364604005,Low Risk,0,"Consider approval, subject to lender policy"
26,110000,MORTGAGE,3.0,DEBTCONSOLIDATION,4000,0.04,0,2,27500.0,0.07536054566782342,Low Risk,0,"Consider approval, subject to lender policy"
31,31000,OWN,0.0,PERSONAL,12500,0.4,0,8,31000.0,0.0400747010340471,Low Risk,0,"Consider approval, subject to lender policy"
26,315000,MORTGAGE,10.0,DEBTCONSOLIDATION,12000,0.04,0,3,28636.363636363636,0.0694220464393324,Low Risk,0,"Consider approval, subject to lender policy"
25,62000,RENT,9.0,DEBTCONSOLIDATION,5000,0.08,0,2,6200.0,0.11706636180763369,Low Risk,0,"Consider approval, subject to lender policy"
24,130000,MORTGAGE,8.0,HOMEIMPROVEMENT,15000,0.12,0,4,14444.444444444445,0.04536660656829152,Low Risk,0,"Consider approval, subject to lender policy"
54,33600,RENT,0.0,DEBTCONSOLIDATION,1000,0.03,0,29,33600.0,0.22401083731048227,Medium Risk,1,Consider manual review
30,14400,OWN,0.0,HOMEIMPROVEMENT,9250,0.64,0,10,14400.0,0.9793809320174177,Very High Risk,1,High-risk application; apply lender policy
23,56000,MORTGAGE,7.0,VENTURE,7200,0.13,0,2,7000.0,0.04496793576041177,Low Risk,0,"Consider approval, subject to lender policy"
32,145000,RENT,2.0,PERSONAL,8800,0.06,0,7,48333.333333333336,0.06941793182696357,Low Risk,0,"Consider approval, subject to lender policy"
47,39000,MORTGAGE,5.0,EDUCATION,5600,0.14,0,11,6500.0,0.11333830477151441,Low Risk,0,"Consider approval, subject to lender policy"
24,200000,MORTGAGE,8.0,HOMEIMPROVEMENT,12000,0.06,0,2,22222.222222222223,0.0429752545419208,Low Risk,0,"Consider approval, subject to lender policy"
23,39216,MORTGAGE,5.0,VENTURE,10000,0.25,0,3,6536.0,0.07406450907247861,Low Risk,0,"Consider approval, subject to lender policy"
24,60000,RENT,2.0,DEBTCONSOLIDATION,25000,0.42,1,2,20000.0,0.9932887493711461,Very High Risk,1,High-risk application; apply lender policy
25,80000,RENT,0.0,DEBTCONSOLIDATION,16000,0.2,0,3,80000.0,0.12804911105430966,Low Risk,0,"Consider approval, subject to lender policy"
40,55000,MORTGAGE,2.0,VENTURE,3600,0.07,0,14,18333.333333333332,0.04545030803850212,Low Risk,0,"Consider approval, subject to lender policy"
22,15000,RENT,3.0,EDUCATION,6000,0.4,0,4,3750.0,0.9889528971128213,Very High Risk,1,High-risk application; apply lender policy
22,56400,RENT,2.0,HOMEIMPROVEMENT,25000,0.44,1,3,18800.0,0.9982854899783674,Very High Risk,1,High-risk application; apply lender policy
22,69000,MORTGAGE,6.0,PERSONAL,7800,0.11,1,3,9857.142857142857,0.14936347191497276,Low Risk,0,"Consider approval, subject to lender policy"
27,65000,RENT,5.0,PERSONAL,7000,0.11,0,9,10833.333333333334,0.07315380048423613,Low Risk,0,"Consider approval, subject to lender policy"
24,30000,RENT,0.0,MEDICAL,6000,0.2,0,2,30000.0,0.240831111216696,Medium Risk,0,Consider manual review
44,68000,RENT,7.0,EDUCATION,5150,0.08,0,14,8500.0,0.06450525000157954,Low Risk,0,"Consider approval, subject to lender policy"
30,105400,RENT,1.0,DEBTCONSOLIDATION,24000,0.23,1,6,52700.0,0.6182574674993677,Very High Risk,0,High-risk application; apply lender policy
23,42000,RENT,1.0,VENTURE,8000,0.19,0,4,21000.0,0.1231701331184353,Low Risk,0,"Consider approval, subject to lender policy"
46,60000,RENT,5.0,MEDICAL,4800,0.08,0,16,10000.0,0.09704063768308549,Low Risk,0,"Consider approval, subject to lender policy"
36,85000,RENT,4.0,PERSONAL,9600,0.11,0,15,17000.0,0.046928842679734246,Low Risk,0,"Consider approval, subject to lender policy"
41,36000,RENT,5.0,DEBTCONSOLIDATION,10000,0.28,0,15,6000.0,0.1930788033163371,Medium Risk,0,Consider manual review
24,60000,MORTGAGE,6.0,PERSONAL,2400,0.04,1,4,8571.42857142857,0.1384130400064601,Low Risk,0,"Consider approval, subject to lender policy"
30,32796,RENT,8.0,MEDICAL,3000,0.09,0,7,3644.0,0.23435235181023875,Medium Risk,0,Consider manual review
22,30004,OWN,6.0,EDUCATION,7500,0.25,0,2,4286.285714285715,0.02028703839196529,Low Risk,0,"Consider approval, subject to lender policy"
27,101004,MORTGAGE,3.0,MEDICAL,12000,0.12,0,9,25251.0,0.07649776780315648,Low Risk,0,"Consider approval, subject to lender policy"
24,40000,RENT,4.0,MEDICAL,14000,0.35,0,2,8000.0,0.9607178736677496,Very High Risk,1,High-risk application; apply lender policy
50,102031,MORTGAGE,9.0,HOMEIMPROVEMENT,12000,0.12,1,11,10203.1,0.11195183954855577,Low Risk,0,"Consider approval, subject to lender policy"
25,46800,MORTGAGE,0.0,MEDICAL,6000,0.13,0,4,46800.0,0.1400238235597117,Low Risk,1,"Consider approval, subject to lender policy"
23,35000,MORTGAGE,6.0,EDUCATION,8400,0.24,0,3,5000.0,0.06377674548432762,Low Risk,0,"Consider approval, subject to lender policy"
23,48000,RENT,6.0,EDUCATION,4800,0.1,0,2,6857.142857142857,0.08807441764801952,Low Risk,0,"Consider approval, subject to lender policy"
27,106000,OWN,3.0,PERSONAL,16000,0.15,1,9,26500.0,0.03360621933859445,Low Risk,0,"Consider approval, subject to lender policy"
26,97188,RENT,7.0,VENTURE,16000,0.16,0,3,12148.5,0.03456354903135979,Low Risk,0,"Consider approval, subject to lender policy"
32,14400,RENT,7.0,PERSONAL,3000,0.21,1,8,1800.0,0.9250136317893494,Very High Risk,1,High-risk application; apply lender policy
38,83000,RENT,3.0,HOMEIMPROVEMENT,22250,0.27,1,12,20750.0,0.43253977442394864,High Risk,1,Additional assessment required
26,58000,MORTGAGE,1.0,MEDICAL,25000,0.43,1,4,29000.0,0.7464311112826961,Very High Risk,1,High-risk application; apply lender policy
27,42000,RENT,1.0,PERSONAL,3000,0.07,0,9,21000.0,0.13150424230861316,Low Risk,0,"Consider approval, subject to lender policy"
24,90996,MORTGAGE,2.0,EDUCATION,16000,0.18,0,3,30332.0,0.05760908941669063,Low Risk,0,"Consider approval, subject to lender policy"
23,56600,OWN,3.0,MEDICAL,12000,0.21,0,2,14150.0,0.02923498907169025,Low Risk,0,"Consider approval, subject to lender policy"
33,42000,MORTGAGE,2.0,PERSONAL,9050,0.22,0,7,14000.0,0.10545558230674874,Low Risk,0,"Consider approval, subject to lender policy"
38,150000,MORTGAGE,3.0,DEBTCONSOLIDATION,7500,0.05,0,13,37500.0,0.07521604768939982,Low Risk,0,"Consider approval, subject to lender policy"
28,38000,RENT,12.0,PERSONAL,3200,0.08,0,6,2923.076923076923,0.11381693646814371,Low Risk,0,"Consider approval, subject to lender policy"
22,40000,RENT,4.0,VENTURE,12000,0.3,0,3,8000.0,0.07360204140121838,Low Risk,0,"Consider approval, subject to lender policy"
29,82000,OWN,5.0,PERSONAL,21000,0.26,1,5,13666.666666666666,0.04799011648455294,Low Risk,0,"Consider approval, subject to lender policy"
30,32000,RENT,15.0,VENTURE,11500,0.36,0,6,2000.0,0.958224072576632,Very High Risk,1,High-risk application; apply lender policy
24,65000,OWN,6.0,EDUCATION,3500,0.05,0,4,9285.714285714286,0.012533430477294653,Low Risk,0,"Consider approval, subject to lender policy"
29,61240,MORTGAGE,4.0,VENTURE,7000,0.11,1,7,12248.0,0.10100443742060083,Low Risk,0,"Consider approval, subject to lender policy"
35,21340,RENT,0.0,DEBTCONSOLIDATION,8000,0.37,0,7,21340.0,0.969434465730302,Very High Risk,1,High-risk application; apply lender policy
24,50000,RENT,0.0,EDUCATION,8000,0.16,0,4,50000.0,0.10166370855928794,Low Risk,0,"Consider approval, subject to lender policy"
27,76000,MORTGAGE,2.0,DEBTCONSOLIDATION,10000,0.13,0,9,25333.333333333332,0.10446810182831921,Low Risk,0,"Consider approval, subject to lender policy"
23,59497,RENT,0.0,MEDICAL,20000,0.29,0,3,59497.0,0.359237389463108,High Risk,1,Additional assessment required
40,50000,MORTGAGE,1.0,PERSONAL,12000,0.24,0,17,25000.0,0.09365015515488104,Low Risk,0,"Consider approval, subject to lender policy"
27,44400,MORTGAGE,10.0,VENTURE,4000,0.09,1,7,4036.3636363636365,0.1262982992906761,Low Risk,1,"Consider approval, subject to lender policy"
22,70000,RENT,4.0,EDUCATION,9000,0.13,0,2,14000.0,0.06007492481055897,Low Risk,0,"Consider approval, subject to lender policy"
30,45600,MORTGAGE,5.0,HOMEIMPROVEMENT,5000,0.11,0,8,7600.0,0.11015041395447007,Low Risk,0,"Consider approval, subject to lender policy"
24,148000,RENT,0.0,DEBTCONSOLIDATION,15000,0.1,0,3,148000.0,0.12896900278848442,Low Risk,1,"Consider approval, subject to lender policy"
25,66000,RENT,9.0,VENTURE,25000,0.38,1,2,6600.0,0.9723323517925384,Very High Risk,1,High-risk application; apply lender policy
30,66000,MORTGAGE,2.0,HOMEIMPROVEMENT,12000,0.18,0,6,22000.0,0.07276833190386253,Low Risk,1,"Consider approval, subject to lender policy"
25,77700,RENT,2.0,HOMEIMPROVEMENT,14000,0.18,0,2,25900.0,0.1528319734695114,Medium Risk,0,Consider manual review
29,94000,MORTGAGE,13.0,PERSONAL,30000,0.32,0,7,6714.285714285715,0.16083105400105763,Medium Risk,0,Consider manual review
30,36000,MORTGAGE,3.0,HOMEIMPROVEMENT,2400,0.07,0,10,9000.0,0.13607082298508058,Low Risk,0,"Consider approval, subject to lender policy"
27,73000,MORTGAGE,11.0,PERSONAL,10000,0.14,0,8,6083.333333333333,0.08497103660488345,Low Risk,0,"Consider approval, subject to lender policy"
22,100000,MORTGAGE,7.0,PERSONAL,6000,0.06,0,2,12500.0,0.0422964738852415,Low Risk,0,"Consider approval, subject to lender policy"
32,56784,OWN,3.0,MEDICAL,12000,0.21,1,5,14196.0,0.0959029350512633,Low Risk,0,"Consider approval, subject to lender policy"
26,46000,RENT,3.0,MEDICAL,11000,0.24,1,3,11500.0,0.3614647475102976,High Risk,1,Additional assessment required
23,128000,MORTGAGE,4.0,EDUCATION,4800,0.04,1,2,25600.0,0.0734782490507663,Low Risk,0,"Consider approval, subject to lender policy"
24,46000,RENT,4.0,PERSONAL,9000,0.2,0,3,9200.0,0.10297075580871551,Low Risk,0,"Consider approval, subject to lender policy"
22,65000,MORTGAGE,6.0,VENTURE,6000,0.09,0,2,9285.714285714286,0.02987651477121912,Low Risk,0,"Consider approval, subject to lender policy"
29,60000,RENT,4.0,VENTURE,8000,0.13,0,5,12000.0,0.041565599707095696,Low Risk,0,"Consider approval, subject to lender policy"
22,38790,RENT,0.0,EDUCATION,4800,0.12,1,3,38790.0,0.2988535072664134,High Risk,0,Additional assessment required
26,59000,RENT,1.0,HOMEIMPROVEMENT,12000,0.2,0,4,29500.0,0.2673285361947138,High Risk,1,Additional assessment required
37,86000,RENT,0.0,PERSONAL,6000,0.07,0,17,86000.0,0.08273698179585111,Low Risk,0,"Consider approval, subject to lender policy"
41,35000,MORTGAGE,18.0,DEBTCONSOLIDATION,1500,0.04,0,12,1842.1052631578948,0.11489885917957907,Low Risk,0,"Consider approval, subject to lender policy"
26,76250,RENT,6.0,VENTURE,10000,0.13,0,3,10892.857142857143,0.042921317392724305,Low Risk,0,"Consider approval, subject to lender policy"
42,78000,MORTGAGE,6.0,EDUCATION,20000,0.26,0,11,11142.857142857143,0.09282263184027643,Low Risk,0,"Consider approval, subject to lender policy"
21,20000,RENT,4.0,MEDICAL,8000,0.4,0,4,4000.0,0.9723224912321474,Very High Risk,1,High-risk application; apply lender policy
33,30000,RENT,0.0,DEBTCONSOLIDATION,1600,0.05,0,9,30000.0,0.22401083731048227,Medium Risk,0,Consider manual review
24,12000,OWN,4.0,PERSONAL,2500,0.21,0,4,2400.0,0.9345785394977216,Very High Risk,1,High-risk application; apply lender policy
24,35000,RENT,0.0,VENTURE,6000,0.17,1,4,35000.0,0.2825944064275634,High Risk,0,Additional assessment required
35,36000,MORTGAGE,4.0,EDUCATION,16000,0.44,0,8,7200.0,0.16542074185296182,Medium Risk,1,Consider manual review
35,50000,RENT,4.0,PERSONAL,7000,0.14,0,9,10000.0,0.0974288286804712,Low Risk,0,"Consider approval, subject to lender policy"
48,41500,RENT,3.0,MEDICAL,5000,0.12,0,16,10375.0,0.1397440705597428,Low Risk,0,"Consider approval, subject to lender policy"
27,83300,RENT,11.0,MEDICAL,20000,0.2,1,5,6941.666666666667,0.350766714023388,High Risk,1,Additional assessment required
27,51298,RENT,11.0,VENTURE,1000,0.02,0,9,4274.833333333333,0.04924440996708331,Low Risk,0,"Consider approval, subject to lender policy"
44,38400,MORTGAGE,9.0,HOMEIMPROVEMENT,2500,0.07,0,17,3840.0,0.14525826292661972,Low Risk,0,"Consider approval, subject to lender policy"
22,36000,RENT,4.0,MEDICAL,4200,0.12,0,2,7200.0,0.15523368781550065,Medium Risk,1,Consider manual review
23,215000,MORTGAGE,7.0,MEDICAL,35000,0.16,1,3,26875.0,0.5143358073468481,Very High Risk,0,High-risk application; apply lender policy
21,15000,RENT,0.0,PERSONAL,3600,0.24,0,2,15000.0,0.9484457237988944,Very High Risk,1,High-risk application; apply lender policy
50,81510,MORTGAGE,6.0,MEDICAL,5000,0.06,0,14,11644.285714285714,0.07580610979984531,Low Risk,0,"Consider approval, subject to lender policy"
28,71874,RENT,6.0,DEBTCONSOLIDATION,20000,0.28,0,6,10267.714285714286,0.1832707996906649,Medium Risk,0,Consider manual review
35,88000,MORTGAGE,18.0,MEDICAL,9800,0.11,0,10,4631.578947368421,0.08691850571613866,Low Risk,0,"Consider approval, subject to lender policy"
21,45000,MORTGAGE,5.0,EDUCATION,18000,0.4,0,4,7500.0,0.15679965069376095,Medium Risk,0,Consider manual review
36,124000,MORTGAGE,2.0,DEBTCONSOLIDATION,2000,0.02,1,16,41333.333333333336,0.2451316485185335,Medium Risk,0,Consider manual review
24,45000,MORTGAGE,4.0,MEDICAL,1500,0.03,0,2,9000.0,0.16130689592261646,Medium Risk,0,Consider manual review
27,140000,MORTGAGE,4.0,PERSONAL,2800,0.02,0,9,28000.0,0.0388780008619184,Low Risk,0,"Consider approval, subject to lender policy"
26,92000,RENT,0.0,VENTURE,6000,0.07,0,3,92000.0,0.06637743698541099,Low Risk,1,"Consider approval, subject to lender policy"
22,91000,OWN,5.0,EDUCATION,15000,0.16,0,3,15166.666666666666,0.011419498952359842,Low Risk,0,"Consider approval, subject to lender policy"
24,48996,RENT,5.0,MEDICAL,5000,0.1,1,4,8166.0,0.31641883690072947,High Risk,0,Additional assessment required
33,42000,RENT,3.0,DEBTCONSOLIDATION,12000,0.29,0,7,10500.0,0.18310433701989515,Medium Risk,0,Consider manual review
31,73000,MORTGAGE,9.0,DEBTCONSOLIDATION,18000,0.25,1,10,7300.0,0.5716709549799394,Very High Risk,1,High-risk application; apply lender policy
23,55392,RENT,3.0,MEDICAL,20000,0.31,1,4,13848.0,0.97665643956852,Very High Risk,1,High-risk application; apply lender policy
33,59000,MORTGAGE,6.0,HOMEIMPROVEMENT,5500,0.09,0,9,8428.57142857143,0.1258816776880507,Low Risk,0,"Consider approval, subject to lender policy"
33,115000,RENT,9.0,HOMEIMPROVEMENT,7500,0.07,1,8,11500.0,0.16685606492910607,Medium Risk,0,Consider manual review
27,75000,RENT,1.0,HOMEIMPROVEMENT,20000,0.27,0,6,37500.0,0.2757846484197592,High Risk,0,Additional assessment required
30,240000,MORTGAGE,8.0,VENTURE,28000,0.12,1,7,26666.666666666668,0.13269405842289914,Low Risk,0,"Consider approval, subject to lender policy"
25,69000,RENT,3.0,DEBTCONSOLIDATION,10000,0.14,1,2,17250.0,0.4440273679855462,High Risk,1,Additional assessment required
40,50000,MORTGAGE,5.0,HOMEIMPROVEMENT,6000,0.12,1,16,8333.333333333334,0.21084941752783426,Medium Risk,0,Consider manual review
28,62000,RENT,2.0,MEDICAL,12800,0.21,1,5,20666.666666666668,0.3635373591127166,High Risk,0,Additional assessment required
35,78862,MORTGAGE,14.0,EDUCATION,25000,0.32,1,9,5257.466666666666,0.22247664594997857,Medium Risk,0,Consider manual review
31,34000,RENT,2.0,MEDICAL,2400,0.07,0,5,11333.333333333334,0.31774960687456383,High Risk,0,Additional assessment required
25,25000,RENT,3.0,MEDICAL,6325,0.25,0,4,6250.0,0.1838145622087523,Medium Risk,0,Consider manual review
30,86000,MORTGAGE,7.0,DEBTCONSOLIDATION,10000,0.12,0,10,10750.0,0.07658645700892296,Low Risk,0,"Consider approval, subject to lender policy"
27,114000,MORTGAGE,7.0,EDUCATION,20000,0.18,1,8,14250.0,0.11786344979340767,Low Risk,0,"Consider approval, subject to lender policy"
27,33200,RENT,0.0,MEDICAL,10000,0.3,0,5,33200.0,0.3001769398188224,High Risk,0,Additional assessment required
24,38500,RENT,0.0,MEDICAL,5000,0.13,0,2,38500.0,0.14398938435933234,Low Risk,1,"Consider approval, subject to lender policy"
25,162000,RENT,9.0,PERSONAL,25000,0.15,0,2,16200.0,0.11002511131663424,Low Risk,0,"Consider approval, subject to lender policy"
24,35000,RENT,8.0,PERSONAL,5000,0.14,0,3,3888.8888888888887,0.08734729501916502,Low Risk,0,"Consider approval, subject to lender policy"
22,80000,MORTGAGE,5.0,VENTURE,9500,0.12,0,3,13333.333333333334,0.018440904241761816,Low Risk,0,"Consider approval, subject to lender policy"
24,66996,MORTGAGE,8.0,MEDICAL,1000,0.01,0,4,7444.0,0.12471426765170103,Low Risk,0,"Consider approval, subject to lender policy"
24,62000,RENT,3.0,HOMEIMPROVEMENT,10000,0.16,1,3,15500.0,0.2564697743741716,High Risk,0,Additional assessment required
23,84000,RENT,0.0,MEDICAL,15000,0.18,0,3,84000.0,0.16947679064059068,Medium Risk,0,Consider manual review
26,62000,MORTGAGE,0.0,PERSONAL,12000,0.19,0,2,62000.0,0.06689448732921927,Low Risk,0,"Consider approval, subject to lender policy"
41,71000,MORTGAGE,1.0,DEBTCONSOLIDATION,12000,0.17,0,15,35500.0,0.09712719604726014,Low Risk,0,"Consider approval, subject to lender policy"
36,25000,MORTGAGE,0.0,MEDICAL,3000,0.12,0,14,25000.0,0.17924036422486628,Medium Risk,0,Consider manual review
35,31732,MORTGAGE,0.0,DEBTCONSOLIDATION,8000,0.25,0,5,31732.0,0.2371264215835898,Medium Risk,1,Consider manual review
23,80000,MORTGAGE,1.0,EDUCATION,15000,0.19,0,4,40000.0,0.05387112496812728,Low Risk,0,"Consider approval, subject to lender policy"
37,26400,RENT,0.0,MEDICAL,10000,0.38,1,12,26400.0,0.9810993829154383,Very High Risk,1,High-risk application; apply lender policy
23,75000,RENT,7.0,EDUCATION,18000,0.24,1,4,9375.0,0.1688028724957317,Medium Risk,0,Consider manual review
25,130000,MORTGAGE,2.0,VENTURE,12000,0.09,0,2,43333.333333333336,0.030298828308573462,Low Risk,0,"Consider approval, subject to lender policy"
23,130000,MORTGAGE,1.0,EDUCATION,15000,0.12,1,4,65000.0,0.15131658605818205,Medium Risk,0,Consider manual review
32,98000,MORTGAGE,16.0,DEBTCONSOLIDATION,15000,0.15,0,5,5764.705882352941,0.09252544021069113,Low Risk,1,"Consider approval, subject to lender policy"
28,22000,OWN,5.0,EDUCATION,8000,0.36,0,5,3666.6666666666665,0.03579386719144815,Low Risk,0,"Consider approval, subject to lender policy"
39,24000,RENT,1.0,MEDICAL,8500,0.35,0,12,12000.0,0.9711288053039946,Very High Risk,1,High-risk application; apply lender policy
23,76000,MORTGAGE,7.0,MEDICAL,3600,0.05,0,3,9500.0,0.10753788399357432,Low Risk,0,"Consider approval, subject to lender policy"
27,69805,RENT,3.0,VENTURE,12000,0.17,0,9,17451.25,0.04475191421749362,Low Risk,0,"Consider approval, subject to lender policy"
24,150000,MORTGAGE,8.0,EDUCATION,25000,0.17,0,2,16666.666666666668,0.07411612382982519,Low Risk,0,"Consider approval, subject to lender policy"
25,90000,MORTGAGE,9.0,PERSONAL,10000,0.11,0,2,9000.0,0.041591716638245346,Low Risk,0,"Consider approval, subject to lender policy"
24,34600,MORTGAGE,2.0,DEBTCONSOLIDATION,4000,0.12,0,2,11533.333333333334,0.2980157975121287,High Risk,0,Additional assessment required
21,44000,RENT,0.0,EDUCATION,12875,0.29,0,2,44000.0,0.16324291579095232,Medium Risk,1,Consider manual review
25,50000,MORTGAGE,4.0,PERSONAL,6000,0.12,0,3,10000.0,0.07459986602092307,Low Risk,0,"Consider approval, subject to lender policy"
34,40000,RENT,3.0,MEDICAL,25000,0.63,0,8,10000.0,0.9867113561882884,Very High Risk,1,High-risk application; apply lender policy
38,60000,RENT,2.0,PERSONAL,24000,0.4,0,16,20000.0,0.9736078362510632,Very High Risk,1,High-risk application; apply lender policy
33,400000,MORTGAGE,9.0,MEDICAL,15000,0.04,0,6,40000.0,0.0959611377938148,Low Risk,0,"Consider approval, subject to lender policy"
26,50648,MORTGAGE,8.0,PERSONAL,8000,0.16,0,4,5627.555555555556,0.08530257819718508,Low Risk,0,"Consider approval, subject to lender policy"
29,60000,RENT,3.0,EDUCATION,1500,0.03,0,9,15000.0,0.06363591072120627,Low Risk,0,"Consider approval, subject to lender policy"
33,101000,MORTGAGE,8.0,HOMEIMPROVEMENT,5000,0.05,0,7,11222.222222222223,0.040768281027077385,Low Risk,0,"Consider approval, subject to lender policy"
24,45600,RENT,2.0,VENTURE,18250,0.4,0,4,15200.0,0.9701575729666734,Very High Risk,1,High-risk application; apply lender policy
23,30000,RENT,2.0,HOMEIMPROVEMENT,10000,0.33,1,4,10000.0,0.9976998206456279,Very High Risk,1,High-risk application; apply lender policy
42,72000,MORTGAGE,20.0,HOMEIMPROVEMENT,8400,0.12,0,11,3428.5714285714284,0.10015642760205609,Low Risk,0,"Consider approval, subject to lender policy"
21,33280,RENT,0.0,VENTURE,6000,0.18,1,2,33280.0,0.48161136645703245,Very High Risk,0,High-risk application; apply lender policy
35,82863,RENT,14.0,VENTURE,11000,0.13,0,6,5524.2,0.0355362084466622,Low Risk,0,"Consider approval, subject to lender policy"
24,50400,RENT,8.0,DEBTCONSOLIDATION,1500,0.03,0,4,5600.0,0.12782873323352834,Low Risk,0,"Consider approval, subject to lender policy"
33,113000,MORTGAGE,15.0,MEDICAL,5000,0.04,1,9,7062.5,0.24247358232485233,Medium Risk,0,Consider manual review
30,160000,MORTGAGE,4.0,EDUCATION,7000,0.04,0,5,32000.0,0.03849629717854649,Low Risk,0,"Consider approval, subject to lender policy"
27,73200,MORTGAGE,5.0,PERSONAL,18000,0.25,0,8,12200.0,0.09433896382778141,Low Risk,0,"Consider approval, subject to lender policy"
26,145992,MORTGAGE,0.0,PERSONAL,20000,0.14,1,2,145992.0,0.21738225438665615,Medium Risk,0,Consider manual review
22,13440,RENT,1.0,MEDICAL,4800,0.36,0,4,6720.0,0.9918779821510821,Very High Risk,1,High-risk application; apply lender policy
33,30000,MORTGAGE,17.0,HOMEIMPROVEMENT,10000,0.33,0,6,1666.6666666666667,0.2674440277196697,High Risk,0,Additional assessment required
30,95000,MORTGAGE,6.0,DEBTCONSOLIDATION,12000,0.13,0,6,13571.42857142857,0.075301308758181,Low Risk,0,"Consider approval, subject to lender policy"
35,36000,RENT,1.0,EDUCATION,3000,0.08,0,5,18000.0,0.13644643698101955,Low Risk,0,"Consider approval, subject to lender policy"
24,36000,RENT,1.0,PERSONAL,8000,0.22,0,4,18000.0,0.1612644500355082,Medium Risk,1,Consider manual review
21,125000,MORTGAGE,0.0,PERSONAL,10000,0.08,0,2,125000.0,0.05825898062357702,Low Risk,0,"Consider approval, subject to lender policy"
32,24000,RENT,2.0,MEDICAL,12000,0.5,0,8,8000.0,0.9706040242043061,Very High Risk,1,High-risk application; apply lender policy
25,30000,RENT,4.0,EDUCATION,2000,0.07,0,2,6000.0,0.16672016557078176,Medium Risk,0,Consider manual review
28,70000,MORTGAGE,2.0,VENTURE,5600,0.08,0,5,23333.333333333332,0.03404809914900135,Low Risk,0,"Consider approval, subject to lender policy"
28,50000,RENT,4.0,EDUCATION,10225,0.2,1,7,10000.0,0.20804280340880973,Medium Risk,0,Consider manual review
24,41004,RENT,8.0,EDUCATION,6000,0.15,0,4,4556.0,0.09978041687157398,Low Risk,0,"Consider approval, subject to lender policy"
25,80004,RENT,9.0,HOMEIMPROVEMENT,11000,0.14,0,4,8000.4,0.06105182933927836,Low Risk,0,"Consider approval, subject to lender policy"
45,107473,RENT,0.0,MEDICAL,4800,0.04,1,11,107473.0,0.27820776967055794,High Risk,0,Additional assessment required
21,24396,MORTGAGE,2.0,VENTURE,4000,0.16,0,4,8132.0,0.07329304369733401,Low Risk,0,"Consider approval, subject to lender policy"
47,178000,OWN,31.0,VENTURE,9000,0.05,0,17,5562.5,0.005809303037329982,Low Risk,0,"Consider approval, subject to lender policy"
37,53000,RENT,3.0,MEDICAL,15600,0.29,0,15,13250.0,0.21426040520620726,Medium Risk,0,Consider manual review
26,42000,RENT,10.0,DEBTCONSOLIDATION,7000,0.17,0,2,3818.181818181818,0.16208311075203305,Medium Risk,0,Consider manual review
21,48000,OWN,5.0,VENTURE,15000,0.31,0,2,8000.0,0.029693541891603302,Low Risk,0,"Consider approval, subject to lender policy"
30,51996,MORTGAGE,5.0,VENTURE,3200,0.06,0,10,8666.0,0.03274637302927331,Low Risk,0,"Consider approval, subject to lender policy"
23,19200,RENT,0.0,PERSONAL,3000,0.16,0,3,19200.0,0.9186944126054507,Very High Risk,1,High-risk application; apply lender policy
26,80004,MORTGAGE,7.0,DEBTCONSOLIDATION,7500,0.09,1,2,10000.5,0.33190775788751903,High Risk,1,Additional assessment required
27,112548,MORTGAGE,11.0,VENTURE,24000,0.21,0,5,9379.0,0.05465887872360829,Low Risk,0,"Consider approval, subject to lender policy"
26,136000,RENT,2.0,HOMEIMPROVEMENT,12000,0.09,1,3,45333.333333333336,0.29828915055776134,High Risk,0,Additional assessment required
29,25000,RENT,0.0,PERSONAL,4125,0.17,0,6,25000.0,0.17775530523822877,Medium Risk,0,Consider manual review
41,132000,MORTGAGE,3.0,DEBTCONSOLIDATION,8000,0.06,1,17,33000.0,0.30910427159121995,High Risk,0,Additional assessment required
30,35004,MORTGAGE,3.0,HOMEIMPROVEMENT,9500,0.27,0,8,8751.0,0.10206455853761796,Low Risk,0,"Consider approval, subject to lender policy"
35,30000,MORTGAGE,13.0,PERSONAL,6625,0.22,0,6,2142.8571428571427,0.14780359829540388,Low Risk,0,"Consider approval, subject to lender policy"
24,90000,MORTGAGE,4.0,HOMEIMPROVEMENT,5000,0.06,0,4,18000.0,0.037491224818969805,Low Risk,0,"Consider approval, subject to lender policy"
24,29000,RENT,1.0,MEDICAL,4000,0.14,0,3,14500.0,0.315011362721653,High Risk,1,Additional assessment required
23,14400,RENT,1.0,EDUCATION,4750,0.33,0,2,7200.0,0.991010567065023,Very High Risk,1,High-risk application; apply lender policy
31,59534,RENT,5.0,PERSONAL,15000,0.25,1,10,9922.333333333334,0.3349390305461341,High Risk,0,Additional assessment required
21,85000,RENT,2.0,VENTURE,15000,0.18,0,3,28333.333333333332,0.09007191813061047,Low Risk,0,"Consider approval, subject to lender policy"
27,75000,MORTGAGE,6.0,PERSONAL,3500,0.05,0,10,10714.285714285714,0.046156671269717744,Low Risk,0,"Consider approval, subject to lender policy"
23,294000,MORTGAGE,6.0,EDUCATION,15000,0.05,0,4,42000.0,0.040894122073696255,Low Risk,0,"Consider approval, subject to lender policy"
23,38000,RENT,5.0,VENTURE,4400,0.12,0,2,6333.333333333333,0.061168729722765554,Low Risk,0,"Consider approval, subject to lender policy"
60,45600,RENT,1.0,PERSONAL,20000,0.44,0,20,22800.0,0.9758404488247369,Very High Risk,1,High-risk application; apply lender policy
31,42500,RENT,3.0,MEDICAL,6500,0.15,0,10,10625.0,0.1397440705597428,Low Risk,0,"Consider approval, subject to lender policy"
27,144000,MORTGAGE,11.0,EDUCATION,16000,0.11,1,6,12000.0,0.10066210736773276,Low Risk,0,"Consider approval, subject to lender policy"
25,39996,MORTGAGE,7.0,VENTURE,3200,0.08,0,4,4999.5,0.031383859680927856,Low Risk,0,"Consider approval, subject to lender policy"
21,30000,RENT,0.0,DEBTCONSOLIDATION,1500,0.05,0,2,30000.0,0.23064636532409805,Medium Risk,0,Consider manual review
22,72000,RENT,0.0,VENTURE,9975,0.14,0,3,72000.0,0.0826630805650905,Low Risk,0,"Consider approval, subject to lender policy"
27,56888,RENT,8.0,HOMEIMPROVEMENT,8000,0.14,0,5,6320.888888888889,0.15815520982328696,Medium Risk,0,Consider manual review
23,10000,RENT,1.0,DEBTCONSOLIDATION,1750,0.17,1,3,5000.0,0.9615946176613541,Very High Risk,1,High-risk application; apply lender policy
30,107000,MORTGAGE,0.0,DEBTCONSOLIDATION,2500,0.02,1,6,107000.0,0.28619248862932806,High Risk,0,Additional assessment required
23,45000,RENT,7.0,VENTURE,2000,0.04,0,3,5625.0,0.051871988885720414,Low Risk,0,"Consider approval, subject to lender policy"
25,118000,MORTGAGE,8.0,HOMEIMPROVEMENT,25000,0.21,0,2,13111.111111111111,0.10987220406620408,Low Risk,0,"Consider approval, subject to lender policy"
25,53004,RENT,3.0,MEDICAL,10000,0.19,0,4,13251.0,0.13692733427034778,Low Risk,0,"Consider approval, subject to lender policy"
22,40000,MORTGAGE,3.0,MEDICAL,6700,0.17,0,4,10000.0,0.13013706591049878,Low Risk,0,"Consider approval, subject to lender policy"
23,86000,RENT,4.0,MEDICAL,14000,0.16,0,3,17200.0,0.07219212219131042,Low Risk,0,"Consider approval, subject to lender policy"
41,58000,MORTGAGE,6.0,DEBTCONSOLIDATION,5200,0.09,0,11,8285.714285714286,0.13121570179799094,Low Risk,0,"Consider approval, subject to lender policy"
43,45996,MORTGAGE,2.0,EDUCATION,6300,0.14,0,14,15332.0,0.08474311008261862,Low Risk,0,"Consider approval, subject to lender policy"
23,60000,RENT,1.0,PERSONAL,5600,0.09,0,2,30000.0,0.09422759387658973,Low Risk,0,"Consider approval, subject to lender policy"
28,20000,RENT,5.0,DEBTCONSOLIDATION,4000,0.2,0,9,3333.3333333333335,0.18815749349246327,Medium Risk,0,Consider manual review
45,47000,RENT,4.0,MEDICAL,2800,0.06,0,11,9400.0,0.13438877404335361,Low Risk,0,"Consider approval, subject to lender policy"
23,73000,RENT,0.0,EDUCATION,10000,0.14,0,3,73000.0,0.12632154107468715,Low Risk,1,"Consider approval, subject to lender policy"
28,78200,MORTGAGE,12.0,MEDICAL,20000,0.22,1,5,6015.384615384615,0.5079518724593268,Very High Risk,1,High-risk application; apply lender policy
25,45000,OWN,0.0,EDUCATION,6500,0.14,1,2,45000.0,0.03354838438344064,Low Risk,0,"Consider approval, subject to lender policy"
21,76000,MORTGAGE,6.0,MEDICAL,14000,0.18,0,3,10857.142857142857,0.11718581965222422,Low Risk,0,"Consider approval, subject to lender policy"
27,80000,RENT,3.0,DEBTCONSOLIDATION,7500,0.09,0,5,20000.0,0.06406099535179896,Low Risk,0,"Consider approval, subject to lender policy"
21,15300,OWN,5.0,MEDICAL,2500,0.16,0,2,2550.0,0.963571757851607,Very High Risk,1,High-risk application; apply lender policy
22,50000,MORTGAGE,2.0,MEDICAL,22000,0.44,0,4,16666.666666666668,0.3342469905126182,High Risk,0,Additional assessment required
37,52000,MORTGAGE,3.0,DEBTCONSOLIDATION,6000,0.12,0,16,13000.0,0.1255855556948927,Low Risk,0,"Consider approval, subject to lender policy"
24,37000,MORTGAGE,8.0,VENTURE,10000,0.27,0,4,4111.111111111111,0.05722338966967739,Low Risk,0,"Consider approval, subject to lender policy"
30,54000,RENT,2.0,VENTURE,4800,0.09,0,8,18000.0,0.10826099613894276,Low Risk,0,"Consider approval, subject to lender policy"
25,40000,RENT,9.0,PERSONAL,13000,0.33,0,3,4000.0,0.9463207894386807,Very High Risk,1,High-risk application; apply lender policy
33,100000,MORTGAGE,1.0,EDUCATION,25000,0.25,0,9,50000.0,0.12681542115832653,Low Risk,0,"Consider approval, subject to lender policy"
31,24000,RENT,2.0,PERSONAL,3000,0.13,0,8,8000.0,0.18245120193764577,Medium Risk,0,Consider manual review
30,85000,RENT,5.0,MEDICAL,4200,0.05,0,6,14166.666666666666,0.06283298989945708,Low Risk,0,"Consider approval, subject to lender policy"
21,26000,RENT,4.0,EDUCATION,7750,0.3,1,3,5200.0,0.30257536074311875,High Risk,0,Additional assessment required
35,72000,MORTGAGE,2.0,DEBTCONSOLIDATION,10750,0.15,0,9,24000.0,0.09663655354689589,Low Risk,0,"Consider approval, subject to lender policy"
22,35000,MORTGAGE,6.0,DEBTCONSOLIDATION,9500,0.27,0,3,5000.0,0.13278195691235511,Low Risk,0,"Consider approval, subject to lender policy"
28,101000,MORTGAGE,7.0,PERSONAL,6000,0.06,0,9,12625.0,0.03813955792488234,Low Risk,0,"Consider approval, subject to lender policy"
40,71000,MORTGAGE,5.0,EDUCATION,7000,0.1,1,12,11833.333333333334,0.12220891429683885,Low Risk,0,"Consider approval, subject to lender policy"
23,86000,RENT,6.0,EDUCATION,13000,0.15,0,3,12285.714285714286,0.04499552515813386,Low Risk,0,"Consider approval, subject to lender policy"
27,80000,RENT,8.0,HOMEIMPROVEMENT,12800,0.16,1,6,8888.888888888889,0.16347782097182983,Medium Risk,0,Consider manual review
34,52000,MORTGAGE,15.0,PERSONAL,8000,0.15,0,7,3250.0,0.08530257819718508,Low Risk,0,"Consider approval, subject to lender policy"
25,40800,MORTGAGE,9.0,MEDICAL,9700,0.24,0,4,4080.0,0.17392911675714326,Medium Risk,0,Consider manual review
22,60000,MORTGAGE,1.0,PERSONAL,7500,0.13,0,4,30000.0,0.06725575424168496,Low Risk,0,"Consider approval, subject to lender policy"
28,45000,MORTGAGE,6.0,DEBTCONSOLIDATION,10000,0.22,0,10,6428.571428571428,0.14911993032048085,Low Risk,0,"Consider approval, subject to lender policy"
24,65000,MORTGAGE,8.0,DEBTCONSOLIDATION,6600,0.1,0,2,7222.222222222223,0.12091638912363892,Low Risk,0,"Consider approval, subject to lender policy"
27,72000,MORTGAGE,11.0,PERSONAL,5000,0.07,0,10,6000.0,0.05687853456319553,Low Risk,1,"Consider approval, subject to lender policy"
31,100000,MORTGAGE,11.0,HOMEIMPROVEMENT,8000,0.08,0,7,8333.333333333334,0.040768281027077385,Low Risk,0,"Consider approval, subject to lender policy"
22,53774,MORTGAGE,6.0,DEBTCONSOLIDATION,8600,0.16,0,2,7682.0,0.14253751917663643,Low Risk,1,"Consider approval, subject to lender policy"
27,56000,RENT,5.0,HOMEIMPROVEMENT,20000,0.36,0,10,9333.333333333334,0.9613019128633026,Very High Risk,1,High-risk application; apply lender policy
25,36000,RENT,6.0,PERSONAL,15000,0.42,0,4,5142.857142857143,0.9586215921754405,Very High Risk,1,High-risk application; apply lender policy
24,54000,MORTGAGE,6.0,HOMEIMPROVEMENT,6300,0.12,1,2,7714.285714285715,0.2650468121300156,High Risk,1,Additional assessment required
22,42000,RENT,3.0,DEBTCONSOLIDATION,1000,0.02,0,3,10500.0,0.1298623313205222,Low Risk,0,"Consider approval, subject to lender policy"
23,54000,MORTGAGE,7.0,MEDICAL,6000,0.11,0,4,6750.0,0.1807789582448701,Medium Risk,0,Consider manual review
30,39750,MORTGAGE,3.0,HOMEIMPROVEMENT,1425,0.04,0,5,9937.5,0.16069769577719223,Medium Risk,0,Consider manual review
36,25000,MORTGAGE,0.0,HOMEIMPROVEMENT,3000,0.12,0,12,25000.0,0.40029361552865783,High Risk,0,Additional assessment required
24,47000,MORTGAGE,9.0,VENTURE,9600,0.2,0,2,4700.0,0.05581708408576558,Low Risk,0,"Consider approval, subject to lender policy"
24,45000,MORTGAGE,3.0,EDUCATION,1275,0.03,0,4,11250.0,0.0728799050267041,Low Risk,0,"Consider approval, subject to lender policy"
23,46000,RENT,3.0,MEDICAL,15000,0.33,0,4,11500.0,0.9723889479675191,Very High Risk,1,High-risk application; apply lender policy
31,65000,RENT,2.0,EDUCATION,6000,0.09,0,6,21666.666666666668,0.08285931762779526,Low Risk,0,"Consider approval, subject to lender policy"
28,48000,OWN,1.0,HOMEIMPROVEMENT,12000,0.25,0,10,24000.0,0.019948483149199735,Low Risk,0,"Consider approval, subject to lender policy"
39,97000,RENT,15.0,DEBTCONSOLIDATION,3000,0.03,0,13,6062.5,0.07097124708572891,Low Risk,0,"Consider approval, subject to lender policy"
23,49270,RENT,7.0,DEBTCONSOLIDATION,17500,0.36,0,4,6158.75,0.9700698195046451,Very High Risk,1,High-risk application; apply lender policy
25,72000,RENT,2.0,DEBTCONSOLIDATION,8000,0.11,0,4,24000.0,0.10022946328250767,Low Risk,0,"Consider approval, subject to lender policy"
27,78000,MORTGAGE,6.0,VENTURE,15275,0.2,0,6,11142.857142857143,0.05474691275809212,Low Risk,0,"Consider approval, subject to lender policy"
30,119000,MORTGAGE,14.0,PERSONAL,25000,0.21,1,8,7933.333333333333,0.25231706786328384,High Risk,0,Additional assessment required
29,60000,OWN,1.0,PERSONAL,10000,0.17,0,10,30000.0,0.01566610629477924,Low Risk,0,"Consider approval, subject to lender policy"
22,55000,RENT,2.0,EDUCATION,6000,0.11,0,3,18333.333333333332,0.11065341073462169,Low Risk,0,"Consider approval, subject to lender policy"
40,74004,MORTGAGE,12.0,VENTURE,7125,0.1,0,14,5692.615384615385,0.043011014946734434,Low Risk,0,"Consider approval, subject to lender policy"
22,97000,MORTGAGE,4.0,PERSONAL,5000,0.05,0,4,19400.0,0.03813955792488234,Low Risk,0,"Consider approval, subject to lender policy"
26,51356,RENT,4.0,DEBTCONSOLIDATION,6000,0.12,0,4,10271.2,0.11897120330365925,Low Risk,0,"Consider approval, subject to lender policy"
22,33000,RENT,3.0,MEDICAL,4800,0.15,0,4,8250.0,0.22903671672407572,Medium Risk,0,Consider manual review
28,288000,MORTGAGE,12.0,VENTURE,18000,0.06,1,9,22153.846153846152,0.08423495321862202,Low Risk,1,"Consider approval, subject to lender policy"
26,90000,MORTGAGE,10.0,PERSONAL,13000,0.14,0,3,8181.818181818182,0.03750135232372642,Low Risk,0,"Consider approval, subject to lender policy"
28,113300,MORTGAGE,12.0,VENTURE,18000,0.16,0,6,8715.384615384615,0.024627426408055014,Low Risk,0,"Consider approval, subject to lender policy"
30,150000,MORTGAGE,8.0,PERSONAL,5000,0.03,0,9,16666.666666666668,0.037269188601257115,Low Risk,0,"Consider approval, subject to lender policy"
25,62400,MORTGAGE,4.0,HOMEIMPROVEMENT,2000,0.03,0,4,12480.0,0.06326337405137807,Low Risk,0,"Consider approval, subject to lender policy"
30,71000,RENT,8.0,VENTURE,8000,0.11,0,8,7888.888888888889,0.04005389194231798,Low Risk,0,"Consider approval, subject to lender policy"
32,42000,RENT,6.0,PERSONAL,4000,0.1,0,5,6000.0,0.10581399035446427,Low Risk,0,"Consider approval, subject to lender policy"
40,233000,MORTGAGE,6.0,MEDICAL,15000,0.06,0,15,33285.71428571428,0.10372322325884052,Low Risk,0,"Consider approval, subject to lender policy"
24,62000,RENT,8.0,PERSONAL,8850,0.14,0,3,6888.888888888889,0.07847901020076475,Low Risk,0,"Consider approval, subject to lender policy"
35,72000,MORTGAGE,4.0,MEDICAL,15000,0.21,0,6,14400.0,0.14189675270142593,Low Risk,0,"Consider approval, subject to lender policy"
26,49992,MORTGAGE,10.0,DEBTCONSOLIDATION,6000,0.12,0,2,4544.727272727273,0.15497276832606874,Medium Risk,0,Consider manual review
23,75996,MORTGAGE,7.0,MEDICAL,15000,0.2,0,2,9499.5,0.16928366929129926,Medium Risk,0,Consider manual review
22,45000,OWN,4.0,PERSONAL,7000,0.16,0,3,9000.0,0.014117828719576089,Low Risk,0,"Consider approval, subject to lender policy"
32,42000,RENT,0.0,DEBTCONSOLIDATION,8400,0.2,0,9,42000.0,0.14730999127449168,Low Risk,0,"Consider approval, subject to lender policy"
26,108000,RENT,2.0,PERSONAL,25000,0.23,0,2,36000.0,0.24453213655844003,Medium Risk,1,Consider manual review
22,30000,RENT,2.0,EDUCATION,9000,0.3,0,3,10000.0,0.28131120607879223,High Risk,0,Additional assessment required
31,24000,RENT,3.0,EDUCATION,6000,0.25,0,5,6000.0,0.1339097184419694,Low Risk,0,"Consider approval, subject to lender policy"
22,38000,RENT,2.0,EDUCATION,1500,0.04,1,2,12666.666666666666,0.2982781187599988,High Risk,0,Additional assessment required
29,31836,RENT,2.0,EDUCATION,6400,0.2,1,5,10612.0,0.42506265539751437,High Risk,1,Additional assessment required
28,70000,RENT,2.0,MEDICAL,15000,0.21,0,7,23333.333333333332,0.16652019252518319,Medium Risk,0,Consider manual review
28,52000,OWN,6.0,HOMEIMPROVEMENT,14000,0.27,0,10,7428.571428571428,0.02145344135935755,Low Risk,0,"Consider approval, subject to lender policy"
40,145000,MORTGAGE,5.0,DEBTCONSOLIDATION,15000,0.1,0,15,24166.666666666668,0.08349674567564666,Low Risk,0,"Consider approval, subject to lender policy"
31,55000,MORTGAGE,9.0,DEBTCONSOLIDATION,8000,0.15,0,9,5500.0,0.1494821643500005,Low Risk,0,"Consider approval, subject to lender policy"
28,60000,OWN,12.0,EDUCATION,7000,0.12,0,7,4615.384615384615,0.013704156342727694,Low Risk,0,"Consider approval, subject to lender policy"
22,54500,MORTGAGE,6.0,EDUCATION,7500,0.14,0,3,7785.714285714285,0.0743703619146872,Low Risk,0,"Consider approval, subject to lender policy"
32,39000,MORTGAGE,7.0,HOMEIMPROVEMENT,2800,0.07,1,6,4875.0,0.36175747437471134,High Risk,1,Additional assessment required
32,34000,MORTGAGE,5.0,PERSONAL,4000,0.12,0,6,5666.666666666667,0.2041650351719111,Medium Risk,0,Consider manual review
23,30000,RENT,8.0,EDUCATION,10625,0.35,0,4,3333.3333333333335,0.960712508292518,Very High Risk,1,High-risk application; apply lender policy
27,60000,MORTGAGE,3.0,PERSONAL,5000,0.08,0,6,15000.0,0.055662041742779,Low Risk,0,"Consider approval, subject to lender policy"
25,45000,RENT,0.0,MEDICAL,12000,0.27,0,4,45000.0,0.18661745745880168,Medium Risk,0,Consider manual review
24,50000,MORTGAGE,8.0,HOMEIMPROVEMENT,9000,0.18,0,2,5555.555555555556,0.11534424588685195,Low Risk,0,"Consider approval, subject to lender policy"
40,53000,RENT,2.0,MEDICAL,3000,0.06,0,15,17666.666666666668,0.13232885914352877,Low Risk,0,"Consider approval, subject to lender policy"
24,35000,RENT,1.0,DEBTCONSOLIDATION,10000,0.29,0,4,17500.0,0.15512481444175527,Medium Risk,0,Consider manual review
21,24000,RENT,5.0,DEBTCONSOLIDATION,13000,0.54,0,2,4000.0,0.975017501886846,Very High Risk,1,High-risk application; apply lender policy
27,40000,RENT,10.0,DEBTCONSOLIDATION,10000,0.25,0,5,3636.3636363636365,0.12581966298453776,Low Risk,0,"Consider approval, subject to lender policy"
35,130000,RENT,17.0,EDUCATION,12000,0.09,0,6,7222.222222222223,0.04842757924460977,Low Risk,0,"Consider approval, subject to lender policy"
42,36000,RENT,0.0,MEDICAL,11000,0.31,1,16,36000.0,0.9711326878385883,Very High Risk,1,High-risk application; apply lender policy
36,32000,OWN,0.0,EDUCATION,1200,0.04,0,16,32000.0,0.025042904678073248,Low Risk,0,"Consider approval, subject to lender policy"
27,68000,RENT,0.0,DEBTCONSOLIDATION,10000,0.15,0,5,68000.0,0.1204174679558837,Low Risk,0,"Consider approval, subject to lender policy"
33,100000,MORTGAGE,1.0,HOMEIMPROVEMENT,25000,0.25,0,8,50000.0,0.1333721135670094,Low Risk,0,"Consider approval, subject to lender policy"
29,71000,RENT,1.0,DEBTCONSOLIDATION,12000,0.17,1,9,35500.0,0.3978872433894427,High Risk,0,Additional assessment required
27,53000,MORTGAGE,6.0,VENTURE,5000,0.09,0,7,7571.428571428572,0.03274637302927331,Low Risk,0,"Consider approval, subject to lender policy"
25,60000,RENT,9.0,EDUCATION,12000,0.2,0,2,6000.0,0.07552201630954575,Low Risk,0,"Consider approval, subject to lender policy"
27,15600,OWN,0.0,EDUCATION,6400,0.41,0,9,15600.0,0.9736453905477502,Very High Risk,1,High-risk application; apply lender policy
22,23000,RENT,2.0,EDUCATION,7750,0.34,1,4,7666.666666666667,0.9746281252411564,Very High Risk,1,High-risk application; apply lender policy
23,60036,RENT,7.0,MEDICAL,7200,0.12,0,4,7504.5,0.10466993328581395,Low Risk,0,"Consider approval, subject to lender policy"
22,64999,MORTGAGE,6.0,VENTURE,2500,0.04,0,2,9285.57142857143,0.029129904020408444,Low Risk,0,"Consider approval, subject to lender policy"
37,12360,RENT,3.0,EDUCATION,4000,0.32,0,13,3090.0,0.9869213517594121,Very High Risk,1,High-risk application; apply lender policy
22,120000,MORTGAGE,6.0,EDUCATION,8000,0.07,0,2,17142.85714285714,0.03423074506523218,Low Risk,0,"Consider approval, subject to lender policy"
22,47000,OWN,6.0,MEDICAL,3000,0.06,0,3,6714.285714285715,0.030376092593803413,Low Risk,0,"Consider approval, subject to lender policy"
26,200004,RENT,7.0,MEDICAL,2500,0.01,1,2,25000.5,0.19559085922788655,Medium Risk,0,Consider manual review
30,40000,RENT,13.0,EDUCATION,12000,0.3,0,8,2857.1428571428573,0.1152394608879656,Low Risk,0,"Consider approval, subject to lender policy"
26,45608,OWN,8.0,HOMEIMPROVEMENT,11000,0.24,0,2,5067.555555555556,0.01963433114885375,Low Risk,0,"Consider approval, subject to lender policy"
26,55000,RENT,10.0,PERSONAL,12000,0.22,0,3,5000.0,0.10977416927823375,Low Risk,0,"Consider approval, subject to lender policy"
33,49548,RENT,6.0,PERSONAL,2800,0.06,0,8,7078.285714285715,0.10160539199377179,Low Risk,0,"Consider approval, subject to lender policy"
35,80000,RENT,7.0,VENTURE,2000,0.03,1,9,10000.0,0.08135954685210081,Low Risk,0,"Consider approval, subject to lender policy"
24,72000,MORTGAGE,2.0,EDUCATION,1000,0.01,1,3,24000.0,0.13552341058734022,Low Risk,0,"Consider approval, subject to lender policy"
22,32400,MORTGAGE,6.0,VENTURE,4200,0.13,0,4,4628.571428571428,0.07324105123639467,Low Risk,0,"Consider approval, subject to lender policy"
28,24000,OWN,3.0,PERSONAL,8000,0.33,0,5,6000.0,0.036295556128512964,Low Risk,0,"Consider approval, subject to lender policy"
26,34400,RENT,5.0,MEDICAL,4200,0.12,0,3,5733.333333333333,0.2966829756163802,High Risk,0,Additional assessment required
36,78000,MORTGAGE,7.0,PERSONAL,15000,0.19,0,16,9750.0,0.0880760346528028,Low Risk,0,"Consider approval, subject to lender policy"
21,110000,RENT,0.0,EDUCATION,3500,0.03,1,3,110000.0,0.25926219063010275,High Risk,0,Additional assessment required
29,34500,OWN,7.0,VENTURE,20000,0.58,0,10,4312.5,0.04097475798064706,Low Risk,0,"Consider approval, subject to lender policy"
59,40000,MORTGAGE,5.0,PERSONAL,3600,0.09,0,24,6666.666666666667,0.07066682060399646,Low Risk,0,"Consider approval, subject to lender policy"
47,44004,RENT,2.0,PERSONAL,8000,0.18,0,15,14668.0,0.14436238100635354,Low Risk,1,"Consider approval, subject to lender policy"
28,69000,MORTGAGE,4.0,EDUCATION,30000,0.43,1,9,13800.0,0.22367213032961614,Medium Risk,1,Consider manual review
37,103000,RENT,1.0,EDUCATION,10000,0.1,1,12,51500.0,0.16882750718880143,Medium Risk,1,Consider manual review
25,110000,MORTGAGE,1.0,DEBTCONSOLIDATION,10000,0.09,0,3,55000.0,0.08717438518943585,Low Risk,0,"Consider approval, subject to lender policy"
27,175000,MORTGAGE,7.0,MEDICAL,15000,0.09,0,8,21875.0,0.09970942742632946,Low Risk,0,"Consider approval, subject to lender policy"
28,125000,RENT,1.0,DEBTCONSOLIDATION,4000,0.03,1,5,62500.0,0.30695720585151665,High Risk,0,Additional assessment required
27,44000,RENT,5.0,VENTURE,10000,0.23,1,7,7333.333333333333,0.2203938867904348,Medium Risk,1,Consider manual review
30,29120,RENT,0.0,DEBTCONSOLIDATION,5400,0.19,0,10,29120.0,0.25380981218489357,High Risk,0,Additional assessment required
23,54996,MORTGAGE,2.0,MEDICAL,1925,0.04,0,4,18332.0,0.1395644130532003,Low Risk,0,"Consider approval, subject to lender policy"
25,45000,RENT,2.0,EDUCATION,11250,0.25,0,4,15000.0,0.134145065667468,Low Risk,0,"Consider approval, subject to lender policy"
23,46272,RENT,7.0,DEBTCONSOLIDATION,16750,0.36,0,3,5784.0,0.9700698195046451,Very High Risk,1,High-risk application; apply lender policy
34,68000,MORTGAGE,1.0,EDUCATION,15000,0.22,0,5,34000.0,0.08416507473970739,Low Risk,0,"Consider approval, subject to lender policy"
27,200000,MORTGAGE,7.0,PERSONAL,15000,0.07,0,9,25000.0,0.046328340623911474,Low Risk,0,"Consider approval, subject to lender policy"
22,60000,RENT,0.0,VENTURE,25475,0.42,0,3,60000.0,0.9798612177124759,Very High Risk,1,High-risk application; apply lender policy
25,35412,OWN,3.0,PERSONAL,5000,0.14,0,4,8853.0,0.014643446081460546,Low Risk,0,"Consider approval, subject to lender policy"
25,66000,RENT,9.0,EDUCATION,25000,0.38,0,2,6600.0,0.9656019705569464,Very High Risk,1,High-risk application; apply lender policy
31,57240,MORTGAGE,1.0,EDUCATION,10000,0.17,0,6,28620.0,0.0873723860223889,Low Risk,0,"Consider approval, subject to lender policy"
22,50000,OWN,3.0,EDUCATION,5000,0.1,0,4,12500.0,0.012003977674868813,Low Risk,0,"Consider approval, subject to lender policy"
23,48000,RENT,7.0,DEBTCONSOLIDATION,3500,0.07,0,4,6000.0,0.13405817392583916,Low Risk,0,"Consider approval, subject to lender policy"
24,34000,MORTGAGE,0.0,DEBTCONSOLIDATION,10000,0.29,0,4,34000.0,0.3378955943718691,High Risk,0,Additional assessment required
22,12000,MORTGAGE,7.0,EDUCATION,1500,0.13,1,3,1500.0,0.19388094481614848,Medium Risk,0,Consider manual review
22,70000,MORTGAGE,7.0,EDUCATION,2000,0.03,0,3,8750.0,0.04773754588132248,Low Risk,0,"Consider approval, subject to lender policy"
25,108000,MORTGAGE,5.0,VENTURE,10000,0.09,0,3,18000.0,0.020161003040072796,Low Risk,0,"Consider approval, subject to lender policy"
34,110000,OWN,9.0,HOMEIMPROVEMENT,20000,0.18,0,9,11000.0,0.014313373756799653,Low Risk,0,"Consider approval, subject to lender policy"
25,110500,RENT,9.0,VENTURE,6400,0.06,0,3,11050.0,0.026490289381504474,Low Risk,0,"Consider approval, subject to lender policy"
27,85000,RENT,0.0,VENTURE,7200,0.08,0,10,85000.0,0.06602308632414548,Low Risk,0,"Consider approval, subject to lender policy"
25,30600,RENT,0.0,MEDICAL,14500,0.47,0,3,30600.0,0.9694498685428202,Very High Risk,1,High-risk application; apply lender policy
40,100010,MORTGAGE,11.0,PERSONAL,8000,0.08,0,17,8334.166666666666,0.04077925625785892,Low Risk,0,"Consider approval, subject to lender policy"
32,36000,OWN,0.0,MEDICAL,4900,0.14,0,10,36000.0,0.02628162231277245,Low Risk,0,"Consider approval, subject to lender policy"
22,46500,MORTGAGE,0.0,DEBTCONSOLIDATION,9500,0.2,0,4,46500.0,0.1368587534558369,Low Risk,1,"Consider approval, subject to lender policy"
30,93000,MORTGAGE,14.0,MEDICAL,22500,0.24,0,9,6200.0,0.21927992862866677,Medium Risk,0,Consider manual review
23,66000,RENT,1.0,VENTURE,20000,0.3,0,3,33000.0,0.22311135102756763,Medium Risk,1,Consider manual review
23,30000,MORTGAGE,0.0,DEBTCONSOLIDATION,1000,0.03,0,4,30000.0,0.20763609534020247,Medium Risk,0,Consider manual review
33,21600,RENT,3.0,PERSONAL,10000,0.46,0,7,5400.0,0.9631335958025955,Very High Risk,1,High-risk application; apply lender policy
31,68000,OWN,1.0,VENTURE,8000,0.12,0,5,34000.0,0.009813327732690363,Low Risk,0,"Consider approval, subject to lender policy"
22,115200,RENT,0.0,DEBTCONSOLIDATION,7000,0.06,0,2,115200.0,0.09130473327760227,Low Risk,0,"Consider approval, subject to lender policy"
23,70000,RENT,2.0,EDUCATION,20500,0.29,1,3,23333.333333333332,0.45012168170350125,Very High Risk,0,High-risk application; apply lender policy
24,59000,RENT,1.0,EDUCATION,10000,0.17,0,4,29500.0,0.16408821929719594,Medium Risk,0,Consider manual review
35,80000,MORTGAGE,8.0,HOMEIMPROVEMENT,15000,0.19,0,9,8888.888888888889,0.044899837263258045,Low Risk,0,"Consider approval, subject to lender policy"
26,111000,MORTGAGE,10.0,MEDICAL,5000,0.05,0,3,10090.90909090909,0.07171883156362609,Low Risk,0,"Consider approval, subject to lender policy"
24,64000,RENT,8.0,HOMEIMPROVEMENT,8000,0.13,0,2,7111.111111111111,0.11087587381249507,Low Risk,0,"Consider approval, subject to lender policy"
25,47052,RENT,5.0,EDUCATION,21250,0.45,0,2,7842.0,0.9565919253483135,Very High Risk,1,High-risk application; apply lender policy
23,96000,OTHER,3.0,EDUCATION,12000,0.13,1,2,24000.0,0.08454364010719624,Low Risk,0,"Consider approval, subject to lender policy"
39,40000,RENT,5.0,PERSONAL,6000,0.15,0,16,6666.666666666667,0.08673261559815734,Low Risk,0,"Consider approval, subject to lender policy"
22,76500,MORTGAGE,2.0,DEBTCONSOLIDATION,15000,0.2,1,4,25500.0,0.4265131452587074,High Risk,0,Additional assessment required
27,50000,MORTGAGE,0.0,DEBTCONSOLIDATION,4000,0.08,0,6,50000.0,0.09806017035636412,Low Risk,0,"Consider approval, subject to lender policy"
47,52000,RENT,3.0,PERSONAL,6000,0.12,0,16,13000.0,0.0914718119343335,Low Risk,0,"Consider approval, subject to lender policy"
26,47000,RENT,0.0,HOMEIMPROVEMENT,25000,0.53,1,2,47000.0,0.993605113404795,Very High Risk,1,High-risk application; apply lender policy
28,165000,RENT,3.0,DEBTCONSOLIDATION,35000,0.21,0,9,41250.0,0.20440699564184986,Medium Risk,0,Consider manual review
23,72000,MORTGAGE,7.0,EDUCATION,6400,0.09,0,2,9000.0,0.047588104214742924,Low Risk,0,"Consider approval, subject to lender policy"
33,108000,MORTGAGE,17.0,HOMEIMPROVEMENT,11500,0.11,0,7,6000.0,0.0432437214315923,Low Risk,0,"Consider approval, subject to lender policy"
33,102996,MORTGAGE,4.0,DEBTCONSOLIDATION,6000,0.06,0,8,20599.2,0.06921506120804465,Low Risk,0,"Consider approval, subject to lender policy"
33,49896,RENT,8.0,MEDICAL,7000,0.14,0,9,5544.0,0.14833963632576957,Low Risk,0,"Consider approval, subject to lender policy"
32,145000,MORTGAGE,1.0,DEBTCONSOLIDATION,20000,0.14,0,8,72500.0,0.12245417582431807,Low Risk,0,"Consider approval, subject to lender policy"
23,58200,MORTGAGE,2.0,PERSONAL,13000,0.22,0,3,19400.0,0.09596593045740053,Low Risk,0,"Consider approval, subject to lender policy"
26,220836,MORTGAGE,10.0,PERSONAL,9000,0.04,0,2,20076.0,0.04298679728650926,Low Risk,0,"Consider approval, subject to lender policy"
23,45000,MORTGAGE,1.0,MEDICAL,10000,0.22,0,2,22500.0,0.15963150820375266,Medium Risk,0,Consider manual review
22,90000,RENT,4.0,EDUCATION,5000,0.06,1,4,18000.0,0.09308063777856392,Low Risk,0,"Consider approval, subject to lender policy"
23,63000,MORTGAGE,7.0,EDUCATION,20000,0.32,0,2,7875.0,0.128441355688692,Low Risk,0,"Consider approval, subject to lender policy"
24,28800,RENT,5.0,PERSONAL,8000,0.28,0,3,4800.0,0.1784127694616945,Medium Risk,0,Consider manual review
25,250000,MORTGAGE,4.0,EDUCATION,10575,0.04,0,2,50000.0,0.03537151601133287,Low Risk,0,"Consider approval, subject to lender policy"
26,67000,MORTGAGE,10.0,HOMEIMPROVEMENT,10000,0.15,0,3,6090.909090909091,0.0679213741148053,Low Risk,0,"Consider approval, subject to lender policy"
21,30000,RENT,3.0,MEDICAL,14000,0.47,0,2,7500.0,0.9733363356400472,Very High Risk,1,High-risk application; apply lender policy
26,27983,MORTGAGE,7.0,DEBTCONSOLIDATION,6000,0.21,0,3,3497.875,0.19120687705788816,Medium Risk,0,Consider manual review
39,84000,OWN,12.0,EDUCATION,9875,0.12,0,15,6461.538461538462,0.012470188932306442,Low Risk,0,"Consider approval, subject to lender policy"
36,72500,RENT,2.0,MEDICAL,10000,0.14,0,11,24166.666666666668,0.09689565948438074,Low Risk,0,"Consider approval, subject to lender policy"
29,60000,RENT,7.0,MEDICAL,12000,0.2,0,7,7500.0,0.1086344866321555,Low Risk,0,"Consider approval, subject to lender policy"
39,50760,RENT,4.0,EDUCATION,6725,0.13,0,11,10152.0,0.0850423603544757,Low Risk,0,"Consider approval, subject to lender policy"
24,48000,MORTGAGE,4.0,EDUCATION,5000,0.1,0,2,9600.0,0.07057960664197972,Low Risk,0,"Consider approval, subject to lender policy"
25,95000,RENT,4.0,EDUCATION,24000,0.25,0,2,19000.0,0.10375138585541002,Low Risk,0,"Consider approval, subject to lender policy"
27,390000,MORTGAGE,11.0,PERSONAL,10000,0.03,0,6,32500.0,0.03825743259376791,Low Risk,0,"Consider approval, subject to lender policy"
23,115000,OWN,7.0,EDUCATION,5000,0.04,0,4,14375.0,0.009961439777204505,Low Risk,0,"Consider approval, subject to lender policy"
24,57000,MORTGAGE,5.0,HOMEIMPROVEMENT,8000,0.14,0,4,9500.0,0.10178872010321825,Low Risk,0,"Consider approval, subject to lender policy"
30,75000,RENT,8.0,PERSONAL,5600,0.07,0,7,8333.333333333334,0.057776088436322814,Low Risk,0,"Consider approval, subject to lender policy"
29,148410,MORTGAGE,5.0,MEDICAL,11200,0.06,1,9,24735.0,0.24898952388237233,Medium Risk,1,Consider manual review
24,112689,MORTGAGE,6.0,PERSONAL,24000,0.21,0,4,16098.42857142857,0.08678352888702676,Low Risk,0,"Consider approval, subject to lender policy"
30,110000,RENT,9.0,HOMEIMPROVEMENT,16000,0.15,1,6,11000.0,0.19458735426218626,Medium Risk,0,Consider manual review
29,77000,MORTGAGE,3.0,PERSONAL,5000,0.06,0,7,19250.0,0.05744997420602953,Low Risk,0,"Consider approval, subject to lender policy"
24,56400,RENT,4.0,MEDICAL,8000,0.14,1,2,11280.0,0.37192221819649907,High Risk,1,Additional assessment required
25,76800,MORTGAGE,9.0,DEBTCONSOLIDATION,15000,0.2,0,2,7680.0,0.15357818512464447,Medium Risk,1,Consider manual review
25,44000,MORTGAGE,5.0,VENTURE,4000,0.09,0,4,7333.333333333333,0.04208509008175648,Low Risk,0,"Consider approval, subject to lender policy"
22,42000,RENT,0.0,VENTURE,16000,0.38,0,3,42000.0,0.9720811859595716,Very High Risk,1,High-risk application; apply lender policy
25,50000,RENT,6.0,VENTURE,8000,0.16,0,4,7142.857142857143,0.05319079279351006,Low Risk,0,"Consider approval, subject to lender policy"
24,64000,MORTGAGE,9.0,DEBTCONSOLIDATION,10000,0.16,0,4,6400.0,0.1195203027787667,Low Risk,0,"Consider approval, subject to lender policy"
26,50004,OWN,2.0,HOMEIMPROVEMENT,11000,0.22,1,4,16668.0,0.04405478833500464,Low Risk,0,"Consider approval, subject to lender policy"
24,66000,RENT,3.0,EDUCATION,25000,0.38,0,2,16500.0,0.965126483561834,Very High Risk,1,High-risk application; apply lender policy
39,96500,RENT,4.0,DEBTCONSOLIDATION,14400,0.15,0,11,19300.0,0.07092320375964349,Low Risk,1,"Consider approval, subject to lender policy"
22,72000,RENT,6.0,MEDICAL,12000,0.17,1,3,10285.714285714286,0.2924758517736943,High Risk,0,Additional assessment required
26,37500,RENT,3.0,VENTURE,10000,0.27,1,2,9375.0,0.2623037373546111,High Risk,0,Additional assessment required
25,60000,RENT,2.0,HOMEIMPROVEMENT,10000,0.17,0,2,20000.0,0.1433566543896772,Low Risk,0,"Consider approval, subject to lender policy"
22,66000,MORTGAGE,6.0,DEBTCONSOLIDATION,10000,0.15,0,3,9428.57142857143,0.111165103329842,Low Risk,0,"Consider approval, subject to lender policy"
37,528000,RENT,4.0,VENTURE,15000,0.03,0,12,105600.0,0.04556244237207156,Low Risk,0,"Consider approval, subject to lender policy"
22,32000,RENT,6.0,EDUCATION,15000,0.47,0,4,4571.428571428572,0.9616212853951333,Very High Risk,1,High-risk application; apply lender policy
28,109200,MORTGAGE,12.0,PERSONAL,8000,0.07,0,6,8400.0,0.04077925625785892,Low Risk,0,"Consider approval, subject to lender policy"
24,16800,RENT,3.0,MEDICAL,2400,0.14,1,4,4200.0,0.38318953116856314,High Risk,1,Additional assessment required
27,43200,RENT,4.0,MEDICAL,4200,0.1,0,6,8640.0,0.1397440705597428,Low Risk,0,"Consider approval, subject to lender policy"
24,46256,RENT,7.0,EDUCATION,10000,0.22,0,3,5782.0,0.1026107090431559,Low Risk,0,"Consider approval, subject to lender policy"
27,50000,RENT,0.0,PERSONAL,18000,0.36,0,9,50000.0,0.9690428512229927,Very High Risk,1,High-risk application; apply lender policy
21,45432,MORTGAGE,4.0,VENTURE,5000,0.11,0,4,9086.4,0.03452561826874474,Low Risk,0,"Consider approval, subject to lender policy"
28,33000,OWN,1.0,PERSONAL,7500,0.23,0,10,16500.0,0.030280839257511842,Low Risk,0,"Consider approval, subject to lender policy"
24,78000,MORTGAGE,8.0,DEBTCONSOLIDATION,3600,0.05,0,4,8666.666666666666,0.12838565032387145,Low Risk,0,"Consider approval, subject to lender policy"
35,27600,MORTGAGE,19.0,EDUCATION,3000,0.11,0,5,1380.0,0.10549103373083445,Low Risk,0,"Consider approval, subject to lender policy"
38,72000,MORTGAGE,8.0,DEBTCONSOLIDATION,6000,0.08,0,11,8000.0,0.10090695082303744,Low Risk,0,"Consider approval, subject to lender policy"
21,50000,MORTGAGE,5.0,MEDICAL,15000,0.3,0,4,8333.333333333334,0.20735951455882776,Medium Risk,0,Consider manual review
23,39000,RENT,3.0,PERSONAL,10000,0.26,0,3,9750.0,0.1902704311541781,Medium Risk,1,Consider manual review
50,150000,RENT,0.0,HOMEIMPROVEMENT,11200,0.07,0,11,150000.0,0.11800156743848728,Low Risk,0,"Consider approval, subject to lender policy"
26,66000,MORTGAGE,9.0,DEBTCONSOLIDATION,15000,0.23,0,2,6600.0,0.154750764311956,Medium Risk,1,Consider manual review
47,65000,RENT,1.0,MEDICAL,3100,0.05,0,16,32500.0,0.09540401855737335,Low Risk,0,"Consider approval, subject to lender policy"
29,60000,MORTGAGE,11.0,VENTURE,6000,0.1,1,10,5000.0,0.10158336772122852,Low Risk,1,"Consider approval, subject to lender policy"
23,73000,RENT,4.0,MEDICAL,6000,0.08,0,4,14600.0,0.1276714265516477,Low Risk,0,"Consider approval, subject to lender policy"
21,38000,OWN,1.0,MEDICAL,5000,0.13,0,2,19000.0,0.027265920644666576,Low Risk,0,"Consider approval, subject to lender policy"
33,55000,MORTGAGE,5.0,PERSONAL,15000,0.27,0,6,9166.666666666666,0.10798180326510014,Low Risk,0,"Consider approval, subject to lender policy"
25,41000,MORTGAGE,9.0,EDUCATION,5000,0.12,1,3,4100.0,0.16625713399638478,Medium Risk,1,Consider manual review
28,18600,RENT,4.0,MEDICAL,5000,0.27,1,9,3720.0,0.9431103392485967,Very High Risk,1,High-risk application; apply lender policy
28,75000,RENT,0.0,VENTURE,5625,0.07,0,5,75000.0,0.06619888828872757,Low Risk,0,"Consider approval, subject to lender policy"
24,35000,OWN,2.0,VENTURE,3600,0.1,0,4,11666.666666666666,0.007669497474506765,Low Risk,0,"Consider approval, subject to lender policy"
25,95000,RENT,4.0,VENTURE,15000,0.16,0,2,19000.0,0.0361930115912015,Low Risk,0,"Consider approval, subject to lender policy"
23,105999,MORTGAGE,6.0,EDUCATION,8550,0.08,0,2,15142.714285714286,0.03503273793215311,Low Risk,0,"Consider approval, subject to lender policy"
23,80500,RENT,5.0,VENTURE,7200,0.09,0,3,13416.666666666666,0.030043013305617403,Low Risk,0,"Consider approval, subject to lender policy"
21,21700,RENT,2.0,HOMEIMPROVEMENT,5500,0.25,0,2,7233.333333333333,0.9435856353890812,Very High Risk,1,High-risk application; apply lender policy
23,159996,MORTGAGE,2.0,PERSONAL,12000,0.08,0,4,53332.0,0.04401270420217294,Low Risk,0,"Consider approval, subject to lender policy"
22,70000,MORTGAGE,6.0,MEDICAL,6000,0.09,0,2,10000.0,0.10519925592685196,Low Risk,0,"Consider approval, subject to lender policy"
22,101000,MORTGAGE,7.0,EDUCATION,25000,0.25,1,3,12625.0,0.195506035843856,Medium Risk,0,Consider manual review
22,84000,MORTGAGE,6.0,PERSONAL,3900,0.05,0,4,12000.0,0.044353060916451685,Low Risk,0,"Consider approval, subject to lender policy"
27,15600,RENT,1.0,HOMEIMPROVEMENT,2250,0.14,0,6,7800.0,0.8220124791991346,Very High Risk,1,High-risk application; apply lender policy
32,110000,MORTGAGE,5.0,EDUCATION,10000,0.09,0,9,18333.333333333332,0.037764819393203176,Low Risk,0,"Consider approval, subject to lender policy"
31,200000,MORTGAGE,3.0,MEDICAL,30000,0.15,0,5,50000.0,0.17403923650439548,Medium Risk,0,Consider manual review
31,30000,RENT,0.0,HOMEIMPROVEMENT,10000,0.33,0,10,30000.0,0.9853085207410448,Very High Risk,1,High-risk application; apply lender policy
29,40777,MORTGAGE,4.0,PERSONAL,8000,0.2,1,8,8155.4,0.19758541330360171,Medium Risk,0,Consider manual review
34,54000,RENT,2.0,VENTURE,7800,0.14,0,6,18000.0,0.11785700008767143,Low Risk,1,"Consider approval, subject to lender policy"
27,75000,RENT,3.0,VENTURE,12000,0.16,0,5,18750.0,0.03437983076642469,Low Risk,0,"Consider approval, subject to lender policy"
29,140000,RENT,5.0,DEBTCONSOLIDATION,20000,0.14,1,8,23333.333333333332,0.36215881572800274,High Risk,0,Additional assessment required
25,73200,MORTGAGE,7.0,DEBTCONSOLIDATION,5000,0.07,0,2,9150.0,0.15220084592650324,Medium Risk,0,Consider manual review
32,41000,MORTGAGE,2.0,PERSONAL,8000,0.2,0,9,13666.666666666666,0.10545558230674874,Low Risk,0,"Consider approval, subject to lender policy"
26,40000,MORTGAGE,5.0,MEDICAL,16000,0.4,0,3,6666.666666666667,0.29120330469489986,High Risk,0,Additional assessment required
24,25000,RENT,3.0,PERSONAL,1600,0.06,0,3,6250.0,0.14262929247139916,Low Risk,0,"Consider approval, subject to lender policy"
22,82570,RENT,6.0,VENTURE,18000,0.22,0,2,11795.714285714286,0.04878592273252962,Low Risk,0,"Consider approval, subject to lender policy"
25,94500,MORTGAGE,5.0,HOMEIMPROVEMENT,13500,0.14,0,2,15750.0,0.04386833229953529,Low Risk,0,"Consider approval, subject to lender policy"
26,95000,MORTGAGE,9.0,EDUCATION,25000,0.26,1,2,9500.0,0.24740615311289071,Medium Risk,0,Consider manual review
25,31200,RENT,9.0,VENTURE,1500,0.05,0,2,3120.0,0.11813826613178252,Low Risk,0,"Consider approval, subject to lender policy"
25,77000,MORTGAGE,1.0,DEBTCONSOLIDATION,7200,0.09,0,2,38500.0,0.10859733425055525,Low Risk,1,"Consider approval, subject to lender policy"
24,54000,RENT,1.0,PERSONAL,20000,0.37,1,3,27000.0,0.9810661888092744,Very High Risk,1,High-risk application; apply lender policy
37,65004,MORTGAGE,5.0,MEDICAL,17000,0.26,0,13,10834.0,0.193287636733795,Medium Risk,0,Consider manual review
23,60000,RENT,1.0,MEDICAL,3000,0.05,0,4,30000.0,0.09540401855737335,Low Risk,0,"Consider approval, subject to lender policy"
25,72000,RENT,1.0,VENTURE,6000,0.08,0,3,36000.0,0.06990522238748037,Low Risk,0,"Consider approval, subject to lender policy"
48,50004,RENT,8.0,EDUCATION,4000,0.08,0,11,5556.0,0.09114788681002654,Low Risk,0,"Consider approval, subject to lender policy"
24,72000,RENT,0.0,DEBTCONSOLIDATION,16875,0.23,0,4,72000.0,0.16976900867921507,Medium Risk,0,Consider manual review
43,36480,RENT,0.0,PERSONAL,18000,0.49,0,16,36480.0,0.9717902061600475,Very High Risk,1,High-risk application; apply lender policy
25,38000,RENT,5.0,DEBTCONSOLIDATION,5200,0.14,0,3,6333.333333333333,0.1458711517449401,Low Risk,0,"Consider approval, subject to lender policy"
26,20004,RENT,2.0,EDUCATION,2000,0.1,0,3,6668.0,0.17082932362330155,Medium Risk,1,Consider manual review
30,108000,RENT,2.0,PERSONAL,10000,0.09,0,5,36000.0,0.06868854105890145,Low Risk,0,"Consider approval, subject to lender policy"
26,62000,MORTGAGE,2.0,PERSONAL,12000,0.19,0,4,20666.666666666668,0.07100168195172378,Low Risk,0,"Consider approval, subject to lender policy"
23,24000,MORTGAGE,2.0,MEDICAL,5000,0.21,1,2,8000.0,0.4774812178776304,Very High Risk,1,High-risk application; apply lender policy
33,48000,RENT,2.0,MEDICAL,1500,0.03,0,8,16000.0,0.13874271697137056,Low Risk,0,"Consider approval, subject to lender policy"
28,123000,OWN,0.0,DEBTCONSOLIDATION,22000,0.18,1,8,123000.0,0.4725786383962079,Very High Risk,1,High-risk application; apply lender policy
27,40000,RENT,11.0,VENTURE,8000,0.2,0,7,3333.3333333333335,0.059438744845165786,Low Risk,0,"Consider approval, subject to lender policy"
41,45840,RENT,5.0,PERSONAL,4600,0.1,0,16,7640.0,0.09612475381663495,Low Risk,0,"Consider approval, subject to lender policy"
42,52400,MORTGAGE,14.0,HOMEIMPROVEMENT,21000,0.4,0,13,3493.3333333333335,0.17921009390949333,Medium Risk,0,Consider manual review
28,83004,RENT,3.0,DEBTCONSOLIDATION,10000,0.12,0,10,20751.0,0.08066311817275748,Low Risk,0,"Consider approval, subject to lender policy"
26,44000,OWN,10.0,VENTURE,5000,0.11,0,2,4000.0,0.007929423882018265,Low Risk,0,"Consider approval, subject to lender policy"
25,42360,RENT,1.0,EDUCATION,25000,0.59,1,3,21180.0,0.9886143453843432,Very High Risk,1,High-risk application; apply lender policy
42,70000,RENT,6.0,MEDICAL,12000,0.17,0,12,10000.0,0.0985004299645177,Low Risk,0,"Consider approval, subject to lender policy"
25,100000,RENT,2.0,PERSONAL,21000,0.21,1,3,33333.333333333336,0.3190382284589,High Risk,1,Additional assessment required
24,30000,RENT,3.0,MEDICAL,5300,0.18,1,3,7500.0,0.4434512355999341,High Risk,1,Additional assessment required
24,93000,MORTGAGE,5.0,DEBTCONSOLIDATION,12000,0.13,1,3,15500.0,0.31784068156040757,High Risk,1,Additional assessment required
38,17280,OWN,0.0,HOMEIMPROVEMENT,1000,0.06,0,11,17280.0,0.26428615912073716,High Risk,0,Additional assessment required
24,25000,RENT,0.0,HOMEIMPROVEMENT,8500,0.34,0,2,25000.0,0.9861601471087429,Very High Risk,1,High-risk application; apply lender policy
26,54000,MORTGAGE,10.0,MEDICAL,8500,0.16,0,3,4909.090909090909,0.1913272172987132,Medium Risk,1,Consider manual review
32,83196,RENT,1.0,MEDICAL,9350,0.11,0,8,41598.0,0.08790806598659662,Low Risk,0,"Consider approval, subject to lender policy"
25,78000,RENT,3.0,DEBTCONSOLIDATION,5000,0.06,0,3,19500.0,0.1178845420713509,Low Risk,0,"Consider approval, subject to lender policy"
25,60000,RENT,1.0,EDUCATION,10000,0.17,0,4,30000.0,0.0902063810914871,Low Risk,0,"Consider approval, subject to lender policy"
45,48000,RENT,2.0,DEBTCONSOLIDATION,10000,0.21,0,16,16000.0,0.15053067976671985,Medium Risk,0,Consider manual review
21,24996,RENT,0.0,DEBTCONSOLIDATION,3000,0.12,0,3,24996.0,0.17631793232926357,Medium Risk,0,Consider manual review
22,100000,MORTGAGE,0.0,VENTURE,15000,0.15,0,3,100000.0,0.04808564473534964,Low Risk,0,"Consider approval, subject to lender policy"
23,62000,MORTGAGE,2.0,VENTURE,5000,0.08,1,3,20666.666666666668,0.13400760779994958,Low Risk,0,"Consider approval, subject to lender policy"
26,120000,MORTGAGE,3.0,DEBTCONSOLIDATION,25000,0.21,0,3,30000.0,0.19874991068343284,Medium Risk,0,Consider manual review
32,64500,MORTGAGE,3.0,EDUCATION,19400,0.3,1,10,16125.0,0.21360894603268488,Medium Risk,1,Consider manual review
25,99600,MORTGAGE,1.0,HOMEIMPROVEMENT,12800,0.13,0,4,49800.0,0.041969942615588285,Low Risk,0,"Consider approval, subject to lender policy"
21,24000,RENT,1.0,PERSONAL,2000,0.08,1,3,12000.0,0.3811815391491491,High Risk,1,Additional assessment required
24,84996,OWN,4.0,DEBTCONSOLIDATION,8000,0.09,1,4,16999.2,0.25665925234985076,High Risk,0,Additional assessment required
25,33000,RENT,0.0,DEBTCONSOLIDATION,1000,0.03,0,4,33000.0,0.22401083731048227,Medium Risk,0,Consider manual review
28,35000,RENT,5.0,VENTURE,4250,0.12,0,6,5833.333333333333,0.04303899029370429,Low Risk,0,"Consider approval, subject to lender policy"
21,42000,RENT,0.0,DEBTCONSOLIDATION,10400,0.25,0,4,42000.0,0.14730999127449168,Low Risk,0,"Consider approval, subject to lender policy"
26,100000,RENT,0.0,PERSONAL,13500,0.14,0,3,100000.0,0.08787402094852012,Low Risk,0,"Consider approval, subject to lender policy"
25,75996,MORTGAGE,9.0,DEBTCONSOLIDATION,10000,0.13,0,3,7599.6,0.11599801452337762,Low Risk,0,"Consider approval, subject to lender policy"
21,33996,MORTGAGE,2.0,HOMEIMPROVEMENT,2500,0.07,0,3,11332.0,0.913818802034023,Very High Risk,1,High-risk application; apply lender policy
24,40000,MORTGAGE,3.0,VENTURE,10500,0.26,0,4,10000.0,0.04495146237003512,Low Risk,0,"Consider approval, subject to lender policy"
26,19500,OWN,0.0,PERSONAL,5000,0.26,0,3,19500.0,0.9489774246482641,Very High Risk,1,High-risk application; apply lender policy
28,65000,RENT,3.0,HOMEIMPROVEMENT,7000,0.11,0,6,16250.0,0.0940091097984515,Low Risk,0,"Consider approval, subject to lender policy"
38,78000,MORTGAGE,6.0,HOMEIMPROVEMENT,15000,0.19,0,17,11142.857142857143,0.0873854845876852,Low Risk,1,"Consider approval, subject to lender policy"
22,40000,MORTGAGE,5.0,MEDICAL,8000,0.2,0,3,6666.666666666667,0.14276674763094718,Low Risk,0,"Consider approval, subject to lender policy"
40,71599,RENT,0.0,PERSONAL,6000,0.08,0,14,71599.0,0.0960244114110362,Low Risk,0,"Consider approval, subject to lender policy"
41,110004,MORTGAGE,7.0,EDUCATION,25000,0.23,1,14,13750.5,0.2050014366065582,Medium Risk,0,Consider manual review
30,55536,MORTGAGE,14.0,MEDICAL,1000,0.02,0,7,3702.4,0.156546563619938,Medium Risk,0,Consider manual review
34,72000,RENT,6.0,MEDICAL,5000,0.07,0,9,10285.714285714286,0.09248460682611716,Low Risk,0,"Consider approval, subject to lender policy"
26,69846,RENT,2.0,EDUCATION,22500,0.32,1,2,23282.0,0.9726032875510878,Very High Risk,1,High-risk application; apply lender policy
34,42000,RENT,2.0,MEDICAL,2500,0.06,0,6,14000.0,0.14424260327872848,Low Risk,0,"Consider approval, subject to lender policy"
27,72000,RENT,3.0,DEBTCONSOLIDATION,25000,0.35,1,6,18000.0,0.9911272521529365,Very High Risk,1,High-risk application; apply lender policy
30,65000,RENT,14.0,DEBTCONSOLIDATION,7000,0.11,0,8,4333.333333333333,0.11318404677793706,Low Risk,0,"Consider approval, subject to lender policy"
25,45000,RENT,0.0,MEDICAL,4000,0.09,1,4,45000.0,0.3631899891663638,High Risk,0,Additional assessment required
25,120000,RENT,9.0,EDUCATION,30000,0.25,0,4,12000.0,0.10398627904776711,Low Risk,0,"Consider approval, subject to lender policy"
41,40000,MORTGAGE,5.0,MEDICAL,1500,0.04,0,16,6666.666666666667,0.133669176488497,Low Risk,0,"Consider approval, subject to lender policy"
34,52800,RENT,2.0,DEBTCONSOLIDATION,4325,0.08,0,5,17600.0,0.1270910104456975,Low Risk,0,"Consider approval, subject to lender policy"
36,69000,RENT,20.0,VENTURE,35000,0.51,0,15,3285.714285714286,0.9586865350159957,Very High Risk,1,High-risk application; apply lender policy
24,50000,RENT,3.0,PERSONAL,10000,0.2,0,2,12500.0,0.10499950578474712,Low Risk,0,"Consider approval, subject to lender policy"
23,82000,RENT,2.0,DEBTCONSOLIDATION,20900,0.25,0,2,27333.333333333332,0.1425001313814801,Low Risk,0,"Consider approval, subject to lender policy"
26,50400,MORTGAGE,3.0,HOMEIMPROVEMENT,24000,0.48,0,3,12600.0,0.18554784414132136,Medium Risk,0,Consider manual review
33,44400,MORTGAGE,3.0,MEDICAL,2000,0.05,1,6,11100.0,0.402949879593835,High Risk,1,Additional assessment required
27,79000,MORTGAGE,11.0,HOMEIMPROVEMENT,2875,0.04,1,10,6583.333333333333,0.21015112913625592,Medium Risk,0,Consider manual review
26,35000,RENT,10.0,MEDICAL,12875,0.37,0,2,3181.818181818182,0.9592097423959979,Very High Risk,1,High-risk application; apply lender policy
24,31200,RENT,7.0,MEDICAL,8000,0.26,0,2,3900.0,0.3240389006817944,High Risk,0,Additional assessment required
25,46000,RENT,9.0,PERSONAL,12000,0.26,0,3,4600.0,0.14879413742702532,Low Risk,0,"Consider approval, subject to lender policy"
22,30000,RENT,1.0,DEBTCONSOLIDATION,15000,0.5,0,4,15000.0,0.9781157756868972,Very High Risk,1,High-risk application; apply lender policy
30,76080,MORTGAGE,8.0,HOMEIMPROVEMENT,12000,0.16,0,5,8453.333333333334,0.06616878678196231,Low Risk,0,"Consider approval, subject to lender policy"
23,42000,MORTGAGE,7.0,EDUCATION,10000,0.24,1,2,5250.0,0.1849118898555437,Medium Risk,0,Consider manual review
25,44400,RENT,6.0,EDUCATION,2350,0.05,1,3,6342.857142857143,0.20260257515177738,Medium Risk,0,Consider manual review
26,48000,RENT,3.0,VENTURE,4000,0.08,0,2,12000.0,0.05189639705051541,Low Risk,0,"Consider approval, subject to lender policy"
37,46000,MORTGAGE,9.0,EDUCATION,5000,0.11,0,14,4600.0,0.07818685854368082,Low Risk,0,"Consider approval, subject to lender policy"
30,92001,RENT,3.0,VENTURE,5000,0.05,0,6,23000.25,0.025826047283010026,Low Risk,0,"Consider approval, subject to lender policy"
26,83004,RENT,7.0,EDUCATION,5450,0.07,0,4,10375.5,0.051497553960613965,Low Risk,0,"Consider approval, subject to lender policy"
22,71000,RENT,3.0,MEDICAL,10000,0.14,0,2,17750.0,0.1055076143958941,Low Risk,0,"Consider approval, subject to lender policy"
23,70560,RENT,1.0,VENTURE,9600,0.14,0,4,35280.0,0.0745730183122207,Low Risk,0,"Consider approval, subject to lender policy"
24,45000,RENT,4.0,VENTURE,3000,0.07,0,2,9000.0,0.05189639705051541,Low Risk,0,"Consider approval, subject to lender policy"
25,30000,RENT,0.0,EDUCATION,1500,0.05,1,3,30000.0,0.3920414169642387,High Risk,1,Additional assessment required
33,41000,MORTGAGE,6.0,MEDICAL,9000,0.22,0,9,5857.142857142857,0.17185598143175007,Medium Risk,0,Consider manual review
28,56864,MORTGAGE,5.0,MEDICAL,12300,0.22,0,8,9477.333333333334,0.16069093483266375,Medium Risk,0,Consider manual review
40,108000,RENT,10.0,HOMEIMPROVEMENT,9000,0.08,0,12,9818.181818181818,0.06129688274333332,Low Risk,1,"Consider approval, subject to lender policy"
23,29120,OWN,0.0,EDUCATION,6400,0.22,0,4,29120.0,0.02488181590662274,Low Risk,0,"Consider approval, subject to lender policy"
27,125000,RENT,5.0,VENTURE,10000,0.08,0,6,20833.333333333332,0.028347485480334063,Low Risk,0,"Consider approval, subject to lender policy"
32,85000,MORTGAGE,1.0,EDUCATION,7500,0.09,1,10,42500.0,0.10824725743943042,Low Risk,0,"Consider approval, subject to lender policy"
25,38004,RENT,0.0,DEBTCONSOLIDATION,6000,0.16,0,2,38004.0,0.1427776393531365,Low Risk,0,"Consider approval, subject to lender policy"
23,34800,RENT,7.0,EDUCATION,2500,0.07,0,2,4350.0,0.2190128869242962,Medium Risk,0,Consider manual review
31,305000,MORTGAGE,0.0,HOMEIMPROVEMENT,35000,0.11,1,10,305000.0,0.29555699955637105,High Risk,0,Additional assessment required
24,43200,RENT,3.0,EDUCATION,5000,0.12,1,4,10800.0,0.19585945979691097,Medium Risk,0,Consider manual review
38,117400,MORTGAGE,7.0,PERSONAL,16000,0.14,0,16,14675.0,0.04739985736627835,Low Risk,0,"Consider approval, subject to lender policy"
28,58800,MORTGAGE,11.0,VENTURE,5500,0.09,0,9,4900.0,0.05022373362354838,Low Risk,0,"Consider approval, subject to lender policy"
35,41235,OWN,7.0,MEDICAL,3000,0.07,0,9,5154.375,0.03132077250724805,Low Risk,0,"Consider approval, subject to lender policy"
29,70000,RENT,13.0,EDUCATION,8000,0.11,0,5,5000.0,0.06938027230128063,Low Risk,0,"Consider approval, subject to lender policy"
22,50004,MORTGAGE,6.0,VENTURE,7200,0.14,1,2,7143.428571428572,0.1356903059933529,Low Risk,0,"Consider approval, subject to lender policy"
25,67200,MORTGAGE,9.0,HOMEIMPROVEMENT,15000,0.22,0,4,6720.0,0.07665317746229876,Low Risk,0,"Consider approval, subject to lender policy"
27,48000,RENT,5.0,VENTURE,12000,0.25,0,6,8000.0,0.06519995948314462,Low Risk,0,"Consider approval, subject to lender policy"
27,31200,RENT,2.0,MEDICAL,9400,0.3,0,5,10400.0,0.3120165673804949,High Risk,0,Additional assessment required
28,66000,RENT,12.0,DEBTCONSOLIDATION,10000,0.15,0,5,5076.923076923077,0.11318404677793706,Low Risk,1,"Consider approval, subject to lender policy"
28,150000,RENT,13.0,PERSONAL,3000,0.02,0,5,10714.285714285714,0.04611897660635986,Low Risk,0,"Consider approval, subject to lender policy"
29,88000,MORTGAGE,6.0,DEBTCONSOLIDATION,16000,0.18,0,8,12571.42857142857,0.1019829729995616,Low Risk,1,"Consider approval, subject to lender policy"
24,135000,RENT,4.0,HOMEIMPROVEMENT,24000,0.18,0,2,27000.0,0.1329615540415758,Low Risk,0,"Consider approval, subject to lender policy"
25,12000,OWN,9.0,EDUCATION,4500,0.38,1,4,1200.0,0.9729242596211399,Very High Risk,1,High-risk application; apply lender policy
31,43288,RENT,7.0,EDUCATION,10000,0.23,0,5,5411.0,0.10685599580130996,Low Risk,0,"Consider approval, subject to lender policy"
51,72800,MORTGAGE,0.0,PERSONAL,5700,0.08,0,28,72800.0,0.06656800928346904,Low Risk,0,"Consider approval, subject to lender policy"
29,110004,MORTGAGE,13.0,MEDICAL,12000,0.11,0,6,7857.428571428572,0.07649776780315648,Low Risk,0,"Consider approval, subject to lender policy"
32,74000,MORTGAGE,5.0,VENTURE,15000,0.2,0,9,12333.333333333334,0.05960004873414481,Low Risk,0,"Consider approval, subject to lender policy"
28,55000,RENT,5.0,PERSONAL,16000,0.29,1,9,9166.666666666666,0.3299909875302368,High Risk,0,Additional assessment required
23,42000,RENT,7.0,VENTURE,9000,0.21,0,4,5250.0,0.07299534822539022,Low Risk,0,"Consider approval, subject to lender policy"
22,81600,MORTGAGE,6.0,PERSONAL,1300,0.02,0,3,11657.142857142857,0.04039642207354824,Low Risk,0,"Consider approval, subject to lender policy"
22,38000,RENT,0.0,EDUCATION,5000,0.13,0,3,38000.0,0.12524895022104146,Low Risk,0,"Consider approval, subject to lender policy"
21,41004,MORTGAGE,5.0,VENTURE,24250,0.59,0,2,6834.0,0.1551030752452363,Medium Risk,0,Consider manual review
47,53808,MORTGAGE,4.0,VENTURE,15000,0.28,0,17,10761.6,0.06067400880329294,Low Risk,0,"Consider approval, subject to lender policy"
33,38000,MORTGAGE,0.0,EDUCATION,2500,0.07,0,6,38000.0,0.08666925495393338,Low Risk,0,"Consider approval, subject to lender policy"
36,56900,MORTGAGE,16.0,VENTURE,6200,0.11,0,11,3347.0588235294117,0.03793354554274971,Low Risk,1,"Consider approval, subject to lender policy"
26,42000,RENT,0.0,HOMEIMPROVEMENT,16750,0.4,0,3,42000.0,0.9839872203653325,Very High Risk,1,High-risk application; apply lender policy
24,90000,OWN,8.0,MEDICAL,12000,0.13,0,3,10000.0,0.0202047928992994,Low Risk,0,"Consider approval, subject to lender policy"
25,30000,RENT,1.0,MEDICAL,7000,0.23,0,3,15000.0,0.2768597685833866,High Risk,0,Additional assessment required
38,56524,RENT,16.0,HOMEIMPROVEMENT,22000,0.39,0,15,3324.9411764705883,0.964033134754911,Very High Risk,1,High-risk application; apply lender policy
36,53800,MORTGAGE,20.0,DEBTCONSOLIDATION,18200,0.34,1,12,2561.904761904762,0.553027088662084,Very High Risk,1,High-risk application; apply lender policy
23,65004,RENT,0.0,VENTURE,3000,0.05,1,3,65004.0,0.26703695483462764,High Risk,0,Additional assessment required
24,49920,RENT,0.0,MEDICAL,7200,0.14,1,3,49920.0,0.3661130722268133,High Risk,0,Additional assessment required
24,39000,MORTGAGE,2.0,HOMEIMPROVEMENT,16000,0.41,0,4,13000.0,0.3147558165297881,High Risk,1,Additional assessment required
23,48500,RENT,5.0,MEDICAL,3850,0.08,0,2,8083.333333333333,0.14354249325859056,Low Risk,0,"Consider approval, subject to lender policy"
36,38568,RENT,7.0,EDUCATION,2400,0.06,1,13,4821.0,0.21615627309467966,Medium Risk,0,Consider manual review
30,140000,MORTGAGE,6.0,PERSONAL,5000,0.04,0,6,20000.0,0.037269188601257115,Low Risk,0,"Consider approval, subject to lender policy"
26,73440,OWN,1.0,PERSONAL,35000,0.48,0,2,36720.0,0.10279238824082108,Low Risk,0,"Consider approval, subject to lender policy"
24,30000,RENT,5.0,EDUCATION,4800,0.16,0,4,5000.0,0.17157539846680128,Medium Risk,0,Consider manual review
28,80000,OWN,2.0,HOMEIMPROVEMENT,16000,0.2,1,7,26666.666666666668,0.03552744183187209,Low Risk,0,"Consider approval, subject to lender policy"
25,60000,OWN,9.0,HOMEIMPROVEMENT,1400,0.02,1,3,6000.0,0.0389277331985089,Low Risk,0,"Consider approval, subject to lender policy"
37,48000,RENT,0.0,DEBTCONSOLIDATION,14725,0.31,0,11,48000.0,0.9539090695503178,Very High Risk,1,High-risk application; apply lender policy
22,19000,OWN,6.0,MEDICAL,3625,0.19,0,3,2714.285714285714,0.9579229110510569,Very High Risk,1,High-risk application; apply lender policy
23,50000,MORTGAGE,6.0,EDUCATION,17000,0.34,0,3,7142.857142857143,0.16510779917048962,Medium Risk,0,Consider manual review
26,30000,RENT,5.0,DEBTCONSOLIDATION,15000,0.5,0,3,5000.0,0.9735012222889473,Very High Risk,1,High-risk application; apply lender policy
25,77004,MORTGAGE,9.0,PERSONAL,15000,0.19,0,2,7700.4,0.08204949792847814,Low Risk,0,"Consider approval, subject to lender policy"
29,104000,MORTGAGE,6.0,HOMEIMPROVEMENT,18000,0.17,0,7,14857.142857142857,0.04641696224377817,Low Risk,0,"Consider approval, subject to lender policy"
26,105000,RENT,1.0,HOMEIMPROVEMENT,12100,0.12,0,2,52500.0,0.09561876443032309,Low Risk,0,"Consider approval, subject to lender policy"
25,59000,RENT,2.0,VENTURE,7800,0.13,0,2,19666.666666666668,0.1331090109691091,Low Risk,0,"Consider approval, subject to lender policy"
27,101000,RENT,2.0,DEBTCONSOLIDATION,11200,0.11,0,6,33666.666666666664,0.07400759428294916,Low Risk,0,"Consider approval, subject to lender policy"
25,51000,MORTGAGE,7.0,DEBTCONSOLIDATION,7600,0.15,0,3,6375.0,0.14319743368704096,Low Risk,0,"Consider approval, subject to lender policy"
24,133000,RENT,5.0,HOMEIMPROVEMENT,17400,0.13,0,3,22166.666666666668,0.06804641017248733,Low Risk,0,"Consider approval, subject to lender policy"
24,103000,MORTGAGE,8.0,PERSONAL,8000,0.08,0,3,11444.444444444445,0.04077925625785892,Low Risk,0,"Consider approval, subject to lender policy"
22,69950,MORTGAGE,6.0,EDUCATION,9750,0.14,0,2,9992.857142857143,0.04868380391632464,Low Risk,0,"Consider approval, subject to lender policy"
28,50123,MORTGAGE,11.0,PERSONAL,2200,0.04,0,8,4176.916666666667,0.08002125330032835,Low Risk,0,"Consider approval, subject to lender policy"
30,95000,MORTGAGE,14.0,VENTURE,5000,0.05,0,10,6333.333333333333,0.01949608828383147,Low Risk,0,"Consider approval, subject to lender policy"
22,78000,MORTGAGE,6.0,EDUCATION,7750,0.1,0,4,11142.857142857143,0.06500536082903904,Low Risk,0,"Consider approval, subject to lender policy"
32,93158,RENT,16.0,HOMEIMPROVEMENT,7800,0.08,0,6,5479.882352941177,0.06493443471734657,Low Risk,0,"Consider approval, subject to lender policy"
33,58000,RENT,5.0,MEDICAL,6400,0.11,0,8,9666.666666666666,0.1338736133358205,Low Risk,0,"Consider approval, subject to lender policy"
31,122000,MORTGAGE,3.0,HOMEIMPROVEMENT,6000,0.05,0,9,30500.0,0.041555421373173106,Low Risk,0,"Consider approval, subject to lender policy"
25,75000,RENT,0.0,DEBTCONSOLIDATION,20000,0.27,0,2,75000.0,0.24918777494872357,Medium Risk,0,Consider manual review
21,12000,RENT,1.0,EDUCATION,1000,0.08,0,2,6000.0,0.3708459025597355,High Risk,0,Additional assessment required
24,70000,MORTGAGE,8.0,DEBTCONSOLIDATION,7000,0.1,0,4,7777.777777777777,0.10740578167667914,Low Risk,0,"Consider approval, subject to lender policy"
25,107000,MORTGAGE,0.0,MEDICAL,7000,0.07,0,2,107000.0,0.08999265388473172,Low Risk,0,"Consider approval, subject to lender policy"
46,96000,MORTGAGE,4.0,DEBTCONSOLIDATION,10000,0.1,0,11,19200.0,0.07384043149800212,Low Risk,0,"Consider approval, subject to lender policy"
34,50000,RENT,5.0,HOMEIMPROVEMENT,2000,0.04,0,5,8333.333333333334,0.14205046964739504,Low Risk,0,"Consider approval, subject to lender policy"
25,80000,MORTGAGE,6.0,MEDICAL,3000,0.04,0,2,11428.57142857143,0.07076554697526408,Low Risk,0,"Consider approval, subject to lender policy"
44,108000,RENT,2.0,MEDICAL,15000,0.14,0,12,36000.0,0.12096308340641912,Low Risk,0,"Consider approval, subject to lender policy"
24,89000,OWN,7.0,HOMEIMPROVEMENT,15000,0.17,0,4,11125.0,0.013743425712013074,Low Risk,0,"Consider approval, subject to lender policy"
30,70000,MORTGAGE,5.0,MEDICAL,31825,0.45,0,8,11666.666666666666,0.3526453273620225,High Risk,0,Additional assessment required
24,33600,RENT,2.0,PERSONAL,9450,0.28,0,2,11200.0,0.322245904405103,High Risk,1,Additional assessment required
24,72000,MORTGAGE,4.0,VENTURE,2100,0.03,1,2,14400.0,0.09520806049129095,Low Risk,0,"Consider approval, subject to lender policy"
33,125000,MORTGAGE,8.0,HOMEIMPROVEMENT,10975,0.09,0,9,13888.888888888889,0.03984040730604535,Low Risk,0,"Consider approval, subject to lender policy"
22,14400,RENT,1.0,VENTURE,5600,0.39,1,2,7200.0,0.9946168124892103,Very High Risk,1,High-risk application; apply lender policy
26,58650,MORTGAGE,3.0,MEDICAL,17500,0.25,0,4,14662.5,0.3845391566974436,High Risk,1,Additional assessment required
23,26000,RENT,1.0,EDUCATION,4000,0.15,0,4,13000.0,0.17070444527760417,Medium Risk,0,Consider manual review
28,42900,RENT,3.0,PERSONAL,14000,0.33,0,5,10725.0,0.9531800421160669,Very High Risk,1,High-risk application; apply lender policy
37,108996,RENT,15.0,EDUCATION,16000,0.15,1,13,6812.25,0.14812201278754686,Low Risk,0,"Consider approval, subject to lender policy"
24,65000,RENT,1.0,VENTURE,6400,0.1,0,4,32500.0,0.07343894666174543,Low Risk,0,"Consider approval, subject to lender policy"
35,14400,RENT,1.0,HOMEIMPROVEMENT,3000,0.21,0,7,7200.0,0.9928978698262901,Very High Risk,1,High-risk application; apply lender policy
35,84000,MORTGAGE,0.0,DEBTCONSOLIDATION,20000,0.24,1,6,84000.0,0.44044736721188454,High Risk,1,Additional assessment required
25,60000,OWN,8.0,VENTURE,14000,0.23,0,2,6666.666666666667,0.00972600445456192,Low Risk,0,"Consider approval, subject to lender policy"
26,27600,RENT,0.0,MEDICAL,4725,0.17,0,2,27600.0,0.1833444062712154,Medium Risk,0,Consider manual review
30,70125,MORTGAGE,2.0,MEDICAL,25000,0.3,1,9,23375.0,0.6901668351774831,Very High Risk,1,High-risk application; apply lender policy
30,49000,MORTGAGE,9.0,EDUCATION,11750,0.24,0,9,4900.0,0.08387387143342856,Low Risk,0,"Consider approval, subject to lender policy"
25,62047,RENT,9.0,MEDICAL,21000,0.29,1,4,6204.7,0.5013819192311381,Very High Risk,1,High-risk application; apply lender policy
23,85500,RENT,1.0,EDUCATION,17000,0.2,1,2,42750.0,0.2608456091732643,High Risk,0,Additional assessment required
22,64000,MORTGAGE,6.0,VENTURE,15000,0.23,1,3,9142.857142857143,0.1364875276144465,Low Risk,0,"Consider approval, subject to lender policy"
34,31704,RENT,2.0,VENTURE,3000,0.09,0,8,10568.0,0.18633037324676022,Medium Risk,0,Consider manual review
33,32004,MORTGAGE,4.0,PERSONAL,6000,0.19,0,7,6400.8,0.1459868319961712,Low Risk,0,"Consider approval, subject to lender policy"
41,33000,RENT,6.0,VENTURE,9400,0.28,0,16,4714.285714285715,0.17520857045718521,Medium Risk,0,Consider manual review
27,54216,MORTGAGE,4.0,PERSONAL,9000,0.17,0,5,10843.2,0.09752513947618947,Low Risk,0,"Consider approval, subject to lender policy"
21,35368,RENT,0.0,DEBTCONSOLIDATION,5100,0.14,0,2,35368.0,0.1427776393531365,Low Risk,0,"Consider approval, subject to lender policy"
22,14400,RENT,0.0,HOMEIMPROVEMENT,4400,0.31,0,4,14400.0,0.9992472960778568,Very High Risk,1,High-risk application; apply lender policy
23,120000,MORTGAGE,0.0,PERSONAL,17000,0.14,0,2,120000.0,0.07352251424774173,Low Risk,0,"Consider approval, subject to lender policy"
28,72087,MORTGAGE,10.0,PERSONAL,16000,0.22,0,6,6553.363636363636,0.07258090179828829,Low Risk,0,"Consider approval, subject to lender policy"
24,38400,RENT,4.0,DEBTCONSOLIDATION,4000,0.1,0,3,7680.0,0.1376703932525494,Low Risk,0,"Consider approval, subject to lender policy"
24,40000,RENT,0.0,EDUCATION,4850,0.12,0,2,40000.0,0.09690026087358704,Low Risk,0,"Consider approval, subject to lender policy"
31,35000,MORTGAGE,0.0,MEDICAL,15000,0.43,1,8,35000.0,0.4201541990428729,High Risk,0,Additional assessment required
36,65000,MORTGAGE,1.0,VENTURE,7000,0.11,0,11,32500.0,0.04018898579174193,Low Risk,0,"Consider approval, subject to lender policy"
24,136000,MORTGAGE,9.0,DEBTCONSOLIDATION,25000,0.18,0,3,13600.0,0.19235742402880981,Medium Risk,1,Consider manual review
21,21600,RENT,0.0,DEBTCONSOLIDATION,2000,0.09,0,2,21600.0,0.18187183514387809,Medium Risk,1,Consider manual review
22,40000,RENT,6.0,MEDICAL,7000,0.17,0,2,5714.285714285715,0.13466326791613967,Low Risk,0,"Consider approval, subject to lender policy"
37,91800,MORTGAGE,21.0,MEDICAL,20000,0.19,1,12,4172.727272727273,0.45687833972614705,Very High Risk,1,High-risk application; apply lender policy
23,31920,RENT,0.0,DEBTCONSOLIDATION,5000,0.16,0,3,31920.0,0.22401083731048227,Medium Risk,0,Consider manual review
27,98004,RENT,8.0,VENTURE,10000,0.1,0,7,10889.333333333334,0.028347485480334063,Low Risk,0,"Consider approval, subject to lender policy"
21,37800,RENT,1.0,PERSONAL,2400,0.06,1,3,18900.0,0.34741327465534355,High Risk,0,Additional assessment required
23,45000,OWN,0.0,VENTURE,8000,0.18,1,2,45000.0,0.03141711512188,Low Risk,0,"Consider approval, subject to lender policy"
29,97000,RENT,4.0,VENTURE,25000,0.26,0,10,19400.0,0.13217652058463072,Low Risk,0,"Consider approval, subject to lender policy"
25,36000,MORTGAGE,3.0,HOMEIMPROVEMENT,7000,0.19,0,4,9000.0,0.1368640748691073,Low Risk,0,"Consider approval, subject to lender policy"
25,31008,RENT,2.0,DEBTCONSOLIDATION,12000,0.39,0,4,10336.0,0.9708221462872089,Very High Risk,1,High-risk application; apply lender policy
23,44000,RENT,7.0,EDUCATION,9800,0.22,0,2,5500.0,0.10248268547746424,Low Risk,1,"Consider approval, subject to lender policy"
38,37500,OTHER,0.0,EDUCATION,12000,0.32,1,16,37500.0,0.5660083586506192,Very High Risk,1,High-risk application; apply lender policy
24,46800,MORTGAGE,8.0,VENTURE,6000,0.13,1,4,5200.0,0.1255308642609486,Low Risk,0,"Consider approval, subject to lender policy"
26,87996,MORTGAGE,3.0,MEDICAL,8000,0.09,0,3,21999.0,0.07676778781271638,Low Risk,0,"Consider approval, subject to lender policy"
23,44004,RENT,0.0,VENTURE,12000,0.27,0,2,44004.0,0.1707326968525737,Medium Risk,1,Consider manual review
24,75000,MORTGAGE,4.0,HOMEIMPROVEMENT,15000,0.2,0,2,15000.0,0.06383501059719718,Low Risk,0,"Consider approval, subject to lender policy"
40,45760,RENT,8.0,MEDICAL,13650,0.3,0,13,5084.444444444444,0.18429579926142714,Medium Risk,0,Consider manual review
32,31776,OWN,4.0,MEDICAL,3400,0.11,0,8,6355.2,0.04690440729167271,Low Risk,0,"Consider approval, subject to lender policy"
45,140000,RENT,10.0,EDUCATION,8175,0.06,0,17,12727.272727272728,0.04566955918525826,Low Risk,0,"Consider approval, subject to lender policy"
31,55000,RENT,5.0,MEDICAL,8000,0.15,0,5,9166.666666666666,0.14215992752660456,Low Risk,0,"Consider approval, subject to lender policy"
25,17400,RENT,0.0,EDUCATION,3000,0.17,0,4,17400.0,0.9302168107745483,Very High Risk,1,High-risk application; apply lender policy
29,42000,RENT,13.0,PERSONAL,9000,0.21,0,5,3000.0,0.11472782977662492,Low Risk,0,"Consider approval, subject to lender policy"
21,35000,RENT,3.0,DEBTCONSOLIDATION,3500,0.1,1,4,8750.0,0.37944878184747866,High Risk,0,Additional assessment required
25,85000,MORTGAGE,6.0,HOMEIMPROVEMENT,4000,0.05,0,3,12142.857142857143,0.03791959000236727,Low Risk,0,"Consider approval, subject to lender policy"
36,60000,MORTGAGE,2.0,EDUCATION,8000,0.13,0,15,20000.0,0.061060200733314265,Low Risk,0,"Consider approval, subject to lender policy"
22,57000,RENT,6.0,EDUCATION,22000,0.39,0,3,8142.857142857143,0.9562237569637914,Very High Risk,1,High-risk application; apply lender policy
26,48000,MORTGAGE,7.0,MEDICAL,10000,0.21,0,3,6000.0,0.16751888198093615,Medium Risk,0,Consider manual review
25,109000,MORTGAGE,9.0,EDUCATION,14000,0.13,0,3,10900.0,0.037764819393203176,Low Risk,0,"Consider approval, subject to lender policy"
38,50000,MORTGAGE,5.0,DEBTCONSOLIDATION,3000,0.06,0,17,8333.333333333334,0.1255855556948927,Low Risk,0,"Consider approval, subject to lender policy"
33,30000,RENT,2.0,DEBTCONSOLIDATION,17975,0.6,0,8,10000.0,0.9763911777384546,Very High Risk,1,High-risk application; apply lender policy
30,62400,MORTGAGE,2.0,HOMEIMPROVEMENT,6000,0.1,0,10,20800.0,0.07000988816193476,Low Risk,0,"Consider approval, subject to lender policy"
22,30000,RENT,4.0,DEBTCONSOLIDATION,13250,0.44,1,3,6000.0,0.9849812292306043,Very High Risk,1,High-risk application; apply lender policy
31,68000,MORTGAGE,15.0,MEDICAL,13600,0.2,0,5,4250.0,0.1260571387655801,Low Risk,0,"Consider approval, subject to lender policy"
38,47000,MORTGAGE,5.0,DEBTCONSOLIDATION,11000,0.23,0,16,7833.333333333333,0.14380697505416934,Low Risk,0,"Consider approval, subject to lender policy"
26,161000,RENT,10.0,VENTURE,30000,0.19,0,4,14636.363636363636,0.07615710919645687,Low Risk,0,"Consider approval, subject to lender policy"
24,50004,RENT,2.0,VENTURE,10000,0.2,1,4,16668.0,0.3474080580653015,High Risk,0,Additional assessment required
26,76596,MORTGAGE,2.0,EDUCATION,24000,0.31,1,3,25532.0,0.240816278089531,Medium Risk,0,Consider manual review
24,95000,RENT,5.0,VENTURE,14000,0.15,0,4,15833.333333333334,0.028347485480334063,Low Risk,0,"Consider approval, subject to lender policy"
25,110000,RENT,5.0,HOMEIMPROVEMENT,15600,0.14,1,4,18333.333333333332,0.19458735426218626,Medium Risk,0,Consider manual review
23,94000,RENT,7.0,MEDICAL,3500,0.04,0,3,11750.0,0.06742212682744739,Low Risk,0,"Consider approval, subject to lender policy"
22,63000,MORTGAGE,6.0,EDUCATION,4500,0.07,0,2,9000.0,0.04792305510126093,Low Risk,0,"Consider approval, subject to lender policy"
23,16800,RENT,2.0,MEDICAL,2750,0.16,1,2,5600.0,0.9578133146018424,Very High Risk,1,High-risk application; apply lender policy
28,93200,RENT,1.0,VENTURE,8800,0.09,0,7,46600.0,0.05827623567321989,Low Risk,0,"Consider approval, subject to lender policy"
57,53000,MORTGAGE,1.0,PERSONAL,5800,0.11,0,30,26500.0,0.08423108984975707,Low Risk,0,"Consider approval, subject to lender policy"
27,31200,MORTGAGE,1.0,DEBTCONSOLIDATION,7500,0.24,0,5,15600.0,0.26499117322597004,High Risk,0,Additional assessment required
29,53000,RENT,7.0,VENTURE,9600,0.18,0,5,6625.0,0.06650893046349485,Low Risk,0,"Consider approval, subject to lender policy"
25,39996,RENT,0.0,VENTURE,5000,0.13,1,2,39996.0,0.28974441988363847,High Risk,0,Additional assessment required
37,58000,RENT,9.0,MEDICAL,18200,0.31,0,11,5800.0,0.967243450408385,Very High Risk,1,High-risk application; apply lender policy
44,24000,OWN,5.0,EDUCATION,5000,0.21,1,15,4000.0,0.027503747608436848,Low Risk,0,"Consider approval, subject to lender policy"
41,70800,MORTGAGE,25.0,PERSONAL,12000,0.17,0,11,2723.076923076923,0.09549031171251608,Low Risk,0,"Consider approval, subject to lender policy"
31,30000,RENT,5.0,PERSONAL,6000,0.2,0,5,5000.0,0.1842463922680165,Medium Risk,0,Consider manual review
23,70000,MORTGAGE,5.0,PERSONAL,20000,0.29,0,2,11666.666666666666,0.08570147712334478,Low Risk,0,"Consider approval, subject to lender policy"
23,59000,RENT,8.0,VENTURE,17000,0.29,0,4,6555.555555555556,0.14327419893371815,Low Risk,0,"Consider approval, subject to lender policy"
23,65000,MORTGAGE,0.0,PERSONAL,12000,0.18,0,3,65000.0,0.06569274761572706,Low Risk,0,"Consider approval, subject to lender policy"
29,445000,MORTGAGE,3.0,PERSONAL,25000,0.06,0,5,111250.0,0.08930983488906862,Low Risk,0,"Consider approval, subject to lender policy"
24,44000,RENT,0.0,PERSONAL,2000,0.05,0,4,44000.0,0.13150424230861316,Low Risk,1,"Consider approval, subject to lender policy"
37,200000,MORTGAGE,7.0,EDUCATION,25000,0.13,0,14,25000.0,0.07535982183524695,Low Risk,0,"Consider approval, subject to lender policy"
30,39300,RENT,5.0,DEBTCONSOLIDATION,2500,0.06,1,10,6550.0,0.5574095310123677,Very High Risk,1,High-risk application; apply lender policy
22,24000,RENT,2.0,PERSONAL,5000,0.21,0,3,8000.0,0.1895162025198902,Medium Risk,0,Consider manual review
24,74004,MORTGAGE,7.0,DEBTCONSOLIDATION,25000,0.34,1,3,9250.5,0.6457426679045263,Very High Risk,1,High-risk application; apply lender policy
25,47000,RENT,0.0,MEDICAL,5000,0.11,0,4,47000.0,0.1322144978607077,Low Risk,0,"Consider approval, subject to lender policy"
23,11000,OWN,0.0,VENTURE,1400,0.13,0,4,11000.0,0.056727745811195975,Low Risk,0,"Consider approval, subject to lender policy"
27,41200,RENT,1.0,MEDICAL,7100,0.17,0,10,20600.0,0.14596970119646824,Low Risk,0,"Consider approval, subject to lender policy"
25,19200,RENT,6.0,EDUCATION,4000,0.21,1,4,2742.8571428571427,0.8926378342573186,Very High Risk,1,High-risk application; apply lender policy
30,132000,RENT,14.0,HOMEIMPROVEMENT,21500,0.16,0,8,8800.0,0.08315480697657826,Low Risk,0,"Consider approval, subject to lender policy"
23,50000,MORTGAGE,0.0,VENTURE,6100,0.12,0,4,50000.0,0.03818484845717709,Low Risk,0,"Consider approval, subject to lender policy"
48,120000,MORTGAGE,18.0,HOMEIMPROVEMENT,3600,0.03,0,16,6315.789473684211,0.04226198968623666,Low Risk,0,"Consider approval, subject to lender policy"
28,61000,MORTGAGE,12.0,PERSONAL,12000,0.2,0,6,4692.307692307692,0.06636771579240851,Low Risk,0,"Consider approval, subject to lender policy"
26,117000,MORTGAGE,4.0,MEDICAL,14400,0.12,0,3,23400.0,0.0777926117319638,Low Risk,0,"Consider approval, subject to lender policy"
21,30000,MORTGAGE,6.0,MEDICAL,3000,0.1,0,3,4285.714285714285,0.24655783200572953,Medium Risk,0,Consider manual review
32,65000,OWN,3.0,PERSONAL,12000,0.18,1,9,16250.0,0.03376900232958198,Low Risk,0,"Consider approval, subject to lender policy"
23,58977,RENT,7.0,DEBTCONSOLIDATION,14400,0.24,0,4,7372.125,0.20484437585323673,Medium Risk,0,Consider manual review
40,30996,RENT,2.0,MEDICAL,1500,0.05,1,14,10332.0,0.48151891842302397,Very High Risk,1,High-risk application; apply lender policy
32,38300,RENT,4.0,MEDICAL,5000,0.13,0,9,7660.0,0.1416682956637049,Low Risk,0,"Consider approval, subject to lender policy"
23,86000,MORTGAGE,7.0,DEBTCONSOLIDATION,4800,0.06,1,3,10750.0,0.29448433292591536,High Risk,1,Additional assessment required
33,39000,RENT,4.0,DEBTCONSOLIDATION,15000,0.38,1,5,7800.0,0.9877126238948482,Very High Risk,1,High-risk application; apply lender policy
34,220000,MORTGAGE,13.0,DEBTCONSOLIDATION,11275,0.05,0,8,15714.285714285714,0.07364781826283953,Low Risk,0,"Consider approval, subject to lender policy"
24,135000,RENT,6.0,MEDICAL,14400,0.11,0,4,19285.714285714286,0.07155057961210165,Low Risk,0,"Consider approval, subject to lender policy"
26,74000,MORTGAGE,1.0,MEDICAL,3000,0.04,0,3,37000.0,0.10555469776063078,Low Risk,0,"Consider approval, subject to lender policy"
26,38400,RENT,10.0,MEDICAL,7500,0.2,0,2,3490.909090909091,0.1719353939772508,Medium Risk,0,Consider manual review
25,160000,MORTGAGE,1.0,PERSONAL,12000,0.07,0,4,80000.0,0.05939531946875608,Low Risk,0,"Consider approval, subject to lender policy"
22,60000,MORTGAGE,4.0,PERSONAL,3000,0.05,0,2,12000.0,0.05982399377426105,Low Risk,0,"Consider approval, subject to lender policy"
21,47520,RENT,5.0,MEDICAL,10000,0.21,1,4,7920.0,0.3614647475102976,High Risk,1,Additional assessment required
31,120000,MORTGAGE,0.0,VENTURE,12000,0.1,0,6,120000.0,0.036199711677160996,Low Risk,0,"Consider approval, subject to lender policy"
22,30000,RENT,1.0,MEDICAL,10000,0.33,0,4,15000.0,0.9719592972594769,Very High Risk,1,High-risk application; apply lender policy
29,63000,RENT,5.0,PERSONAL,10000,0.16,1,7,10500.0,0.1959777695100941,Medium Risk,0,Consider manual review
31,78000,MORTGAGE,0.0,EDUCATION,5000,0.06,0,5,78000.0,0.07953381928524009,Low Risk,1,"Consider approval, subject to lender policy"
40,63000,RENT,2.0,HOMEIMPROVEMENT,13050,0.21,0,15,21000.0,0.147557579837544,Low Risk,0,"Consider approval, subject to lender policy"
32,55000,MORTGAGE,0.0,MEDICAL,9000,0.16,0,10,55000.0,0.1585649161682921,Medium Risk,0,Consider manual review
30,175000,MORTGAGE,15.0,VENTURE,25000,0.14,1,10,10937.5,0.14557229200827543,Low Risk,0,"Consider approval, subject to lender policy"
23,75000,RENT,0.0,PERSONAL,10000,0.13,0,4,75000.0,0.08975076367811251,Low Risk,0,"Consider approval, subject to lender policy"
28,40000,MORTGAGE,1.0,MEDICAL,10000,0.25,0,10,20000.0,0.13314449435110734,Low Risk,0,"Consider approval, subject to lender policy"
34,63500,RENT,5.0,EDUCATION,5000,0.08,0,7,10583.333333333334,0.06363591072120627,Low Risk,0,"Consider approval, subject to lender policy"
28,143000,MORTGAGE,5.0,HOMEIMPROVEMENT,8275,0.06,1,7,23833.333333333332,0.10762130493525966,Low Risk,1,"Consider approval, subject to lender policy"
25,23000,MORTGAGE,4.0,PERSONAL,10000,0.43,1,2,4600.0,0.24955882071722815,Medium Risk,1,Consider manual review
23,39000,RENT,1.0,PERSONAL,12000,0.31,0,2,19500.0,0.9672395610880973,Very High Risk,1,High-risk application; apply lender policy
27,35000,RENT,2.0,VENTURE,2400,0.07,0,9,11666.666666666666,0.07993508402818038,Low Risk,0,"Consider approval, subject to lender policy"
33,135000,OWN,0.0,HOMEIMPROVEMENT,6275,0.05,0,7,135000.0,0.01649869529977322,Low Risk,0,"Consider approval, subject to lender policy"
26,50000,MORTGAGE,10.0,MEDICAL,13000,0.26,1,3,4545.454545454545,0.4976257169491467,Very High Risk,0,High-risk application; apply lender policy
31,55000,MORTGAGE,3.0,DEBTCONSOLIDATION,6250,0.11,0,9,13750.0,0.13121570179799094,Low Risk,0,"Consider approval, subject to lender policy"
26,82000,RENT,8.0,HOMEIMPROVEMENT,6000,0.07,0,3,9111.111111111111,0.06571622127940695,Low Risk,0,"Consider approval, subject to lender policy"
23,77000,RENT,7.0,PERSONAL,15000,0.19,0,2,9625.0,0.10042345809398852,Low Risk,0,"Consider approval, subject to lender policy"
28,57600,MORTGAGE,9.0,EDUCATION,12000,0.21,1,7,5760.0,0.18445344985033607,Medium Risk,0,Consider manual review
30,24000,MORTGAGE,7.0,HOMEIMPROVEMENT,6000,0.25,0,7,3000.0,0.38488782986991915,High Risk,0,Additional assessment required
22,50000,OWN,2.0,VENTURE,6000,0.12,0,2,16666.666666666668,0.009599370574142032,Low Risk,0,"Consider approval, subject to lender policy"
31,62050,RENT,5.0,MEDICAL,5800,0.08,1,10,10341.666666666666,0.26409270912473676,High Risk,1,Additional assessment required
24,84000,MORTGAGE,8.0,HOMEIMPROVEMENT,8000,0.1,0,2,9333.333333333334,0.05322479039225579,Low Risk,0,"Consider approval, subject to lender policy"
44,57700,MORTGAGE,4.0,MEDICAL,3600,0.06,0,14,11540.0,0.15065190552881644,Medium Risk,0,Consider manual review
26,90000,MORTGAGE,1.0,PERSONAL,20000,0.22,0,3,45000.0,0.0704319216275979,Low Risk,0,"Consider approval, subject to lender policy"
24,77350,MORTGAGE,2.0,DEBTCONSOLIDATION,4800,0.06,1,4,25783.333333333332,0.33429279701033227,High Risk,0,Additional assessment required
21,54000,MORTGAGE,5.0,VENTURE,13000,0.24,0,4,9000.0,0.055022687047203714,Low Risk,0,"Consider approval, subject to lender policy"
27,42996,RENT,1.0,MEDICAL,5000,0.12,0,6,21498.0,0.13749691377927473,Low Risk,0,"Consider approval, subject to lender policy"
25,68000,MORTGAGE,2.0,VENTURE,6500,0.1,1,3,22666.666666666668,0.13400760779994958,Low Risk,0,"Consider approval, subject to lender policy"
42,32000,RENT,5.0,VENTURE,10000,0.31,0,15,5333.333333333333,0.947903804057691,Very High Risk,1,High-risk application; apply lender policy
28,56664,MORTGAGE,12.0,PERSONAL,16300,0.29,1,10,4358.7692307692305,0.26331274609414773,High Risk,1,Additional assessment required
29,60000,RENT,1.0,HOMEIMPROVEMENT,6000,0.1,0,10,30000.0,0.14038302960083388,Low Risk,0,"Consider approval, subject to lender policy"
22,64000,MORTGAGE,5.0,MEDICAL,2000,0.03,0,4,10666.666666666666,0.1097878207979153,Low Risk,0,"Consider approval, subject to lender policy"
30,65000,RENT,11.0,PERSONAL,9600,0.15,0,10,5416.666666666667,0.07847901020076475,Low Risk,0,"Consider approval, subject to lender policy"
24,14400,RENT,3.0,DEBTCONSOLIDATION,1800,0.13,0,3,3600.0,0.35403005211592037,High Risk,0,Additional assessment required
23,124800,MORTGAGE,2.0,DEBTCONSOLIDATION,5000,0.04,0,3,41600.0,0.06751445273296286,Low Risk,0,"Consider approval, subject to lender policy"
25,21996,RENT,3.0,HOMEIMPROVEMENT,8000,0.36,1,2,5499.0,0.9834858563055975,Very High Risk,1,High-risk application; apply lender policy
22,54000,MORTGAGE,5.0,EDUCATION,12000,0.22,1,3,9000.0,0.19266297910407326,Medium Risk,0,Consider manual review
35,94000,MORTGAGE,9.0,VENTURE,15000,0.16,0,10,9400.0,0.024627426408055014,Low Risk,0,"Consider approval, subject to lender policy"
23,95000,MORTGAGE,3.0,MEDICAL,9950,0.1,0,4,23750.0,0.07649776780315648,Low Risk,0,"Consider approval, subject to lender policy"
29,100000,MORTGAGE,13.0,MEDICAL,20000,0.2,0,5,7142.857142857143,0.11176795370474057,Low Risk,0,"Consider approval, subject to lender policy"
33,130000,MORTGAGE,9.0,PERSONAL,25000,0.19,1,10,13000.0,0.20539178825858564,Medium Risk,0,Consider manual review
25,120000,RENT,6.0,MEDICAL,25000,0.21,0,2,17142.85714285714,0.2085083415543676,Medium Risk,0,Consider manual review
25,33772,RENT,3.0,VENTURE,3600,0.11,1,3,8443.0,0.2466114772750565,Medium Risk,1,Consider manual review
29,33600,RENT,2.0,VENTURE,3000,0.09,0,8,11200.0,0.18633037324676022,Medium Risk,1,Consider manual review
30,79416,MORTGAGE,12.0,MEDICAL,6000,0.08,1,8,6108.923076923077,0.3039895657181564,High Risk,0,Additional assessment required
24,83004,RENT,4.0,PERSONAL,12000,0.14,1,3,16600.8,0.15719403182033184,Medium Risk,0,Consider manual review
23,63816,RENT,4.0,EDUCATION,3500,0.05,0,3,12763.2,0.06109943605507801,Low Risk,0,"Consider approval, subject to lender policy"
25,63000,RENT,9.0,HOMEIMPROVEMENT,5000,0.08,0,3,6300.0,0.10068755144804906,Low Risk,0,"Consider approval, subject to lender policy"
42,50000,MORTGAGE,5.0,EDUCATION,7000,0.14,0,12,8333.333333333334,0.07389440988070665,Low Risk,0,"Consider approval, subject to lender policy"
34,80000,RENT,6.0,EDUCATION,14000,0.17,1,7,11428.57142857143,0.11312173121010835,Low Risk,0,"Consider approval, subject to lender policy"
31,42000,MORTGAGE,0.0,EDUCATION,21000,0.5,0,7,42000.0,0.20635089524140196,Medium Risk,1,Consider manual review
21,146000,MORTGAGE,5.0,DEBTCONSOLIDATION,4000,0.03,0,2,24333.333333333332,0.07076194107319986,Low Risk,0,"Consider approval, subject to lender policy"
22,18000,RENT,2.0,VENTURE,3000,0.17,0,2,6000.0,0.9295769353892557,Very High Risk,1,High-risk application; apply lender policy
27,82000,MORTGAGE,11.0,PERSONAL,10000,0.12,0,9,6833.333333333333,0.046438273705150857,Low Risk,0,"Consider approval, subject to lender policy"
29,71000,RENT,1.0,HOMEIMPROVEMENT,12000,0.17,1,5,35500.0,0.39719206368188614,High Risk,0,Additional assessment required
22,36000,RENT,3.0,PERSONAL,3600,0.1,0,2,9000.0,0.11386699201791357,Low Risk,0,"Consider approval, subject to lender policy"
25,110000,OTHER,8.0,VENTURE,8000,0.07,0,3,12222.222222222223,0.020161003040072796,Low Risk,0,"Consider approval, subject to lender policy"
30,90000,RENT,3.0,MEDICAL,24000,0.27,0,6,22500.0,0.26507244357752163,High Risk,0,Additional assessment required
24,85000,MORTGAGE,1.0,PERSONAL,4400,0.05,0,3,42500.0,0.04344420323645465,Low Risk,0,"Consider approval, subject to lender policy"
24,87000,MORTGAGE,0.0,HOMEIMPROVEMENT,12000,0.14,0,3,87000.0,0.060951846717367475,Low Risk,0,"Consider approval, subject to lender policy"
28,52000,RENT,6.0,DEBTCONSOLIDATION,6000,0.12,0,6,7428.571428571428,0.13462542869953723,Low Risk,0,"Consider approval, subject to lender policy"
24,61100,MORTGAGE,4.0,DEBTCONSOLIDATION,25000,0.41,0,3,12220.0,0.3505485616010423,High Risk,1,Additional assessment required
24,60000,MORTGAGE,6.0,DEBTCONSOLIDATION,10000,0.17,0,2,8571.42857142857,0.11895435362995607,Low Risk,0,"Consider approval, subject to lender policy"
36,80000,MORTGAGE,20.0,DEBTCONSOLIDATION,5000,0.06,0,16,3809.5238095238096,0.11093361767746027,Low Risk,0,"Consider approval, subject to lender policy"
25,30000,RENT,9.0,HOMEIMPROVEMENT,5600,0.19,1,4,3000.0,0.7979993255187798,Very High Risk,1,High-risk application; apply lender policy
26,51600,OWN,10.0,EDUCATION,15000,0.29,0,4,4690.909090909091,0.0164661388385819,Low Risk,0,"Consider approval, subject to lender policy"
23,24000,RENT,0.0,HOMEIMPROVEMENT,5000,0.21,1,2,24000.0,0.9697739934190518,Very High Risk,1,High-risk application; apply lender policy
22,51480,MORTGAGE,4.0,MEDICAL,3000,0.06,0,2,10296.0,0.15403649191661323,Medium Risk,0,Consider manual review
22,41717,OWN,5.0,VENTURE,20000,0.48,0,4,6952.833333333333,0.04460937483611326,Low Risk,0,"Consider approval, subject to lender policy"
24,59000,RENT,7.0,HOMEIMPROVEMENT,15250,0.26,0,4,7375.0,0.29041817036507833,High Risk,0,Additional assessment required
35,91000,OWN,0.0,EDUCATION,10000,0.11,0,9,91000.0,0.015960402712733454,Low Risk,0,"Consider approval, subject to lender policy"
28,209000,OWN,4.0,HOMEIMPROVEMENT,15000,0.07,0,8,41800.0,0.013044162999983837,Low Risk,0,"Consider approval, subject to lender policy"
28,27000,OWN,7.0,PERSONAL,2400,0.09,0,5,3375.0,0.01884905345907819,Low Risk,0,"Consider approval, subject to lender policy"
26,144000,MORTGAGE,2.0,EDUCATION,12000,0.08,0,3,48000.0,0.04419077210576625,Low Risk,0,"Consider approval, subject to lender policy"
25,44000,MORTGAGE,4.0,MEDICAL,5550,0.13,1,4,8800.0,0.4196870057090822,High Risk,1,Additional assessment required
34,58000,RENT,11.0,PERSONAL,10000,0.17,0,9,4833.333333333333,0.10911807868694018,Low Risk,0,"Consider approval, subject to lender policy"
26,19200,MORTGAGE,5.0,VENTURE,4000,0.21,0,4,3200.0,0.8103586101858662,Very High Risk,1,High-risk application; apply lender policy
30,105000,MORTGAGE,12.0,EDUCATION,12000,0.11,0,6,8076.923076923077,0.037764819393203176,Low Risk,0,"Consider approval, subject to lender policy"
29,68000,RENT,7.0,HOMEIMPROVEMENT,13000,0.19,0,7,8500.0,0.09889838139727208,Low Risk,0,"Consider approval, subject to lender policy"
22,91000,RENT,6.0,MEDICAL,8000,0.09,0,4,13000.0,0.07193694240633915,Low Risk,0,"Consider approval, subject to lender policy"
22,43000,MORTGAGE,2.0,DEBTCONSOLIDATION,8500,0.2,1,4,14333.333333333334,0.42588207867060585,High Risk,0,Additional assessment required
29,45000,RENT,9.0,PERSONAL,14000,0.31,0,5,4500.0,0.9441248655699375,Very High Risk,1,High-risk application; apply lender policy
26,21000,OWN,4.0,VENTURE,8000,0.38,0,2,4200.0,0.032880303944547516,Low Risk,0,"Consider approval, subject to lender policy"
33,70000,RENT,6.0,PERSONAL,12000,0.17,1,5,10000.0,0.1877424666897178,Medium Risk,0,Consider manual review
39,70000,RENT,1.0,HOMEIMPROVEMENT,6000,0.09,0,12,35000.0,0.1340942810029345,Low Risk,0,"Consider approval, subject to lender policy"
25,31200,MORTGAGE,9.0,DEBTCONSOLIDATION,6000,0.19,0,4,3120.0,0.24174514394272487,Medium Risk,0,Consider manual review
26,48000,MORTGAGE,7.0,HOMEIMPROVEMENT,16750,0.35,1,3,6000.0,0.26415077247557367,High Risk,0,Additional assessment required
24,30000,RENT,3.0,EDUCATION,6000,0.2,0,4,7500.0,0.1660590105594181,Medium Risk,0,Consider manual review
22,21600,RENT,0.0,MEDICAL,4800,0.22,0,3,21600.0,0.1846795441795934,Medium Risk,0,Consider manual review
25,25000,OWN,5.0,HOMEIMPROVEMENT,2000,0.08,0,3,4166.666666666667,0.06384716245351447,Low Risk,0,"Consider approval, subject to lender policy"
22,42900,OWN,7.0,EDUCATION,2000,0.05,0,4,5362.5,0.013890559157921497,Low Risk,0,"Consider approval, subject to lender policy"
25,47412,MORTGAGE,0.0,EDUCATION,6500,0.14,0,3,47412.0,0.08230882363897384,Low Risk,0,"Consider approval, subject to lender policy"
25,102000,MORTGAGE,3.0,DEBTCONSOLIDATION,11200,0.11,0,4,25500.0,0.07384043149800212,Low Risk,0,"Consider approval, subject to lender policy"
22,53500,RENT,2.0,EDUCATION,10000,0.19,0,3,17833.333333333332,0.12315066432669272,Low Risk,0,"Consider approval, subject to lender policy"
24,41280,RENT,3.0,VENTURE,11000,0.27,0,3,10320.0,0.09337814458339135,Low Risk,0,"Consider approval, subject to lender policy"
34,67392,MORTGAGE,0.0,PERSONAL,15000,0.22,1,5,67392.0,0.25298402193514846,High Risk,1,Additional assessment required
26,24000,RENT,2.0,PERSONAL,7000,0.29,0,3,8000.0,0.24718083554437723,Medium Risk,0,Consider manual review
25,29000,RENT,2.0,MEDICAL,2500,0.09,1,4,9666.666666666666,0.5633289639941288,Very High Risk,1,High-risk application; apply lender policy
40,30000,RENT,2.0,VENTURE,10625,0.35,0,17,10000.0,0.9683022642152059,Very High Risk,1,High-risk application; apply lender policy
23,105000,MORTGAGE,7.0,VENTURE,12000,0.11,0,2,13125.0,0.022404037973569275,Low Risk,0,"Consider approval, subject to lender policy"
26,63180,OWN,4.0,HOMEIMPROVEMENT,5825,0.09,1,2,12636.0,0.03967370084248951,Low Risk,0,"Consider approval, subject to lender policy"
24,63996,MORTGAGE,8.0,MEDICAL,14400,0.23,0,4,7110.666666666667,0.12807451491416896,Low Risk,0,"Consider approval, subject to lender policy"
28,28000,OWN,0.0,MEDICAL,3250,0.12,0,9,28000.0,0.03179759659183725,Low Risk,0,"Consider approval, subject to lender policy"
31,56400,RENT,1.0,VENTURE,7500,0.13,0,6,28200.0,0.09816722164962648,Low Risk,0,"Consider approval, subject to lender policy"
36,24000,RENT,2.0,DEBTCONSOLIDATION,8000,0.33,0,14,8000.0,0.9714611112925771,Very High Risk,1,High-risk application; apply lender policy
33,105000,MORTGAGE,4.0,HOMEIMPROVEMENT,26375,0.25,0,9,21000.0,0.09197585521137959,Low Risk,0,"Consider approval, subject to lender policy"
24,72000,RENT,3.0,EDUCATION,6000,0.08,0,3,18000.0,0.060543065725018316,Low Risk,0,"Consider approval, subject to lender policy"
22,32244,RENT,2.0,VENTURE,11100,0.34,0,3,10748.0,0.9683022642152059,Very High Risk,1,High-risk application; apply lender policy
22,108000,RENT,1.0,PERSONAL,8000,0.07,1,2,54000.0,0.2502292006966863,High Risk,1,Additional assessment required
33,36500,MORTGAGE,4.0,PERSONAL,8500,0.23,0,8,7300.0,0.09372137819030946,Low Risk,0,"Consider approval, subject to lender policy"
23,78000,MORTGAGE,7.0,EDUCATION,4600,0.06,0,2,9750.0,0.061541002449516144,Low Risk,0,"Consider approval, subject to lender policy"
27,53250,RENT,1.0,MEDICAL,7000,0.13,0,6,26625.0,0.13393563341397782,Low Risk,0,"Consider approval, subject to lender policy"
23,92000,MORTGAGE,7.0,PERSONAL,15000,0.16,0,2,11500.0,0.05251097324117901,Low Risk,0,"Consider approval, subject to lender policy"
22,60000,RENT,2.0,EDUCATION,8000,0.13,0,4,20000.0,0.08487916042428569,Low Risk,0,"Consider approval, subject to lender policy"
23,55000,RENT,4.0,MEDICAL,4000,0.07,0,2,11000.0,0.14299803978874673,Low Risk,0,"Consider approval, subject to lender policy"
25,72000,MORTGAGE,9.0,DEBTCONSOLIDATION,10000,0.14,0,3,7200.0,0.11154910615495763,Low Risk,1,"Consider approval, subject to lender policy"
25,28800,RENT,2.0,DEBTCONSOLIDATION,3000,0.1,0,2,9600.0,0.18715016575407029,Medium Risk,0,Consider manual review
30,110000,MORTGAGE,15.0,PERSONAL,12000,0.11,0,10,6875.0,0.04325533302473242,Low Risk,0,"Consider approval, subject to lender policy"
29,28080,RENT,1.0,MEDICAL,2500,0.09,0,8,14040.0,0.1888761546832457,Medium Risk,0,Consider manual review
29,120000,MORTGAGE,8.0,VENTURE,5000,0.04,0,6,13333.333333333334,0.018353977381738787,Low Risk,0,"Consider approval, subject to lender policy"
22,39000,RENT,4.0,MEDICAL,14000,0.36,0,3,7800.0,0.9750821482357268,Very High Risk,1,High-risk application; apply lender policy
25,221850,MORTGAGE,9.0,MEDICAL,25000,0.1,0,2,22185.0,0.19009969580312303,Medium Risk,1,Consider manual review
24,56000,RENT,0.0,VENTURE,12000,0.21,1,2,56000.0,0.36550474074807915,High Risk,0,Additional assessment required
29,125000,RENT,2.0,DEBTCONSOLIDATION,14000,0.11,0,6,41666.666666666664,0.07478893129480722,Low Risk,0,"Consider approval, subject to lender policy"
24,91000,MORTGAGE,8.0,HOMEIMPROVEMENT,10000,0.11,0,4,10111.111111111111,0.040768281027077385,Low Risk,0,"Consider approval, subject to lender policy"
45,34800,RENT,6.0,MEDICAL,4000,0.11,0,15,4971.428571428572,0.2966829756163802,High Risk,0,Additional assessment required
34,50000,OWN,0.0,VENTURE,16000,0.32,0,7,50000.0,0.025907576271312006,Low Risk,0,"Consider approval, subject to lender policy"
43,48000,RENT,1.0,PERSONAL,6000,0.13,0,13,24000.0,0.1264183104349044,Low Risk,0,"Consider approval, subject to lender policy"
29,65000,MORTGAGE,13.0,EDUCATION,10000,0.15,1,6,4642.857142857143,0.14889649145068184,Low Risk,0,"Consider approval, subject to lender policy"
30,33000,MORTGAGE,2.0,DEBTCONSOLIDATION,6000,0.18,0,8,11000.0,0.22506028447001933,Medium Risk,0,Consider manual review
41,140000,MORTGAGE,2.0,EDUCATION,15000,0.11,0,11,46666.666666666664,0.05598763706310837,Low Risk,0,"Consider approval, subject to lender policy"
24,60000,MORTGAGE,0.0,VENTURE,8500,0.14,0,3,60000.0,0.03768982508884882,Low Risk,0,"Consider approval, subject to lender policy"
41,38500,RENT,6.0,MEDICAL,7500,0.19,0,12,5500.0,0.1552173824447468,Medium Risk,0,Consider manual review
34,60000,RENT,0.0,EDUCATION,12000,0.2,1,7,60000.0,0.26627522171968643,High Risk,0,Additional assessment required
22,54000,RENT,0.0,DEBTCONSOLIDATION,7000,0.13,0,4,54000.0,0.26453548400898297,High Risk,0,Additional assessment required
34,67392,MORTGAGE,0.0,DEBTCONSOLIDATION,15000,0.22,1,8,67392.0,0.4492258693617699,High Risk,1,Additional assessment required
24,44000,RENT,1.0,DEBTCONSOLIDATION,4000,0.09,0,2,22000.0,0.1347251716129592,Low Risk,1,"Consider approval, subject to lender policy"
25,141996,MORTGAGE,0.0,PERSONAL,14000,0.1,0,3,141996.0,0.05939531946875608,Low Risk,0,"Consider approval, subject to lender policy"
27,35000,OWN,4.0,VENTURE,7500,0.21,0,9,7000.0,0.006687105483554726,Low Risk,0,"Consider approval, subject to lender policy"
37,65000,MORTGAGE,0.0,PERSONAL,4000,0.06,0,15,65000.0,0.06262297211788581,Low Risk,0,"Consider approval, subject to lender policy"
30,55000,MORTGAGE,4.0,DEBTCONSOLIDATION,12000,0.22,0,10,11000.0,0.1432616862140107,Low Risk,0,"Consider approval, subject to lender policy"
34,41300,RENT,18.0,EDUCATION,10000,0.24,1,6,2173.684210526316,0.29831152510630987,High Risk,0,Additional assessment required
22,34560,RENT,1.0,MEDICAL,2100,0.06,0,3,17280.0,0.30107237524843855,High Risk,1,Additional assessment required
22,64000,RENT,7.0,EDUCATION,13000,0.2,1,3,8000.0,0.17791502388569963,Medium Risk,0,Consider manual review
28,170000,MORTGAGE,3.0,MEDICAL,4000,0.02,0,10,42500.0,0.07548740297107669,Low Risk,0,"Consider approval, subject to lender policy"
26,72000,RENT,0.0,DEBTCONSOLIDATION,10000,0.14,0,3,72000.0,0.11132327004782251,Low Risk,0,"Consider approval, subject to lender policy"
22,45000,MORTGAGE,5.0,MEDICAL,6500,0.14,0,4,7500.0,0.15122035837982223,Medium Risk,0,Consider manual review
26,44004,RENT,2.0,MEDICAL,4500,0.1,0,3,14668.0,0.14424260327872848,Low Risk,0,"Consider approval, subject to lender policy"
25,45000,MORTGAGE,0.0,MEDICAL,5950,0.13,0,2,45000.0,0.14463523356431468,Low Risk,0,"Consider approval, subject to lender policy"
25,26000,MORTGAGE,3.0,EDUCATION,3825,0.15,0,2,6500.0,0.10095154866056257,Low Risk,0,"Consider approval, subject to lender policy"
27,82000,MORTGAGE,0.0,VENTURE,14000,0.17,0,7,82000.0,0.04149112500461593,Low Risk,0,"Consider approval, subject to lender policy"
36,77000,MORTGAGE,7.0,PERSONAL,6000,0.08,0,12,9625.0,0.058240062694851824,Low Risk,0,"Consider approval, subject to lender policy"
27,60000,RENT,0.0,PERSONAL,3500,0.06,0,7,60000.0,0.09050294833005484,Low Risk,0,"Consider approval, subject to lender policy"
45,54000,RENT,3.0,EDUCATION,7000,0.13,0,16,13500.0,0.11079251142373746,Low Risk,1,"Consider approval, subject to lender policy"
22,119000,RENT,2.0,DEBTCONSOLIDATION,12000,0.1,0,2,39666.666666666664,0.07565287637819777,Low Risk,0,"Consider approval, subject to lender policy"
24,35004,RENT,2.0,VENTURE,6000,0.17,0,3,11668.0,0.09221869089224191,Low Risk,0,"Consider approval, subject to lender policy"
24,27000,RENT,8.0,MEDICAL,4000,0.15,0,4,3000.0,0.1849825529712186,Medium Risk,0,Consider manual review
31,20500,MORTGAGE,4.0,HOMEIMPROVEMENT,1000,0.05,0,6,4100.0,0.379874343235685,High Risk,0,Additional assessment required
37,74568,RENT,0.0,PERSONAL,6000,0.08,1,16,74568.0,0.36406609914327975,High Risk,0,Additional assessment required
27,50000,MORTGAGE,0.0,VENTURE,12000,0.24,0,8,50000.0,0.049669399853417714,Low Risk,0,"Consider approval, subject to lender policy"
23,77705,MORTGAGE,4.0,EDUCATION,4000,0.05,1,4,15541.0,0.11739257443644388,Low Risk,0,"Consider approval, subject to lender policy"
36,32004,RENT,3.0,MEDICAL,5000,0.16,0,13,8001.0,0.22903671672407572,Medium Risk,0,Consider manual review
24,30000,RENT,2.0,HOMEIMPROVEMENT,6000,0.2,1,3,10000.0,0.8808770597226542,Very High Risk,1,High-risk application; apply lender policy
24,50000,MORTGAGE,2.0,PERSONAL,6000,0.12,0,3,16666.666666666668,0.08671685526533805,Low Risk,0,"Consider approval, subject to lender policy"
24,75000,MORTGAGE,7.0,HOMEIMPROVEMENT,12000,0.16,1,4,9375.0,0.14855304758174265,Low Risk,0,"Consider approval, subject to lender policy"
21,42500,RENT,0.0,EDUCATION,3500,0.08,0,4,42500.0,0.11804893674647718,Low Risk,0,"Consider approval, subject to lender policy"
38,306000,MORTGAGE,9.0,VENTURE,15000,0.05,0,17,30600.0,0.025705097843923625,Low Risk,0,"Consider approval, subject to lender policy"
28,150000,MORTGAGE,12.0,HOMEIMPROVEMENT,15000,0.1,0,9,11538.461538461539,0.04536660656829152,Low Risk,0,"Consider approval, subject to lender policy"
32,61000,RENT,4.0,DEBTCONSOLIDATION,17000,0.28,0,5,12200.0,0.18163130900306873,Medium Risk,0,Consider manual review
26,20004,MORTGAGE,4.0,HOMEIMPROVEMENT,3600,0.18,0,4,4000.8,0.3814613315360638,High Risk,0,Additional assessment required
26,68000,MORTGAGE,10.0,EDUCATION,10000,0.15,0,3,6181.818181818182,0.05922166954754856,Low Risk,0,"Consider approval, subject to lender policy"
27,45000,MORTGAGE,3.0,MEDICAL,18000,0.4,0,8,11250.0,0.31207875722564754,High Risk,0,Additional assessment required
22,45000,RENT,0.0,MEDICAL,3500,0.08,0,3,45000.0,0.1322144978607077,Low Risk,0,"Consider approval, subject to lender policy"
25,45000,RENT,0.0,PERSONAL,14500,0.32,0,2,45000.0,0.9548776361397,Very High Risk,1,High-risk application; apply lender policy
27,30996,RENT,1.0,MEDICAL,2600,0.08,0,5,15498.0,0.24872288965227285,Medium Risk,1,Consider manual review
24,70000,RENT,8.0,VENTURE,10000,0.14,0,2,7777.777777777777,0.044409822045720124,Low Risk,0,"Consider approval, subject to lender policy"
26,168750,RENT,10.0,MEDICAL,24250,0.14,1,3,15340.90909090909,0.4382449857568352,High Risk,0,Additional assessment required
41,109920,MORTGAGE,18.0,DEBTCONSOLIDATION,20000,0.18,1,17,5785.263157894737,0.39488836038699376,High Risk,0,Additional assessment required
28,131004,MORTGAGE,5.0,EDUCATION,25000,0.19,0,5,21834.0,0.08289043406151299,Low Risk,0,"Consider approval, subject to lender policy"
27,110000,MORTGAGE,0.0,EDUCATION,16000,0.15,0,7,110000.0,0.07114601634122743,Low Risk,0,"Consider approval, subject to lender policy"
27,65000,MORTGAGE,11.0,VENTURE,4500,0.07,0,10,5416.666666666667,0.02911587467539647,Low Risk,0,"Consider approval, subject to lender policy"
36,34000,MORTGAGE,2.0,VENTURE,5000,0.15,0,11,11333.333333333334,0.13878459491979983,Low Risk,0,"Consider approval, subject to lender policy"
25,45000,RENT,0.0,PERSONAL,5000,0.11,0,4,45000.0,0.1264183104349044,Low Risk,0,"Consider approval, subject to lender policy"
24,28932,MORTGAGE,4.0,PERSONAL,10000,0.35,1,2,5786.4,0.23589381460445846,Medium Risk,0,Consider manual review
22,20160,RENT,1.0,EDUCATION,2600,0.13,0,4,10080.0,0.17070444527760417,Medium Risk,0,Consider manual review
34,26400,RENT,0.0,DEBTCONSOLIDATION,7750,0.29,1,5,26400.0,0.5387390577933768,Very High Risk,0,High-risk application; apply lender policy
27,68000,RENT,4.0,HOMEIMPROVEMENT,8700,0.13,0,5,13600.0,0.0940091097984515,Low Risk,0,"Consider approval, subject to lender policy"
27,56000,RENT,1.0,DEBTCONSOLIDATION,2500,0.04,0,5,28000.0,0.12484733198704638,Low Risk,1,"Consider approval, subject to lender policy"
21,14400,RENT,2.0,VENTURE,1825,0.13,0,2,4800.0,0.3092174133516524,High Risk,1,Additional assessment required
27,51395,RENT,11.0,VENTURE,15000,0.29,0,6,4282.916666666667,0.10356204120040366,Low Risk,0,"Consider approval, subject to lender policy"
23,120000,RENT,4.0,MEDICAL,20000,0.17,0,4,24000.0,0.10101188174389088,Low Risk,0,"Consider approval, subject to lender policy"
33,87895,MORTGAGE,4.0,DEBTCONSOLIDATION,2800,0.03,0,9,17579.0,0.07084217494276518,Low Risk,0,"Consider approval, subject to lender policy"
41,75000,MORTGAGE,19.0,EDUCATION,5500,0.07,1,16,3750.0,0.10668269013441509,Low Risk,0,"Consider approval, subject to lender policy"
22,37200,RENT,6.0,MEDICAL,10000,0.27,0,3,5314.285714285715,0.18864867664668547,Medium Risk,1,Consider manual review
28,65000,RENT,9.0,PERSONAL,10400,0.16,0,8,6500.0,0.07847901020076475,Low Risk,0,"Consider approval, subject to lender policy"
32,85000,RENT,9.0,EDUCATION,7200,0.08,0,10,8500.0,0.044087385638300315,Low Risk,0,"Consider approval, subject to lender policy"
28,174000,MORTGAGE,2.0,PERSONAL,12000,0.07,0,10,58000.0,0.056439122636255605,Low Risk,0,"Consider approval, subject to lender policy"
25,51000,MORTGAGE,5.0,DEBTCONSOLIDATION,7000,0.14,0,4,8500.0,0.13343790232211533,Low Risk,0,"Consider approval, subject to lender policy"
28,83137,MORTGAGE,12.0,MEDICAL,3600,0.04,0,9,6395.153846153846,0.08644582428041347,Low Risk,0,"Consider approval, subject to lender policy"
25,96050,RENT,9.0,MEDICAL,6500,0.06,0,2,9605.0,0.07452333792349754,Low Risk,1,"Consider approval, subject to lender policy"
48,36000,OWN,24.0,VENTURE,8000,0.22,0,15,1440.0,0.0077225166407037795,Low Risk,0,"Consider approval, subject to lender policy"
23,40000,MORTGAGE,7.0,PERSONAL,4000,0.1,0,4,5000.0,0.0716248630218167,Low Risk,0,"Consider approval, subject to lender policy"
29,92000,MORTGAGE,8.0,HOMEIMPROVEMENT,12000,0.13,0,6,10222.222222222223,0.040768281027077385,Low Risk,0,"Consider approval, subject to lender policy"
27,49500,RENT,6.0,PERSONAL,6000,0.12,0,8,7071.428571428572,0.10160539199377179,Low Risk,0,"Consider approval, subject to lender policy"
21,15360,RENT,0.0,EDUCATION,1600,0.1,0,2,15360.0,0.32467039664615077,High Risk,0,Additional assessment required
27,72000,MORTGAGE,7.0,MEDICAL,6500,0.09,0,5,9000.0,0.09950177608340573,Low Risk,0,"Consider approval, subject to lender policy"
50,137000,MORTGAGE,2.0,MEDICAL,23000,0.17,0,13,45666.666666666664,0.2270854219548267,Medium Risk,0,Consider manual review
21,20400,OWN,2.0,EDUCATION,1275,0.06,1,3,6800.0,0.03244488465202498,Low Risk,0,"Consider approval, subject to lender policy"
25,47000,RENT,6.0,VENTURE,6000,0.13,0,2,6714.285714285715,0.056380163386124615,Low Risk,0,"Consider approval, subject to lender policy"
28,50000,MORTGAGE,0.0,MEDICAL,9000,0.18,0,10,50000.0,0.12192817150403439,Low Risk,0,"Consider approval, subject to lender policy"
45,75000,MORTGAGE,7.0,MEDICAL,10000,0.13,0,17,9375.0,0.09302431774970966,Low Risk,0,"Consider approval, subject to lender policy"
22,60000,MORTGAGE,6.0,EDUCATION,5000,0.08,1,3,8571.42857142857,0.11592420864134854,Low Risk,0,"Consider approval, subject to lender policy"
29,92000,MORTGAGE,6.0,EDUCATION,24000,0.26,0,6,13142.857142857143,0.09443145595997016,Low Risk,0,"Consider approval, subject to lender policy"
22,30000,RENT,0.0,VENTURE,3600,0.12,0,3,30000.0,0.1815568073660937,Medium Risk,0,Consider manual review
22,39000,RENT,2.0,MEDICAL,5000,0.13,1,3,13000.0,0.4981993395465886,Very High Risk,1,High-risk application; apply lender policy
23,75000,MORTGAGE,4.0,MEDICAL,16800,0.22,0,4,15000.0,0.12523356718002082,Low Risk,0,"Consider approval, subject to lender policy"
25,123996,OWN,9.0,HOMEIMPROVEMENT,10000,0.08,0,3,12399.6,0.010906095947400447,Low Risk,0,"Consider approval, subject to lender policy"
25,48000,RENT,2.0,MEDICAL,6000,0.13,1,3,16000.0,0.3925352452716714,High Risk,0,Additional assessment required
22,25920,RENT,1.0,MEDICAL,9000,0.35,0,2,12960.0,0.9729373074381563,Very High Risk,1,High-risk application; apply lender policy
29,42000,MORTGAGE,6.0,PERSONAL,6000,0.14,0,9,6000.0,0.08654864261720752,Low Risk,1,"Consider approval, subject to lender policy"
22,19200,RENT,0.0,DEBTCONSOLIDATION,3000,0.16,1,2,19200.0,0.9501548264578903,Very High Risk,1,High-risk application; apply lender policy
23,14650,RENT,0.0,DEBTCONSOLIDATION,1400,0.1,1,3,14650.0,0.47756394940340474,Very High Risk,1,High-risk application; apply lender policy
38,78000,MORTGAGE,8.0,VENTURE,6250,0.08,0,16,8666.666666666666,0.034769719175695234,Low Risk,0,"Consider approval, subject to lender policy"
25,80000,MORTGAGE,5.0,PERSONAL,18000,0.23,0,3,13333.333333333334,0.04522204841162264,Low Risk,0,"Consider approval, subject to lender policy"
27,42000,RENT,7.0,MEDICAL,5000,0.12,0,9,5250.0,0.1452849362896863,Low Risk,0,"Consider approval, subject to lender policy"
23,35000,MORTGAGE,7.0,EDUCATION,5000,0.14,1,3,4375.0,0.13090228729993134,Low Risk,1,"Consider approval, subject to lender policy"
26,14400,RENT,1.0,DEBTCONSOLIDATION,2000,0.14,1,3,7200.0,0.4854553056364291,Very High Risk,1,High-risk application; apply lender policy
36,35000,RENT,1.0,VENTURE,10000,0.29,0,15,17500.0,0.12752539778545283,Low Risk,0,"Consider approval, subject to lender policy"
29,49000,RENT,2.0,DEBTCONSOLIDATION,12000,0.24,0,7,16333.333333333334,0.15053067976671985,Medium Risk,1,Consider manual review
22,44000,RENT,5.0,HOMEIMPROVEMENT,15000,0.34,0,3,7333.333333333333,0.9961540269121028,Very High Risk,1,High-risk application; apply lender policy
23,39000,RENT,7.0,MEDICAL,6000,0.15,1,3,4875.0,0.4524126019225764,Very High Risk,1,High-risk application; apply lender policy
29,6000,RENT,0.0,HOMEIMPROVEMENT,3250,0.54,0,9,6000.0,0.9963658331685726,Very High Risk,1,High-risk application; apply lender policy
25,39000,RENT,4.0,MEDICAL,4000,0.1,0,4,7800.0,0.19259531681727007,Medium Risk,0,Consider manual review
24,46800,MORTGAGE,6.0,DEBTCONSOLIDATION,12000,0.26,0,3,6685.714285714285,0.16645519009918866,Medium Risk,0,Consider manual review
25,80000,RENT,0.0,MEDICAL,11200,0.14,0,2,80000.0,0.07958041579083244,Low Risk,0,"Consider approval, subject to lender policy"
27,12240,RENT,0.0,VENTURE,3250,0.27,0,9,12240.0,0.9368446682891975,Very High Risk,1,High-risk application; apply lender policy
27,80000,OWN,11.0,EDUCATION,5000,0.06,0,7,6666.666666666667,0.009615984880898614,Low Risk,0,"Consider approval, subject to lender policy"
29,75000,MORTGAGE,1.0,MEDICAL,12000,0.16,0,6,37500.0,0.08457243693056826,Low Risk,0,"Consider approval, subject to lender policy"
22,54996,RENT,4.0,VENTURE,6000,0.11,0,3,10999.2,0.04926138100392268,Low Risk,0,"Consider approval, subject to lender policy"
23,64800,MORTGAGE,7.0,DEBTCONSOLIDATION,2400,0.04,0,2,8100.0,0.11647074303234492,Low Risk,0,"Consider approval, subject to lender policy"
23,100000,MORTGAGE,7.0,PERSONAL,11200,0.11,0,2,12500.0,0.045210355775948945,Low Risk,0,"Consider approval, subject to lender policy"
28,60000,RENT,3.0,PERSONAL,12000,0.2,0,6,15000.0,0.07602599031352138,Low Risk,0,"Consider approval, subject to lender policy"
25,45600,RENT,5.0,MEDICAL,12000,0.26,0,4,7600.0,0.18343287529913346,Medium Risk,0,Consider manual review
27,55000,MORTGAGE,6.0,PERSONAL,10000,0.18,0,6,7857.142857142857,0.08383302705928504,Low Risk,0,"Consider approval, subject to lender policy"
26,69846,RENT,2.0,EDUCATION,22500,0.32,0,4,23282.0,0.96506961699255,Very High Risk,1,High-risk application; apply lender policy
26,70000,RENT,4.0,MEDICAL,6000,0.09,0,4,14000.0,0.09248460682611716,Low Risk,0,"Consider approval, subject to lender policy"
35,37000,RENT,5.0,MEDICAL,17000,0.46,1,10,6166.666666666667,0.980106634270831,Very High Risk,1,High-risk application; apply lender policy
23,60000,RENT,6.0,DEBTCONSOLIDATION,5000,0.08,0,3,8571.42857142857,0.09883769938278311,Low Risk,0,"Consider approval, subject to lender policy"
29,26004,RENT,0.0,EDUCATION,6500,0.25,0,10,26004.0,0.1729457503860941,Medium Risk,0,Consider manual review
30,38400,MORTGAGE,14.0,DEBTCONSOLIDATION,16750,0.44,0,5,2560.0,0.2817105435973326,High Risk,0,Additional assessment required
27,76788,MORTGAGE,0.0,DEBTCONSOLIDATION,17000,0.22,0,10,76788.0,0.1566647476656413,Medium Risk,0,Consider manual review
24,90000,MORTGAGE,8.0,VENTURE,6000,0.07,0,4,10000.0,0.017284394967633766,Low Risk,0,"Consider approval, subject to lender policy"
24,64000,MORTGAGE,7.0,HOMEIMPROVEMENT,16000,0.25,0,2,8000.0,0.07999148593290716,Low Risk,1,"Consider approval, subject to lender policy"
26,144000,RENT,0.0,DEBTCONSOLIDATION,5800,0.04,0,3,144000.0,0.08541553535151551,Low Risk,0,"Consider approval, subject to lender policy"
29,31000,MORTGAGE,1.0,DEBTCONSOLIDATION,9950,0.32,0,6,15500.0,0.3031545207071667,High Risk,0,Additional assessment required
26,95000,MORTGAGE,10.0,PERSONAL,6600,0.07,0,4,8636.363636363636,0.03813955792488234,Low Risk,0,"Consider approval, subject to lender policy"
35,114000,MORTGAGE,11.0,EDUCATION,7000,0.06,0,10,9500.0,0.037764819393203176,Low Risk,0,"Consider approval, subject to lender policy"
24,60000,OWN,7.0,PERSONAL,10000,0.17,0,4,7500.0,0.01395511668099862,Low Risk,0,"Consider approval, subject to lender policy"
26,58000,RENT,0.0,HOMEIMPROVEMENT,3500,0.06,0,2,58000.0,0.22545871620609975,Medium Risk,0,Consider manual review
23,110000,RENT,6.0,EDUCATION,3000,0.03,0,3,15714.285714285714,0.04194127576509032,Low Risk,0,"Consider approval, subject to lender policy"
22,33300,RENT,0.0,MEDICAL,13250,0.4,0,3,33300.0,0.9682781467687046,Very High Risk,1,High-risk application; apply lender policy
35,68324,RENT,3.0,MEDICAL,15600,0.23,1,8,17081.0,0.38171076026902584,High Risk,0,Additional assessment required
26,80000,MORTGAGE,2.0,VENTURE,4900,0.06,0,3,26666.666666666668,0.022322519654417006,Low Risk,0,"Consider approval, subject to lender policy"
37,35496,RENT,5.0,VENTURE,3600,0.1,0,12,5916.0,0.05691888825778562,Low Risk,0,"Consider approval, subject to lender policy"
23,24000,RENT,0.0,EDUCATION,2000,0.08,1,3,24000.0,0.31406746354760784,High Risk,0,Additional assessment required
23,30000,MORTGAGE,2.0,VENTURE,8000,0.27,0,2,10000.0,0.14757101228904843,Low Risk,0,"Consider approval, subject to lender policy"
52,54833,RENT,14.0,HOMEIMPROVEMENT,20000,0.36,0,25,3655.5333333333333,0.964033134754911,Very High Risk,1,High-risk application; apply lender policy
23,51840,RENT,1.0,DEBTCONSOLIDATION,12000,0.23,1,3,25920.0,0.44167710211192807,High Risk,1,Additional assessment required
35,123000,RENT,2.0,HOMEIMPROVEMENT,25000,0.2,0,6,41000.0,0.3010723446326816,High Risk,1,Additional assessment required
29,40404,RENT,4.0,VENTURE,14000,0.35,0,10,8080.8,0.9324149857792507,Very High Risk,1,High-risk application; apply lender policy
35,53000,OWN,1.0,PERSONAL,10000,0.19,1,6,26500.0,0.036564568437072,Low Risk,0,"Consider approval, subject to lender policy"
21,19800,OWN,4.0,HOMEIMPROVEMENT,6800,0.34,0,2,3960.0,0.5216739985303231,Very High Risk,1,High-risk application; apply lender policy
27,21600,OWN,1.0,PERSONAL,4200,0.19,0,6,10800.0,0.020596055138056256,Low Risk,0,"Consider approval, subject to lender policy"
23,25000,RENT,6.0,PERSONAL,8000,0.32,1,4,3571.4285714285716,0.9607146237005606,Very High Risk,1,High-risk application; apply lender policy
31,130000,RENT,6.0,VENTURE,12000,0.09,0,10,18571.428571428572,0.028347485480334063,Low Risk,0,"Consider approval, subject to lender policy"
34,38000,OWN,1.0,VENTURE,10000,0.26,0,6,19000.0,0.012402034801463823,Low Risk,0,"Consider approval, subject to lender policy"
37,48000,RENT,6.0,PERSONAL,4200,0.09,0,14,6857.142857142857,0.10160539199377179,Low Risk,0,"Consider approval, subject to lender policy"
25,138000,OWN,9.0,MEDICAL,21600,0.16,0,4,13800.0,0.04314272497940111,Low Risk,0,"Consider approval, subject to lender policy"
33,43000,RENT,6.0,EDUCATION,8000,0.19,0,8,6142.857142857143,0.10548024960489552,Low Risk,0,"Consider approval, subject to lender policy"
22,31200,RENT,4.0,EDUCATION,6000,0.19,0,2,6240.0,0.1616906983031368,Medium Risk,0,Consider manual review
22,81800,MORTGAGE,6.0,EDUCATION,2500,0.03,0,2,11685.714285714286,0.03470190016396996,Low Risk,0,"Consider approval, subject to lender policy"
22,19200,RENT,6.0,PERSONAL,4400,0.23,0,2,2742.8571428571427,0.9133978428243038,Very High Risk,1,High-risk application; apply lender policy
34,21000,RENT,2.0,MEDICAL,2100,0.1,0,8,7000.0,0.18605004963162747,Medium Risk,0,Consider manual review
27,49200,MORTGAGE,4.0,MEDICAL,2500,0.05,0,10,9840.0,0.15122035837982223,Medium Risk,0,Consider manual review
45,52680,RENT,0.0,MEDICAL,13000,0.25,0,15,52680.0,0.11912068146682041,Low Risk,0,"Consider approval, subject to lender policy"
27,70000,MORTGAGE,3.0,HOMEIMPROVEMENT,5200,0.07,0,10,17500.0,0.06018747133417105,Low Risk,0,"Consider approval, subject to lender policy"
22,35000,RENT,1.0,EDUCATION,5700,0.16,1,2,17500.0,0.25812272062872743,High Risk,0,Additional assessment required
25,36000,RENT,6.0,PERSONAL,15000,0.42,0,3,5142.857142857143,0.9586215921754405,Very High Risk,1,High-risk application; apply lender policy
35,78000,MORTGAGE,9.0,HOMEIMPROVEMENT,9450,0.12,0,8,7800.0,0.07857705618211862,Low Risk,0,"Consider approval, subject to lender policy"
28,11029,MORTGAGE,12.0,DEBTCONSOLIDATION,2150,0.19,1,6,848.3846153846154,0.9684086309299719,Very High Risk,1,High-risk application; apply lender policy
41,53000,MORTGAGE,20.0,VENTURE,11000,0.21,1,14,2523.809523809524,0.1444335497698964,Low Risk,0,"Consider approval, subject to lender policy"
28,59700,MORTGAGE,12.0,HOMEIMPROVEMENT,6000,0.1,0,5,4592.307692307692,0.10952665494425408,Low Risk,0,"Consider approval, subject to lender policy"
31,86000,RENT,1.0,DEBTCONSOLIDATION,25000,0.29,1,5,43000.0,0.7962970226753976,Very High Risk,1,High-risk application; apply lender policy
26,60000,RENT,7.0,DEBTCONSOLIDATION,15000,0.25,0,3,7500.0,0.1290096455681187,Low Risk,0,"Consider approval, subject to lender policy"
29,104000,MORTGAGE,7.0,DEBTCONSOLIDATION,35000,0.34,0,8,13000.0,0.30084843146321866,High Risk,0,Additional assessment required
27,38500,RENT,1.0,VENTURE,3000,0.08,0,10,19250.0,0.10007564217012037,Low Risk,0,"Consider approval, subject to lender policy"
33,82000,MORTGAGE,2.0,VENTURE,6000,0.07,0,6,27333.333333333332,0.02768465866367929,Low Risk,0,"Consider approval, subject to lender policy"
22,42000,RENT,3.0,EDUCATION,8500,0.2,0,4,10500.0,0.09598314159841245,Low Risk,0,"Consider approval, subject to lender policy"
28,131040,MORTGAGE,0.0,VENTURE,10000,0.08,1,10,131040.0,0.13124973609057822,Low Risk,0,"Consider approval, subject to lender policy"
22,56400,MORTGAGE,6.0,EDUCATION,8400,0.15,0,2,8057.142857142857,0.07202667515697023,Low Risk,1,"Consider approval, subject to lender policy"
26,145000,RENT,1.0,HOMEIMPROVEMENT,10000,0.07,0,3,72500.0,0.11800156743848728,Low Risk,0,"Consider approval, subject to lender policy"
25,38400,RENT,5.0,MEDICAL,2200,0.06,0,3,6400.0,0.14546104419407233,Low Risk,0,"Consider approval, subject to lender policy"
28,44000,RENT,7.0,DEBTCONSOLIDATION,14000,0.32,0,10,5500.0,0.9607319328373175,Very High Risk,1,High-risk application; apply lender policy
25,34000,RENT,0.0,EDUCATION,10000,0.29,1,2,34000.0,0.599809635992578,Very High Risk,1,High-risk application; apply lender policy
36,80000,MORTGAGE,9.0,EDUCATION,6000,0.07,0,11,8000.0,0.032799709035744674,Low Risk,0,"Consider approval, subject to lender policy"
27,84000,RENT,1.0,HOMEIMPROVEMENT,20000,0.24,0,8,42000.0,0.20929236983594846,Medium Risk,0,Consider manual review
23,113200,MORTGAGE,3.0,EDUCATION,24250,0.21,0,3,28300.0,0.07749568244140276,Low Risk,0,"Consider approval, subject to lender policy"
29,70000,RENT,4.0,VENTURE,4500,0.06,0,9,14000.0,0.03602350658001876,Low Risk,0,"Consider approval, subject to lender policy"
36,44004,RENT,4.0,DEBTCONSOLIDATION,2000,0.05,1,13,8800.8,0.43843448946512636,High Risk,1,Additional assessment required
25,165000,RENT,3.0,EDUCATION,14950,0.09,0,3,41250.0,0.05716570680872878,Low Risk,0,"Consider approval, subject to lender policy"
32,32678,MORTGAGE,10.0,DEBTCONSOLIDATION,3075,0.09,0,6,2970.7272727272725,0.23590578591742112,Medium Risk,0,Consider manual review
28,110000,MORTGAGE,3.0,VENTURE,11000,0.1,0,5,27500.0,0.02104744578656636,Low Risk,0,"Consider approval, subject to lender policy"
31,135000,MORTGAGE,12.0,EDUCATION,15000,0.11,1,9,10384.615384615385,0.10066210736773276,Low Risk,0,"Consider approval, subject to lender policy"
38,85000,RENT,9.0,MEDICAL,10000,0.12,0,12,8500.0,0.06797535318798283,Low Risk,0,"Consider approval, subject to lender policy"
24,44000,RENT,2.0,PERSONAL,10000,0.23,0,2,14666.666666666666,0.15935229160139416,Medium Risk,0,Consider manual review
26,95000,RENT,0.0,VENTURE,12000,0.13,0,4,95000.0,0.07082760960101833,Low Risk,0,"Consider approval, subject to lender policy"
48,56000,MORTGAGE,7.0,DEBTCONSOLIDATION,15000,0.27,0,14,7000.0,0.18975380187144608,Medium Risk,0,Consider manual review
25,80000,RENT,8.0,VENTURE,4500,0.06,0,2,8888.888888888889,0.026626553093929275,Low Risk,0,"Consider approval, subject to lender policy"
34,113000,RENT,6.0,DEBTCONSOLIDATION,9600,0.08,0,5,16142.857142857143,0.0711199281212898,Low Risk,0,"Consider approval, subject to lender policy"
22,20000,RENT,7.0,EDUCATION,1675,0.08,0,3,2500.0,0.1298328248890208,Low Risk,0,"Consider approval, subject to lender policy"
45,82800,RENT,4.0,EDUCATION,25000,0.3,1,14,16560.0,0.33077117936111944,High Risk,1,Additional assessment required
23,38500,MORTGAGE,2.0,DEBTCONSOLIDATION,3000,0.08,0,2,12833.333333333334,0.14433296187720907,Low Risk,0,"Consider approval, subject to lender policy"
25,45000,MORTGAGE,5.0,EDUCATION,3800,0.08,0,3,7500.0,0.0728799050267041,Low Risk,0,"Consider approval, subject to lender policy"
34,105000,RENT,0.0,PERSONAL,8000,0.08,0,8,105000.0,0.08787402094852012,Low Risk,0,"Consider approval, subject to lender policy"
28,143000,MORTGAGE,3.0,DEBTCONSOLIDATION,25000,0.17,0,6,35750.0,0.18829419049704788,Medium Risk,1,Consider manual review
27,34000,RENT,3.0,MEDICAL,10000,0.29,0,7,8500.0,0.3882019237649173,High Risk,1,Additional assessment required
28,68804,MORTGAGE,1.0,EDUCATION,22000,0.32,0,6,34402.0,0.1874187472254212,Medium Risk,0,Consider manual review
25,33000,RENT,0.0,VENTURE,10000,0.3,1,3,33000.0,0.5643806022875483,Very High Risk,1,High-risk application; apply lender policy
24,28500,OWN,4.0,VENTURE,3500,0.12,0,3,5700.0,0.009361831024231982,Low Risk,0,"Consider approval, subject to lender policy"
25,68000,RENT,1.0,DEBTCONSOLIDATION,10000,0.15,0,4,34000.0,0.10565152060353854,Low Risk,0,"Consider approval, subject to lender policy"
23,58650,MORTGAGE,7.0,MEDICAL,5000,0.07,0,3,7331.25,0.3298855833662171,High Risk,1,Additional assessment required
29,103000,MORTGAGE,13.0,MEDICAL,4500,0.04,0,6,7357.142857142857,0.08086189261655337,Low Risk,0,"Consider approval, subject to lender policy"
24,55530,MORTGAGE,8.0,HOMEIMPROVEMENT,8000,0.14,0,4,6170.0,0.10895336513592523,Low Risk,0,"Consider approval, subject to lender policy"
26,64000,RENT,3.0,DEBTCONSOLIDATION,9000,0.14,0,2,16000.0,0.112644262418698,Low Risk,0,"Consider approval, subject to lender policy"
36,45600,MORTGAGE,6.0,MEDICAL,10000,0.22,0,16,6514.285714285715,0.16550684464347692,Medium Risk,0,Consider manual review
34,54000,MORTGAGE,5.0,PERSONAL,3500,0.06,0,6,9000.0,0.09156283145700538,Low Risk,0,"Consider approval, subject to lender policy"
27,34000,RENT,0.0,DEBTCONSOLIDATION,6000,0.18,0,6,34000.0,0.31053428853528253,High Risk,0,Additional assessment required
25,185000,MORTGAGE,3.0,EDUCATION,12000,0.06,0,3,46250.0,0.039825772768366366,Low Risk,0,"Consider approval, subject to lender policy"
31,50000,MORTGAGE,4.0,VENTURE,16000,0.32,0,8,10000.0,0.1250077284296671,Low Risk,0,"Consider approval, subject to lender policy"
29,30000,MORTGAGE,3.0,VENTURE,6000,0.2,0,8,7500.0,0.08828245185977558,Low Risk,0,"Consider approval, subject to lender policy"
29,85000,MORTGAGE,9.0,VENTURE,20000,0.24,0,9,8500.0,0.028596820181533256,Low Risk,0,"Consider approval, subject to lender policy"
30,38400,RENT,2.0,PERSONAL,9800,0.26,0,5,12800.0,0.19205048555897478,Medium Risk,0,Consider manual review
23,58560,MORTGAGE,7.0,MEDICAL,8000,0.14,0,3,7320.0,0.16596733962410817,Medium Risk,0,Consider manual review
34,57996,RENT,3.0,PERSONAL,8000,0.14,0,8,14499.0,0.10194384149219604,Low Risk,0,"Consider approval, subject to lender policy"
24,54000,RENT,7.0,PERSONAL,5200,0.1,0,3,6750.0,0.11958366567243113,Low Risk,1,"Consider approval, subject to lender policy"
22,40000,RENT,1.0,MEDICAL,6000,0.15,0,4,20000.0,0.11342691241260454,Low Risk,0,"Consider approval, subject to lender policy"
22,29000,MORTGAGE,6.0,PERSONAL,12000,0.41,0,4,4142.857142857143,0.2435541603089107,Medium Risk,1,Consider manual review
31,66360,MORTGAGE,8.0,HOMEIMPROVEMENT,7000,0.11,0,6,7373.333333333333,0.07446606506865261,Low Risk,0,"Consider approval, subject to lender policy"
28,75000,MORTGAGE,3.0,HOMEIMPROVEMENT,6000,0.08,0,8,18750.0,0.052532139018190344,Low Risk,0,"Consider approval, subject to lender policy"
22,31224,RENT,0.0,MEDICAL,6400,0.2,0,4,31224.0,0.23399169102937187,Medium Risk,0,Consider manual review
29,34999,RENT,2.0,MEDICAL,12000,0.34,0,10,11666.333333333334,0.9569241544220656,Very High Risk,1,High-risk application; apply lender policy
26,48000,RENT,2.0,EDUCATION,25000,0.52,0,4,16000.0,0.9845535759367341,Very High Risk,1,High-risk application; apply lender policy
23,24000,RENT,1.0,VENTURE,14075,0.59,0,4,12000.0,0.9702463425320762,Very High Risk,1,High-risk application; apply lender policy
61,53000,MORTGAGE,3.0,PERSONAL,7000,0.13,0,23,13250.0,0.07955432560307764,Low Risk,0,"Consider approval, subject to lender policy"
25,50000,RENT,0.0,EDUCATION,11000,0.22,0,2,50000.0,0.1106065196266249,Low Risk,0,"Consider approval, subject to lender policy"
26,14400,RENT,2.0,DEBTCONSOLIDATION,2000,0.14,0,4,4800.0,0.36514318889219377,High Risk,1,Additional assessment required
30,42000,RENT,0.0,VENTURE,2250,0.05,0,8,42000.0,0.09416695123846318,Low Risk,0,"Consider approval, subject to lender policy"
23,42000,RENT,7.0,EDUCATION,6025,0.14,0,4,5250.0,0.09595088219878871,Low Risk,0,"Consider approval, subject to lender policy"
22,20000,RENT,2.0,EDUCATION,10000,0.5,0,4,6666.666666666667,0.9681791811549835,Very High Risk,1,High-risk application; apply lender policy
27,65000,RENT,8.0,EDUCATION,8800,0.14,0,9,7222.222222222223,0.07288953983030122,Low Risk,0,"Consider approval, subject to lender policy"
23,33000,RENT,0.0,EDUCATION,4600,0.14,0,3,33000.0,0.20490874675323129,Medium Risk,0,Consider manual review
38,74237,MORTGAGE,4.0,PERSONAL,18000,0.24,1,15,14847.4,0.23363071052145512,Medium Risk,0,Consider manual review
23,56000,MORTGAGE,7.0,PERSONAL,13750,0.25,0,2,7000.0,0.099073689761567,Low Risk,0,"Consider approval, subject to lender policy"
26,57000,RENT,2.0,VENTURE,10000,0.18,0,4,19000.0,0.11147793200400216,Low Risk,0,"Consider approval, subject to lender policy"
23,73426,MORTGAGE,0.0,EDUCATION,7500,0.1,0,2,73426.0,0.08053087222896016,Low Risk,0,"Consider approval, subject to lender policy"
27,76000,MORTGAGE,11.0,DEBTCONSOLIDATION,12000,0.16,0,6,6333.333333333333,0.12309207083833794,Low Risk,0,"Consider approval, subject to lender policy"
22,41300,RENT,1.0,VENTURE,5800,0.14,0,3,20650.0,0.09641494817369631,Low Risk,0,"Consider approval, subject to lender policy"
22,49500,RENT,0.0,PERSONAL,9000,0.18,1,4,49500.0,0.3151029293216093,High Risk,0,Additional assessment required
23,65000,RENT,3.0,VENTURE,15000,0.23,0,3,16250.0,0.06190140060106764,Low Risk,0,"Consider approval, subject to lender policy"
25,28800,MORTGAGE,9.0,HOMEIMPROVEMENT,6250,0.22,0,2,2880.0,0.3928308644542887,High Risk,0,Additional assessment required
22,78369,MORTGAGE,6.0,DEBTCONSOLIDATION,11000,0.14,0,3,11195.57142857143,0.13468716544670642,Low Risk,1,"Consider approval, subject to lender policy"
33,34000,RENT,17.0,DEBTCONSOLIDATION,11175,0.33,0,8,1888.888888888889,0.9818746152129941,Very High Risk,1,High-risk application; apply lender policy
23,57000,RENT,7.0,DEBTCONSOLIDATION,10000,0.18,0,4,7125.0,0.1426930623970538,Low Risk,0,"Consider approval, subject to lender policy"
36,430000,RENT,2.0,VENTURE,25000,0.06,1,16,143333.33333333334,0.5369824762195693,Very High Risk,0,High-risk application; apply lender policy
25,230000,MORTGAGE,5.0,MEDICAL,35000,0.15,0,4,38333.333333333336,0.19139120802530335,Medium Risk,0,Consider manual review
28,34000,RENT,2.0,EDUCATION,7000,0.21,1,5,11333.333333333334,0.5521462069219244,Very High Risk,1,High-risk application; apply lender policy
21,20000,RENT,5.0,PERSONAL,4500,0.23,0,2,3333.3333333333335,0.15311641661704908,Medium Risk,0,Consider manual review
24,37000,MORTGAGE,7.0,DEBTCONSOLIDATION,6250,0.17,0,4,4625.0,0.1483604579186243,Low Risk,1,"Consider approval, subject to lender policy"
32,66100,MORTGAGE,5.0,MEDICAL,5000,0.08,0,8,11016.666666666666,0.1097878207979153,Low Risk,0,"Consider approval, subject to lender policy"
33,58000,RENT,0.0,VENTURE,14400,0.25,0,5,58000.0,0.12860356825457092,Low Risk,0,"Consider approval, subject to lender policy"
22,105000,RENT,6.0,MEDICAL,7000,0.07,0,3,15000.0,0.07193694240633915,Low Risk,0,"Consider approval, subject to lender policy"
26,47000,RENT,5.0,PERSONAL,16250,0.35,0,4,7833.333333333333,0.955959606278043,Very High Risk,1,High-risk application; apply lender policy
23,106000,MORTGAGE,7.0,EDUCATION,10000,0.09,0,2,13250.0,0.03610490478753541,Low Risk,0,"Consider approval, subject to lender policy"
23,27252,RENT,3.0,VENTURE,5800,0.21,0,4,6813.0,0.10134986116870134,Low Risk,0,"Consider approval, subject to lender policy"
22,42000,RENT,3.0,MEDICAL,4000,0.1,0,4,10500.0,0.1397440705597428,Low Risk,0,"Consider approval, subject to lender policy"
35,51000,RENT,8.0,DEBTCONSOLIDATION,8000,0.16,1,10,5666.666666666667,0.46378973039538246,Very High Risk,0,High-risk application; apply lender policy
22,41600,RENT,0.0,EDUCATION,2400,0.06,1,2,41600.0,0.27593995763369583,High Risk,0,Additional assessment required
23,94965,MORTGAGE,3.0,EDUCATION,8000,0.08,0,2,23741.25,0.03503273793215311,Low Risk,0,"Consider approval, subject to lender policy"
35,130000,MORTGAGE,3.0,DEBTCONSOLIDATION,9000,0.07,1,8,32500.0,0.31346165801526565,High Risk,0,Additional assessment required
23,31577,OWN,6.0,EDUCATION,2500,0.08,0,4,4511.0,0.02207422415114963,Low Risk,0,"Consider approval, subject to lender policy"
23,80796,MORTGAGE,7.0,DEBTCONSOLIDATION,5000,0.06,0,2,10099.5,0.08351484865248045,Low Risk,0,"Consider approval, subject to lender policy"
22,44000,RENT,3.0,HOMEIMPROVEMENT,3600,0.08,1,3,11000.0,0.8091172934349201,Very High Risk,1,High-risk application; apply lender policy
27,104371,RENT,4.0,EDUCATION,15000,0.14,1,6,20874.2,0.1405247197459432,Low Risk,0,"Consider approval, subject to lender policy"
25,65000,RENT,0.0,EDUCATION,10000,0.15,0,2,65000.0,0.07721868789228024,Low Risk,0,"Consider approval, subject to lender policy"
30,31200,RENT,0.0,EDUCATION,3100,0.1,0,10,31200.0,0.2120668579884293,Medium Risk,0,Consider manual review
26,36903,RENT,3.0,DEBTCONSOLIDATION,8000,0.22,0,2,9225.75,0.16023816629733512,Medium Risk,0,Consider manual review
25,100500,RENT,5.0,PERSONAL,9000,0.09,0,4,16750.0,0.050418880219283486,Low Risk,0,"Consider approval, subject to lender policy"
22,31200,RENT,5.0,PERSONAL,10000,0.32,0,4,5200.0,0.9536019286801004,Very High Risk,1,High-risk application; apply lender policy
27,150000,MORTGAGE,11.0,PERSONAL,25000,0.17,0,7,12500.0,0.08112214836789641,Low Risk,0,"Consider approval, subject to lender policy"
23,85000,MORTGAGE,7.0,VENTURE,25000,0.29,0,4,10625.0,0.062114440335130174,Low Risk,0,"Consider approval, subject to lender policy"
29,75000,MORTGAGE,8.0,MEDICAL,4200,0.06,0,9,8333.333333333334,0.08731055166992387,Low Risk,0,"Consider approval, subject to lender policy"
23,29000,RENT,7.0,EDUCATION,8000,0.28,0,3,3625.0,0.28213358964671753,High Risk,1,Additional assessment required
25,74000,OWN,1.0,VENTURE,16000,0.22,0,3,37000.0,0.018939063822783486,Low Risk,0,"Consider approval, subject to lender policy"
25,38000,MORTGAGE,9.0,HOMEIMPROVEMENT,5400,0.14,0,2,3800.0,0.15915841437554468,Medium Risk,0,Consider manual review
26,14000,RENT,8.0,HOMEIMPROVEMENT,3450,0.25,0,3,1555.5555555555557,0.9882607954614092,Very High Risk,1,High-risk application; apply lender policy
25,65000,MORTGAGE,0.0,DEBTCONSOLIDATION,2000,0.03,0,2,65000.0,0.09335943516392504,Low Risk,0,"Consider approval, subject to lender policy"
30,90000,MORTGAGE,14.0,PERSONAL,18000,0.2,0,7,6000.0,0.048124748442208355,Low Risk,0,"Consider approval, subject to lender policy"
54,29000,MORTGAGE,7.0,PERSONAL,2500,0.09,0,24,3625.0,0.19309519398737515,Medium Risk,0,Consider manual review
26,84000,RENT,4.0,DEBTCONSOLIDATION,15000,0.18,0,4,16800.0,0.1008493070537541,Low Risk,0,"Consider approval, subject to lender policy"
39,310400,MORTGAGE,13.0,DEBTCONSOLIDATION,15000,0.05,1,11,22171.428571428572,0.3383742685301242,High Risk,1,Additional assessment required
29,35500,RENT,3.0,MEDICAL,3000,0.08,0,9,8875.0,0.1416682956637049,Low Risk,0,"Consider approval, subject to lender policy"
23,54000,MORTGAGE,7.0,MEDICAL,13500,0.25,0,2,6750.0,0.20967343028472232,Medium Risk,0,Consider manual review
21,72000,MORTGAGE,5.0,DEBTCONSOLIDATION,2000,0.03,0,2,12000.0,0.10667535953659704,Low Risk,0,"Consider approval, subject to lender policy"
21,38400,RENT,5.0,EDUCATION,10000,0.26,0,4,6400.0,0.13258375433555056,Low Risk,0,"Consider approval, subject to lender policy"
25,100000,MORTGAGE,3.0,PERSONAL,13750,0.14,0,4,25000.0,0.04077925625785892,Low Risk,0,"Consider approval, subject to lender policy"
54,20000,RENT,2.0,DEBTCONSOLIDATION,5000,0.25,1,19,6666.666666666667,0.5031589809604738,Very High Risk,0,High-risk application; apply lender policy
25,42500,RENT,1.0,PERSONAL,8000,0.19,1,4,21250.0,0.3611080628266941,High Risk,0,Additional assessment required
25,77000,RENT,2.0,DEBTCONSOLIDATION,3500,0.05,0,4,25666.666666666668,0.10176957794899749,Low Risk,0,"Consider approval, subject to lender policy"
24,172000,MORTGAGE,6.0,DEBTCONSOLIDATION,20000,0.12,1,4,24571.428571428572,0.3456983688919052,High Risk,1,Additional assessment required
21,25000,RENT,1.0,PERSONAL,10000,0.4,0,4,12500.0,0.9711288053039946,Very High Risk,1,High-risk application; apply lender policy
23,66000,RENT,0.0,EDUCATION,9200,0.14,0,2,66000.0,0.09030952364346868,Low Risk,0,"Consider approval, subject to lender policy"
23,54000,RENT,0.0,MEDICAL,3600,0.07,0,3,54000.0,0.26292040853450344,High Risk,0,Additional assessment required
32,45000,MORTGAGE,7.0,DEBTCONSOLIDATION,4000,0.09,0,7,5625.0,0.1413767082911236,Low Risk,0,"Consider approval, subject to lender policy"
28,75000,RENT,5.0,VENTURE,23850,0.32,0,10,12500.0,0.9404079935216865,Very High Risk,1,High-risk application; apply lender policy
26,120000,MORTGAGE,1.0,HOMEIMPROVEMENT,20000,0.17,1,3,60000.0,0.1998255699698485,Medium Risk,0,Consider manual review
39,26000,RENT,11.0,DEBTCONSOLIDATION,11000,0.42,0,12,2166.6666666666665,0.9734612490384624,Very High Risk,1,High-risk application; apply lender policy
25,35000,RENT,9.0,VENTURE,4800,0.14,0,2,3500.0,0.04836634861086579,Low Risk,0,"Consider approval, subject to lender policy"
30,120000,MORTGAGE,15.0,MEDICAL,8275,0.07,0,8,7500.0,0.07482013083800845,Low Risk,0,"Consider approval, subject to lender policy"
33,84996,RENT,17.0,EDUCATION,10000,0.12,0,10,4722.0,0.04675453813079294,Low Risk,0,"Consider approval, subject to lender policy"
25,185000,RENT,6.0,VENTURE,15000,0.08,0,2,26428.571428571428,0.0361930115912015,Low Risk,0,"Consider approval, subject to lender policy"
28,60000,OWN,5.0,VENTURE,10000,0.17,0,7,10000.0,0.008179565530956024,Low Risk,0,"Consider approval, subject to lender policy"
25,44000,RENT,1.0,MEDICAL,8000,0.18,0,2,22000.0,0.151606377431506,Medium Risk,1,Consider manual review
21,22600,RENT,3.0,EDUCATION,6000,0.27,0,4,5650.0,0.15778980557648783,Medium Risk,0,Consider manual review
29,38000,RENT,13.0,DEBTCONSOLIDATION,15000,0.39,0,8,2714.285714285714,0.9701740833060869,Very High Risk,1,High-risk application; apply lender policy
23,92500,MORTGAGE,5.0,EDUCATION,2500,0.03,0,2,15416.666666666666,0.032752318616417773,Low Risk,0,"Consider approval, subject to lender policy"
28,44000,OWN,10.0,PERSONAL,7500,0.17,1,8,4000.0,0.036275519273208025,Low Risk,0,"Consider approval, subject to lender policy"
28,35600,RENT,3.0,EDUCATION,4000,0.11,0,6,8900.0,0.09900809659893427,Low Risk,0,"Consider approval, subject to lender policy"
25,26400,MORTGAGE,1.0,HOMEIMPROVEMENT,4000,0.15,0,3,13200.0,0.4182549893431098,High Risk,0,Additional assessment required
25,25200,OWN,5.0,HOMEIMPROVEMENT,1200,0.05,1,3,4200.0,0.10825261394932331,Low Risk,0,"Consider approval, subject to lender policy"
23,44000,MORTGAGE,4.0,EDUCATION,3200,0.07,0,4,8800.0,0.07300847198130737,Low Risk,0,"Consider approval, subject to lender policy"
28,68000,MORTGAGE,7.0,HOMEIMPROVEMENT,2500,0.04,0,8,8500.0,0.06412797259998476,Low Risk,0,"Consider approval, subject to lender policy"
23,40000,MORTGAGE,5.0,EDUCATION,18000,0.45,0,2,6666.666666666667,0.13824545879467054,Low Risk,0,"Consider approval, subject to lender policy"
42,51000,OWN,6.0,VENTURE,18000,0.35,0,13,7285.714285714285,0.035150205770296206,Low Risk,0,"Consider approval, subject to lender policy"
25,40000,RENT,9.0,EDUCATION,2400,0.06,0,3,4000.0,0.08168767666366032,Low Risk,0,"Consider approval, subject to lender policy"
35,30000,RENT,0.0,DEBTCONSOLIDATION,8000,0.27,0,7,30000.0,0.30232067991676204,High Risk,1,Additional assessment required
22,84500,RENT,6.0,PERSONAL,25000,0.3,0,4,12071.42857142857,0.16182967419288613,Medium Risk,0,Consider manual review
23,108000,OWN,2.0,VENTURE,35000,0.32,0,4,36000.0,0.055757185243240207,Low Risk,0,"Consider approval, subject to lender policy"
28,604000,MORTGAGE,12.0,PERSONAL,25000,0.04,0,9,46461.53846153846,0.07951030522522638,Low Risk,1,"Consider approval, subject to lender policy"
30,54600,MORTGAGE,11.0,VENTURE,2500,0.05,0,7,4550.0,0.036993268265744166,Low Risk,0,"Consider approval, subject to lender policy"
26,78000,MORTGAGE,10.0,EDUCATION,14000,0.18,0,4,7090.909090909091,0.07550516002304808,Low Risk,1,"Consider approval, subject to lender policy"
25,64000,MORTGAGE,9.0,HOMEIMPROVEMENT,9000,0.14,0,2,6400.0,0.0750709354052068,Low Risk,0,"Consider approval, subject to lender policy"
32,125000,MORTGAGE,2.0,PERSONAL,20000,0.16,0,9,41666.666666666664,0.06447181682818641,Low Risk,0,"Consider approval, subject to lender policy"
21,21000,RENT,2.0,EDUCATION,10000,0.48,0,2,7000.0,0.9670973723771973,Very High Risk,1,High-risk application; apply lender policy
33,30000,OWN,8.0,MEDICAL,5000,0.17,0,9,3333.3333333333335,0.04755678397431268,Low Risk,0,"Consider approval, subject to lender policy"
43,39000,MORTGAGE,12.0,VENTURE,8000,0.21,0,16,3000.0,0.0750648939012543,Low Risk,0,"Consider approval, subject to lender policy"
30,36432,RENT,1.0,EDUCATION,19000,0.52,1,5,18216.0,0.9775889759678743,Very High Risk,1,High-risk application; apply lender policy
29,33600,RENT,3.0,EDUCATION,4800,0.14,0,9,8400.0,0.16512891971773772,Medium Risk,0,Consider manual review
23,62510,MORTGAGE,5.0,EDUCATION,12000,0.19,0,4,10418.333333333334,0.0550331112021936,Low Risk,0,"Consider approval, subject to lender policy"
40,60000,MORTGAGE,1.0,HOMEIMPROVEMENT,3500,0.06,1,14,30000.0,0.19975204145497577,Medium Risk,0,Consider manual review
22,66000,RENT,6.0,HOMEIMPROVEMENT,8000,0.12,1,4,9428.57142857143,0.6999048827164833,Very High Risk,1,High-risk application; apply lender policy
27,78262,RENT,4.0,HOMEIMPROVEMENT,11525,0.15,0,8,15652.4,0.11436813341881795,Low Risk,0,"Consider approval, subject to lender policy"
33,65000,RENT,17.0,VENTURE,12000,0.18,0,8,3611.1111111111113,0.05525900920371383,Low Risk,0,"Consider approval, subject to lender policy"
23,31000,RENT,7.0,HOMEIMPROVEMENT,7000,0.23,0,3,3875.0,0.9292199155164999,Very High Risk,1,High-risk application; apply lender policy
24,106800,MORTGAGE,6.0,EDUCATION,11525,0.11,0,4,15257.142857142857,0.037764819393203176,Low Risk,0,"Consider approval, subject to lender policy"
24,23004,RENT,9.0,DEBTCONSOLIDATION,1500,0.07,0,2,2300.4,0.20231792737525095,Medium Risk,0,Consider manual review
34,56400,MORTGAGE,2.0,DEBTCONSOLIDATION,7000,0.12,0,10,18800.0,0.12744564649926432,Low Risk,0,"Consider approval, subject to lender policy"
21,51000,MORTGAGE,5.0,EDUCATION,13000,0.25,0,3,8500.0,0.07142519976842188,Low Risk,0,"Consider approval, subject to lender policy"
32,21360,RENT,1.0,VENTURE,1800,0.08,0,8,10680.0,0.15051261527644177,Medium Risk,0,Consider manual review
26,54000,RENT,2.0,HOMEIMPROVEMENT,2400,0.04,0,2,18000.0,0.2663691726227844,High Risk,1,Additional assessment required
29,52000,OWN,13.0,VENTURE,1000,0.02,0,8,3714.285714285714,0.006634270707953838,Low Risk,0,"Consider approval, subject to lender policy"
27,44000,RENT,5.0,EDUCATION,13650,0.31,0,5,7333.333333333333,0.9499089174506541,Very High Risk,1,High-risk application; apply lender policy
33,22000,RENT,4.0,EDUCATION,5000,0.23,0,6,4400.0,0.1339097184419694,Low Risk,0,"Consider approval, subject to lender policy"
24,24000,MORTGAGE,3.0,MEDICAL,8000,0.33,0,4,6000.0,0.3212175664781997,High Risk,0,Additional assessment required
24,48000,MORTGAGE,8.0,PERSONAL,3200,0.07,0,4,5333.333333333333,0.08414568010332742,Low Risk,0,"Consider approval, subject to lender policy"
23,12000,RENT,0.0,MEDICAL,2100,0.17,0,2,12000.0,0.9402330976757749,Very High Risk,1,High-risk application; apply lender policy
28,100000,MORTGAGE,3.0,EDUCATION,10000,0.1,1,5,25000.0,0.08921387476486524,Low Risk,0,"Consider approval, subject to lender policy"
22,40000,RENT,2.0,EDUCATION,8000,0.2,0,4,13333.333333333334,0.11077373798083494,Low Risk,0,"Consider approval, subject to lender policy"
24,82800,MORTGAGE,0.0,VENTURE,12500,0.15,0,3,82800.0,0.04020844813495987,Low Risk,0,"Consider approval, subject to lender policy"
24,45000,RENT,8.0,MEDICAL,4000,0.09,0,2,5000.0,0.15321947610746628,Medium Risk,0,Consider manual review
25,58650,RENT,5.0,MEDICAL,7500,0.11,0,4,9775.0,0.28474287263630244,High Risk,1,Additional assessment required
23,28284,RENT,8.0,VENTURE,6000,0.21,0,4,3142.6666666666665,0.10267791964337313,Low Risk,0,"Consider approval, subject to lender policy"
28,145656,MORTGAGE,2.0,DEBTCONSOLIDATION,10000,0.07,0,7,48552.0,0.07203497321875385,Low Risk,1,"Consider approval, subject to lender policy"
32,93000,MORTGAGE,0.0,DEBTCONSOLIDATION,10000,0.11,0,10,93000.0,0.08966167143510974,Low Risk,0,"Consider approval, subject to lender policy"
30,33600,RENT,5.0,VENTURE,6000,0.18,0,7,5600.0,0.13201445978231258,Low Risk,0,"Consider approval, subject to lender policy"
22,75000,RENT,0.0,DEBTCONSOLIDATION,8000,0.11,0,3,75000.0,0.09784101630975478,Low Risk,0,"Consider approval, subject to lender policy"
32,103000,MORTGAGE,0.0,PERSONAL,33000,0.32,0,6,103000.0,0.22958001360983765,Medium Risk,1,Consider manual review
30,44000,RENT,0.0,PERSONAL,10500,0.24,1,10,44000.0,0.36581038718212167,High Risk,1,Additional assessment required
40,45996,RENT,4.0,DEBTCONSOLIDATION,20000,0.43,1,13,9199.2,0.9833583627607478,Very High Risk,1,High-risk application; apply lender policy
42,75000,RENT,6.0,MEDICAL,17000,0.23,0,13,10714.285714285714,0.11813879940511125,Low Risk,0,"Consider approval, subject to lender policy"
22,33000,RENT,2.0,DEBTCONSOLIDATION,7000,0.21,0,2,11000.0,0.2840438788712409,High Risk,0,Additional assessment required
27,129996,MORTGAGE,11.0,PERSONAL,4800,0.04,0,9,10833.0,0.037269188601257115,Low Risk,0,"Consider approval, subject to lender policy"
23,62500,MORTGAGE,7.0,VENTURE,4000,0.06,0,3,7812.5,0.02742598486799478,Low Risk,0,"Consider approval, subject to lender policy"
24,110000,MORTGAGE,0.0,EDUCATION,13200,0.12,0,3,110000.0,0.05634584669011514,Low Risk,0,"Consider approval, subject to lender policy"
27,33000,RENT,2.0,MEDICAL,7600,0.23,0,10,11000.0,0.2627956662680465,High Risk,0,Additional assessment required
26,119000,MORTGAGE,3.0,DEBTCONSOLIDATION,9000,0.08,0,4,29750.0,0.07521604768939982,Low Risk,0,"Consider approval, subject to lender policy"
24,105000,MORTGAGE,8.0,EDUCATION,13000,0.12,0,3,11666.666666666666,0.037764819393203176,Low Risk,0,"Consider approval, subject to lender policy"
25,140004,OTHER,8.0,MEDICAL,4500,0.03,0,4,15556.0,0.07013803953675088,Low Risk,0,"Consider approval, subject to lender policy"
24,58000,RENT,6.0,EDUCATION,9000,0.16,0,4,8285.714285714286,0.09485517197687217,Low Risk,0,"Consider approval, subject to lender policy"
27,71020,RENT,1.0,MEDICAL,10000,0.14,0,6,35510.0,0.09684183147062703,Low Risk,0,"Consider approval, subject to lender policy"
32,52000,RENT,0.0,PERSONAL,2500,0.05,0,10,52000.0,0.10260490118551717,Low Risk,0,"Consider approval, subject to lender policy"
24,60000,MORTGAGE,8.0,EDUCATION,10000,0.17,0,3,6666.666666666667,0.05922166954754856,Low Risk,0,"Consider approval, subject to lender policy"
35,160000,OWN,10.0,VENTURE,24000,0.15,0,9,14545.454545454546,0.014574663365189292,Low Risk,0,"Consider approval, subject to lender policy"
29,53200,MORTGAGE,7.0,HOMEIMPROVEMENT,1000,0.02,1,6,6650.0,0.2204500507061725,Medium Risk,0,Consider manual review
23,46450,MORTGAGE,6.0,EDUCATION,10000,0.22,0,2,6635.714285714285,0.07703953361303004,Low Risk,0,"Consider approval, subject to lender policy"
26,130000,MORTGAGE,10.0,MEDICAL,4000,0.03,0,3,11818.181818181818,0.07013803953675088,Low Risk,0,"Consider approval, subject to lender policy"
35,72000,MORTGAGE,3.0,MEDICAL,12800,0.18,0,10,18000.0,0.1085164038925581,Low Risk,0,"Consider approval, subject to lender policy"
31,168000,MORTGAGE,2.0,EDUCATION,15500,0.09,0,9,56000.0,0.06614959195314143,Low Risk,0,"Consider approval, subject to lender policy"
22,68000,RENT,7.0,PERSONAL,5000,0.07,0,3,8500.0,0.06949997601103171,Low Risk,0,"Consider approval, subject to lender policy"
28,50000,RENT,7.0,VENTURE,14000,0.28,1,6,6250.0,0.25107767614738363,High Risk,0,Additional assessment required
24,87000,RENT,0.0,PERSONAL,1000,0.01,0,4,87000.0,0.08273698179585111,Low Risk,0,"Consider approval, subject to lender policy"
30,28000,OWN,5.0,HOMEIMPROVEMENT,6300,0.23,0,8,4666.666666666667,0.05838978980264798,Low Risk,0,"Consider approval, subject to lender policy"
31,35000,RENT,0.0,MEDICAL,6000,0.17,0,7,35000.0,0.10919702016352151,Low Risk,0,"Consider approval, subject to lender policy"
35,50000,RENT,0.0,MEDICAL,4000,0.08,1,5,50000.0,0.3106353865833383,High Risk,0,Additional assessment required
22,25000,RENT,3.0,EDUCATION,3000,0.12,0,3,6250.0,0.12820372014291248,Low Risk,0,"Consider approval, subject to lender policy"
22,47000,RENT,0.0,EDUCATION,8000,0.17,0,4,47000.0,0.12061179309513106,Low Risk,0,"Consider approval, subject to lender policy"
23,42996,RENT,7.0,VENTURE,7200,0.17,0,2,5374.5,0.07401517651362252,Low Risk,0,"Consider approval, subject to lender policy"
28,47004,MORTGAGE,12.0,MEDICAL,10000,0.21,0,10,3615.6923076923076,0.16751888198093615,Medium Risk,1,Consider manual review
23,39600,MORTGAGE,7.0,MEDICAL,6000,0.15,0,3,4950.0,0.1935546704923664,Medium Risk,0,Consider manual review
23,58216,RENT,5.0,MEDICAL,10000,0.17,0,4,9702.666666666666,0.14215992752660456,Low Risk,0,"Consider approval, subject to lender policy"
26,38400,MORTGAGE,5.0,DEBTCONSOLIDATION,6000,0.16,0,3,6400.0,0.14653802381839584,Low Risk,0,"Consider approval, subject to lender policy"
21,18000,RENT,1.0,EDUCATION,2000,0.11,0,3,9000.0,0.33450840134895604,High Risk,0,Additional assessment required
23,28800,RENT,5.0,EDUCATION,2800,0.1,0,2,4800.0,0.11651612821722085,Low Risk,0,"Consider approval, subject to lender policy"
26,128000,MORTGAGE,8.0,DEBTCONSOLIDATION,35000,0.27,0,3,14222.222222222223,0.21079503386493992,Medium Risk,0,Consider manual review
29,35000,RENT,1.0,DEBTCONSOLIDATION,10625,0.3,0,8,17500.0,0.15512481444175527,Medium Risk,0,Consider manual review
22,130000,MORTGAGE,3.0,VENTURE,24250,0.19,0,4,32500.0,0.05251728769486689,Low Risk,0,"Consider approval, subject to lender policy"
35,75000,RENT,1.0,EDUCATION,3300,0.04,0,9,37500.0,0.07056389018709165,Low Risk,0,"Consider approval, subject to lender policy"
41,31000,RENT,5.0,MEDICAL,3700,0.12,0,17,5166.666666666667,0.23176106717656014,Medium Risk,1,Consider manual review
26,74000,RENT,3.0,PERSONAL,9000,0.12,0,3,18500.0,0.09705515739718654,Low Risk,0,"Consider approval, subject to lender policy"
26,71040,MORTGAGE,1.0,DEBTCONSOLIDATION,3000,0.04,0,2,35520.0,0.09436630225931456,Low Risk,0,"Consider approval, subject to lender policy"
28,98400,MORTGAGE,12.0,PERSONAL,1500,0.02,0,5,7569.2307692307695,0.03813955792488234,Low Risk,0,"Consider approval, subject to lender policy"
50,69996,OWN,19.0,VENTURE,8000,0.11,0,17,3499.8,0.007352710450678394,Low Risk,0,"Consider approval, subject to lender policy"
23,66000,MORTGAGE,8.0,EDUCATION,8750,0.13,0,2,7333.333333333333,0.06220746574842253,Low Risk,0,"Consider approval, subject to lender policy"
28,75000,OWN,11.0,EDUCATION,12000,0.16,0,5,6250.0,0.011448863221997018,Low Risk,0,"Consider approval, subject to lender policy"
25,50000,MORTGAGE,9.0,PERSONAL,12000,0.24,0,2,5000.0,0.09467239316705539,Low Risk,0,"Consider approval, subject to lender policy"
24,80000,RENT,0.0,EDUCATION,10000,0.13,1,4,80000.0,0.2655590939450366,High Risk,0,Additional assessment required
29,44000,RENT,2.0,VENTURE,5400,0.12,1,9,14666.666666666666,0.3346862434954571,High Risk,1,Additional assessment required
34,65000,MORTGAGE,17.0,PERSONAL,10000,0.15,0,7,3611.1111111111113,0.06383519768200847,Low Risk,0,"Consider approval, subject to lender policy"
27,78500,RENT,6.0,VENTURE,8000,0.1,0,5,11214.285714285714,0.05120917989655877,Low Risk,0,"Consider approval, subject to lender policy"
30,48000,RENT,1.0,EDUCATION,10000,0.21,0,9,24000.0,0.13049401378312087,Low Risk,0,"Consider approval, subject to lender policy"
25,82000,RENT,2.0,MEDICAL,9200,0.11,0,3,27333.333333333332,0.07786306416550022,Low Risk,0,"Consider approval, subject to lender policy"
27,130000,MORTGAGE,2.0,VENTURE,5000,0.04,0,9,43333.333333333336,0.02635519995569297,Low Risk,0,"Consider approval, subject to lender policy"
26,50026,RENT,3.0,PERSONAL,7000,0.14,0,4,12506.5,0.0974288286804712,Low Risk,0,"Consider approval, subject to lender policy"
22,58608,RENT,4.0,PERSONAL,10000,0.17,0,4,11721.6,0.10194384149219604,Low Risk,0,"Consider approval, subject to lender policy"
25,46000,RENT,8.0,DEBTCONSOLIDATION,18250,0.4,0,3,5111.111111111111,0.9700698195046451,Very High Risk,1,High-risk application; apply lender policy
24,95000,MORTGAGE,3.0,DEBTCONSOLIDATION,35000,0.37,0,2,23750.0,0.3059533420398074,High Risk,0,Additional assessment required
29,120000,MORTGAGE,2.0,HOMEIMPROVEMENT,6900,0.06,0,6,40000.0,0.04610089230155941,Low Risk,0,"Consider approval, subject to lender policy"
23,30000,RENT,6.0,EDUCATION,10775,0.36,0,4,4285.714285714285,0.9601616443571254,Very High Risk,1,High-risk application; apply lender policy
45,64000,MORTGAGE,3.0,PERSONAL,6000,0.09,0,12,16000.0,0.055662041742779,Low Risk,0,"Consider approval, subject to lender policy"
24,62467,RENT,0.0,PERSONAL,10625,0.17,0,2,62467.0,0.08960135325449071,Low Risk,0,"Consider approval, subject to lender policy"
24,26400,RENT,3.0,DEBTCONSOLIDATION,4000,0.15,0,3,6600.0,0.17959948582294974,Medium Risk,1,Consider manual review
27,31200,OWN,0.0,MEDICAL,14000,0.45,1,6,31200.0,0.13032066434422857,Low Risk,1,"Consider approval, subject to lender policy"
55,54000,RENT,20.0,VENTURE,5800,0.11,0,24,2571.4285714285716,0.05641643893516466,Low Risk,0,"Consider approval, subject to lender policy"
27,128000,RENT,11.0,DEBTCONSOLIDATION,24250,0.19,0,10,10666.666666666666,0.19137890831304258,Medium Risk,1,Consider manual review
43,80000,RENT,5.0,HOMEIMPROVEMENT,6400,0.08,0,11,13333.333333333334,0.05626869417474733,Low Risk,0,"Consider approval, subject to lender policy"
22,34000,RENT,2.0,HOMEIMPROVEMENT,11000,0.32,0,3,11333.333333333334,0.9980239663987858,Very High Risk,1,High-risk application; apply lender policy
39,54000,MORTGAGE,23.0,HOMEIMPROVEMENT,9000,0.17,0,12,2250.0,0.18973927278884195,Medium Risk,0,Consider manual review
24,35000,OWN,1.0,VENTURE,3500,0.1,0,3,17500.0,0.007849104801625904,Low Risk,0,"Consider approval, subject to lender policy"
34,38400,RENT,3.0,MEDICAL,10000,0.26,0,6,9600.0,0.18397228511370958,Medium Risk,0,Consider manual review
24,50000,MORTGAGE,8.0,VENTURE,13700,0.27,0,3,5555.555555555556,0.05415572058807932,Low Risk,0,"Consider approval, subject to lender policy"
22,24000,RENT,6.0,VENTURE,7000,0.29,0,2,3428.5714285714284,0.14599833534818613,Low Risk,0,"Consider approval, subject to lender policy"
23,14400,OWN,7.0,DEBTCONSOLIDATION,3000,0.21,1,2,1800.0,0.976361169448709,Very High Risk,1,High-risk application; apply lender policy
29,24000,RENT,6.0,PERSONAL,5000,0.21,0,10,3428.5714285714284,0.1434544295612711,Low Risk,0,"Consider approval, subject to lender policy"
23,66000,RENT,6.0,VENTURE,24000,0.36,0,4,9428.57142857143,0.956337411338135,Very High Risk,1,High-risk application; apply lender policy
34,168000,RENT,0.0,DEBTCONSOLIDATION,24250,0.14,0,10,168000.0,0.28345910595206847,High Risk,0,Additional assessment required
23,25000,RENT,0.0,PERSONAL,2500,0.1,0,2,25000.0,0.1833444062712154,Medium Risk,0,Consider manual review
33,248735,RENT,4.0,DEBTCONSOLIDATION,25000,0.1,1,6,49747.0,0.6166319574564958,Very High Risk,1,High-risk application; apply lender policy
23,53000,MORTGAGE,6.0,DEBTCONSOLIDATION,6000,0.11,0,3,7571.428571428572,0.1255855556948927,Low Risk,1,"Consider approval, subject to lender policy"
21,35000,RENT,3.0,MEDICAL,6400,0.18,0,4,8750.0,0.11170741187953333,Low Risk,0,"Consider approval, subject to lender policy"
29,39000,RENT,0.0,VENTURE,4000,0.1,1,5,39000.0,0.4249563133637312,High Risk,1,Additional assessment required
35,40000,RENT,2.0,MEDICAL,2200,0.06,0,10,13333.333333333334,0.11915485177814471,Low Risk,0,"Consider approval, subject to lender policy"
24,62500,RENT,5.0,EDUCATION,11500,0.18,0,3,10416.666666666666,0.0705978455526977,Low Risk,0,"Consider approval, subject to lender policy"
26,100000,MORTGAGE,7.0,VENTURE,9200,0.09,0,3,12500.0,0.020161003040072796,Low Risk,0,"Consider approval, subject to lender policy"
52,29000,OWN,23.0,PERSONAL,7000,0.24,0,20,1208.3333333333333,0.045089952430978526,Low Risk,0,"Consider approval, subject to lender policy"
24,45000,MORTGAGE,2.0,HOMEIMPROVEMENT,13000,0.29,0,2,15000.0,0.15298794661495763,Medium Risk,0,Consider manual review
30,73524,MORTGAGE,2.0,EDUCATION,10000,0.14,0,8,24508.0,0.08135708610246821,Low Risk,0,"Consider approval, subject to lender policy"
41,75000,RENT,1.0,PERSONAL,20000,0.27,0,11,37500.0,0.21015531637589593,Medium Risk,0,Consider manual review
35,64000,MORTGAGE,11.0,DEBTCONSOLIDATION,14500,0.23,0,6,5333.333333333333,0.13320192393402275,Low Risk,0,"Consider approval, subject to lender policy"
26,57000,RENT,0.0,MEDICAL,12000,0.21,0,4,57000.0,0.15594679419986698,Medium Risk,0,Consider manual review
23,44100,RENT,8.0,MEDICAL,13000,0.29,0,4,4900.0,0.1912005678715869,Medium Risk,0,Consider manual review
25,62393,OTHER,0.0,MEDICAL,20000,0.27,1,3,62393.0,0.5858844321698828,Very High Risk,1,High-risk application; apply lender policy
30,30000,RENT,7.0,DEBTCONSOLIDATION,7200,0.24,0,6,3750.0,0.259262420332554,High Risk,0,Additional assessment required
24,34000,RENT,0.0,VENTURE,8000,0.24,1,3,34000.0,0.5986885658118482,Very High Risk,1,High-risk application; apply lender policy
27,29000,RENT,3.0,MEDICAL,7750,0.27,0,5,7250.0,0.37077099624297616,High Risk,0,Additional assessment required
24,80000,MORTGAGE,8.0,PERSONAL,12000,0.15,1,4,8888.888888888889,0.10072963031545464,Low Risk,0,"Consider approval, subject to lender policy"
23,65000,RENT,0.0,VENTURE,9975,0.15,0,2,65000.0,0.07224640256027595,Low Risk,0,"Consider approval, subject to lender policy"
27,73580,MORTGAGE,3.0,EDUCATION,19950,0.27,0,7,18395.0,0.1087086337930603,Low Risk,0,"Consider approval, subject to lender policy"
25,23198,RENT,2.0,VENTURE,6000,0.26,0,2,7732.666666666667,0.22622488206740907,Medium Risk,0,Consider manual review
22,50000,MORTGAGE,0.0,PERSONAL,2500,0.05,0,4,50000.0,0.07128906364094599,Low Risk,0,"Consider approval, subject to lender policy"
36,100000,MORTGAGE,5.0,MEDICAL,9350,0.09,0,14,16666.666666666668,0.07649776780315648,Low Risk,0,"Consider approval, subject to lender policy"
34,46000,MORTGAGE,5.0,VENTURE,10000,0.22,0,6,7666.666666666667,0.046884366152481045,Low Risk,0,"Consider approval, subject to lender policy"
55,34000,RENT,0.0,DEBTCONSOLIDATION,12000,0.35,0,30,34000.0,0.9790969987400896,Very High Risk,1,High-risk application; apply lender policy
25,40000,MORTGAGE,6.0,MEDICAL,5000,0.13,1,4,5714.285714285715,0.3710315373702902,High Risk,0,Additional assessment required
22,55000,RENT,2.0,VENTURE,8400,0.15,0,2,18333.333333333332,0.10035101282759698,Low Risk,0,"Consider approval, subject to lender policy"
29,27000,RENT,1.0,DEBTCONSOLIDATION,12000,0.44,1,6,13500.0,0.9831490520610656,Very High Risk,1,High-risk application; apply lender policy
26,56000,RENT,1.0,PERSONAL,5100,0.09,0,4,28000.0,0.12592925844091354,Low Risk,0,"Consider approval, subject to lender policy"
22,110000,MORTGAGE,0.0,EDUCATION,12000,0.11,0,2,110000.0,0.04905744763727901,Low Risk,0,"Consider approval, subject to lender policy"
40,33000,MORTGAGE,2.0,MEDICAL,1000,0.03,0,16,11000.0,0.2374512829258423,Medium Risk,0,Consider manual review
29,72000,MORTGAGE,13.0,MEDICAL,7400,0.1,0,8,5142.857142857143,0.10887788196868975,Low Risk,0,"Consider approval, subject to lender policy"
47,120000,MORTGAGE,9.0,EDUCATION,15000,0.13,0,12,12000.0,0.04292206560936198,Low Risk,0,"Consider approval, subject to lender policy"
36,120000,MORTGAGE,12.0,HOMEIMPROVEMENT,14500,0.12,0,13,9230.76923076923,0.04054200766018687,Low Risk,0,"Consider approval, subject to lender policy"
35,200000,RENT,7.0,VENTURE,5000,0.03,0,10,25000.0,0.025826047283010026,Low Risk,0,"Consider approval, subject to lender policy"
23,129600,OWN,7.0,PERSONAL,13500,0.1,0,2,16200.0,0.012401503428099482,Low Risk,0,"Consider approval, subject to lender policy"
26,45000,MORTGAGE,10.0,DEBTCONSOLIDATION,10000,0.22,0,4,4090.909090909091,0.15418994965937383,Medium Risk,0,Consider manual review
26,29040,RENT,2.0,EDUCATION,15000,0.52,0,4,9680.0,0.9816935878054487,Very High Risk,1,High-risk application; apply lender policy
24,36000,MORTGAGE,5.0,MEDICAL,4000,0.11,1,3,6000.0,0.4006578718386697,High Risk,1,Additional assessment required
24,84000,RENT,1.0,MEDICAL,12000,0.14,0,2,42000.0,0.09098473197849175,Low Risk,0,"Consider approval, subject to lender policy"
25,45000,OWN,1.0,PERSONAL,10000,0.22,1,2,22500.0,0.03890034491410954,Low Risk,0,"Consider approval, subject to lender policy"
23,79000,MORTGAGE,7.0,EDUCATION,16000,0.2,1,4,9875.0,0.19177274623813634,Medium Risk,0,Consider manual review
49,105000,MORTGAGE,1.0,DEBTCONSOLIDATION,11000,0.1,0,13,52500.0,0.06255571153826785,Low Risk,0,"Consider approval, subject to lender policy"
30,75000,MORTGAGE,12.0,PERSONAL,8000,0.11,0,9,5769.2307692307695,0.05301245472808239,Low Risk,0,"Consider approval, subject to lender policy"
22,35400,OWN,6.0,EDUCATION,8000,0.23,0,2,5057.142857142857,0.012296723350965325,Low Risk,0,"Consider approval, subject to lender policy"
38,81000,RENT,0.0,HOMEIMPROVEMENT,24000,0.3,0,13,81000.0,0.3738325844537969,High Risk,0,Additional assessment required
25,60000,MORTGAGE,2.0,PERSONAL,6900,0.12,0,3,20000.0,0.06580693679686418,Low Risk,0,"Consider approval, subject to lender policy"
25,180000,OWN,9.0,MEDICAL,20000,0.11,1,4,18000.0,0.1254130254804545,Low Risk,0,"Consider approval, subject to lender policy"
24,35000,RENT,3.0,VENTURE,8400,0.24,1,4,8750.0,0.15595491141368426,Medium Risk,0,Consider manual review
23,95000,MORTGAGE,2.0,VENTURE,4000,0.04,0,3,31666.666666666668,0.025463477649798612,Low Risk,0,"Consider approval, subject to lender policy"
29,60000,MORTGAGE,13.0,DEBTCONSOLIDATION,25000,0.42,1,9,4285.714285714285,0.6320229192864012,Very High Risk,1,High-risk application; apply lender policy
24,96000,RENT,2.0,MEDICAL,16000,0.17,0,3,32000.0,0.12096308340641912,Low Risk,0,"Consider approval, subject to lender policy"
58,85000,MORTGAGE,0.0,PERSONAL,8000,0.09,0,28,85000.0,0.056587269232057306,Low Risk,0,"Consider approval, subject to lender policy"
29,120000,OWN,11.0,DEBTCONSOLIDATION,5000,0.04,1,6,10000.0,0.26377299458080744,High Risk,0,Additional assessment required
66,40000,RENT,2.0,EDUCATION,7000,0.17,1,29,13333.333333333334,0.286648974230239,High Risk,1,Additional assessment required
23,37344,MORTGAGE,0.0,EDUCATION,3200,0.09,0,4,37344.0,0.08329636102421412,Low Risk,0,"Consider approval, subject to lender policy"
31,168000,MORTGAGE,6.0,VENTURE,25000,0.15,0,5,24000.0,0.04654013883415851,Low Risk,0,"Consider approval, subject to lender policy"
24,98000,MORTGAGE,8.0,PERSONAL,6500,0.07,0,3,10888.888888888889,0.03813955792488234,Low Risk,0,"Consider approval, subject to lender policy"
22,48000,RENT,6.0,VENTURE,5000,0.1,0,2,6857.142857142857,0.055008785057170204,Low Risk,0,"Consider approval, subject to lender policy"
22,57564,MORTGAGE,6.0,DEBTCONSOLIDATION,21000,0.36,0,3,8223.42857142857,0.259817296593371,High Risk,0,Additional assessment required
23,43955,RENT,7.0,EDUCATION,7800,0.18,0,3,5494.375,0.10278590923117412,Low Risk,0,"Consider approval, subject to lender policy"
22,4800,RENT,0.0,MEDICAL,1200,0.25,1,2,4800.0,0.9625903616593793,Very High Risk,1,High-risk application; apply lender policy
35,125000,RENT,6.0,DEBTCONSOLIDATION,7000,0.06,1,5,17857.14285714286,0.3025958931950542,High Risk,0,Additional assessment required
24,114800,RENT,6.0,PERSONAL,10000,0.09,0,4,16400.0,0.050418880219283486,Low Risk,0,"Consider approval, subject to lender policy"
29,35000,MORTGAGE,1.0,PERSONAL,3600,0.1,0,9,17500.0,0.07595770136185567,Low Risk,0,"Consider approval, subject to lender policy"
31,55000,RENT,3.0,HOMEIMPROVEMENT,12000,0.22,0,10,13750.0,0.14914577982619434,Low Risk,0,"Consider approval, subject to lender policy"
22,55000,MORTGAGE,6.0,MEDICAL,9500,0.17,0,3,7857.142857142857,0.15978514960160645,Medium Risk,0,Consider manual review
52,48000,RENT,3.0,MEDICAL,11000,0.23,0,22,12000.0,0.1435272072608484,Low Risk,0,"Consider approval, subject to lender policy"
32,31000,RENT,0.0,EDUCATION,5000,0.16,0,8,31000.0,0.2120668579884293,Medium Risk,1,Consider manual review
35,24000,MORTGAGE,14.0,DEBTCONSOLIDATION,4000,0.17,0,7,1600.0,0.1862883567114189,Medium Risk,0,Consider manual review
23,44000,RENT,2.0,MEDICAL,6000,0.14,1,4,14666.666666666666,0.41660773738486984,High Risk,0,Additional assessment required
26,52703,MORTGAGE,5.0,MEDICAL,4000,0.06,0,4,8783.833333333334,0.14432634047048637,Low Risk,1,"Consider approval, subject to lender policy"
23,40000,RENT,7.0,PERSONAL,15000,0.38,0,3,5000.0,0.9516141260711038,Very High Risk,1,High-risk application; apply lender policy
23,58800,RENT,7.0,DEBTCONSOLIDATION,20000,0.34,0,3,7350.0,0.9808538948291952,Very High Risk,1,High-risk application; apply lender policy
35,150000,MORTGAGE,5.0,DEBTCONSOLIDATION,15000,0.1,1,7,25000.0,0.3383742685301242,High Risk,0,Additional assessment required
24,55000,RENT,0.0,DEBTCONSOLIDATION,6000,0.11,0,4,55000.0,0.13395959382079656,Low Risk,0,"Consider approval, subject to lender policy"
22,68000,MORTGAGE,6.0,VENTURE,13000,0.19,0,4,9714.285714285714,0.03682398468188599,Low Risk,0,"Consider approval, subject to lender policy"
30,54000,RENT,8.0,HOMEIMPROVEMENT,10000,0.19,0,10,6000.0,0.1835894909033252,Medium Risk,0,Consider manual review
29,95000,MORTGAGE,4.0,DEBTCONSOLIDATION,2400,0.03,0,9,19000.0,0.06921506120804465,Low Risk,0,"Consider approval, subject to lender policy"
24,55000,MORTGAGE,1.0,HOMEIMPROVEMENT,5275,0.1,0,4,27500.0,0.11449585917458475,Low Risk,0,"Consider approval, subject to lender policy"
23,80000,RENT,5.0,VENTURE,5000,0.06,0,4,13333.333333333334,0.02363427579940403,Low Risk,0,"Consider approval, subject to lender policy"
36,31200,RENT,0.0,EDUCATION,10000,0.32,0,15,31200.0,0.9603410418804994,Very High Risk,1,High-risk application; apply lender policy
38,50000,MORTGAGE,8.0,PERSONAL,10000,0.2,0,15,5555.555555555556,0.08582926977929095,Low Risk,0,"Consider approval, subject to lender policy"
27,185000,RENT,2.0,HOMEIMPROVEMENT,6000,0.03,0,10,61666.666666666664,0.12183770976192108,Low Risk,0,"Consider approval, subject to lender policy"
33,98000,MORTGAGE,3.0,VENTURE,25000,0.26,0,10,24500.0,0.0734733915654954,Low Risk,0,"Consider approval, subject to lender policy"
21,90000,RENT,2.0,VENTURE,3300,0.04,0,4,30000.0,0.046347268615359,Low Risk,0,"Consider approval, subject to lender policy"
32,120000,MORTGAGE,16.0,VENTURE,25000,0.21,0,6,7058.823529411765,0.0574898032755353,Low Risk,0,"Consider approval, subject to lender policy"
22,116700,MORTGAGE,0.0,EDUCATION,6000,0.05,0,4,116700.0,0.05062773888061797,Low Risk,0,"Consider approval, subject to lender policy"
44,48000,MORTGAGE,9.0,DEBTCONSOLIDATION,5000,0.1,0,15,4800.0,0.1413767082911236,Low Risk,0,"Consider approval, subject to lender policy"
22,23000,MORTGAGE,4.0,EDUCATION,7000,0.3,1,3,4600.0,0.22588604314087266,Medium Risk,0,Consider manual review
23,25000,MORTGAGE,4.0,MEDICAL,5000,0.2,0,2,5000.0,0.20868823220574048,Medium Risk,0,Consider manual review
36,35256,MORTGAGE,5.0,HOMEIMPROVEMENT,5000,0.14,0,11,5876.0,0.14346751616100223,Low Risk,0,"Consider approval, subject to lender policy"
24,30000,RENT,0.0,PERSONAL,6000,0.2,1,4,30000.0,0.4496257754797216,High Risk,1,Additional assessment required
34,65000,MORTGAGE,4.0,DEBTCONSOLIDATION,11200,0.17,0,6,13000.0,0.111165103329842,Low Risk,0,"Consider approval, subject to lender policy"
23,75000,OWN,5.0,MEDICAL,12500,0.17,1,3,12500.0,0.08674382401750796,Low Risk,0,"Consider approval, subject to lender policy"
35,30000,RENT,2.0,EDUCATION,3000,0.1,1,5,10000.0,0.39964679943452874,High Risk,0,Additional assessment required
23,50000,RENT,7.0,EDUCATION,4800,0.1,0,3,6250.0,0.08761741901017595,Low Risk,0,"Consider approval, subject to lender policy"
25,128500,MORTGAGE,1.0,HOMEIMPROVEMENT,15000,0.12,1,3,64250.0,0.17028926435724717,Medium Risk,0,Consider manual review
23,117696,MORTGAGE,2.0,EDUCATION,15000,0.13,0,3,39232.0,0.05316446497142773,Low Risk,0,"Consider approval, subject to lender policy"
24,36000,MORTGAGE,8.0,PERSONAL,3500,0.1,1,3,4000.0,0.1912984013982723,Medium Risk,0,Consider manual review
29,50000,MORTGAGE,9.0,MEDICAL,10000,0.2,0,8,5000.0,0.16002191318126455,Medium Risk,0,Consider manual review
23,30188,RENT,3.0,PERSONAL,8000,0.27,0,2,7547.0,0.245408814828568,Medium Risk,0,Consider manual review
25,50000,MORTGAGE,0.0,VENTURE,2600,0.05,0,3,50000.0,0.0372385831239813,Low Risk,0,"Consider approval, subject to lender policy"
31,96000,MORTGAGE,15.0,EDUCATION,4000,0.04,0,8,6000.0,0.03747020640758925,Low Risk,0,"Consider approval, subject to lender policy"
30,180000,MORTGAGE,0.0,EDUCATION,6000,0.03,0,8,180000.0,0.05156792024122149,Low Risk,0,"Consider approval, subject to lender policy"
22,20640,RENT,0.0,EDUCATION,2500,0.12,0,3,20640.0,0.16044189403602913,Medium Risk,0,Consider manual review
34,30857,RENT,6.0,VENTURE,3000,0.1,0,9,4408.142857142857,0.10598168730242243,Low Risk,1,"Consider approval, subject to lender policy"
21,52769,RENT,5.0,EDUCATION,11000,0.21,0,4,8794.833333333334,0.08764714826808585,Low Risk,0,"Consider approval, subject to lender policy"
24,70000,MORTGAGE,9.0,DEBTCONSOLIDATION,12000,0.17,0,4,7000.0,0.11154910615495763,Low Risk,0,"Consider approval, subject to lender policy"
39,36000,RENT,2.0,MEDICAL,6000,0.17,0,14,12000.0,0.14621824302629463,Low Risk,0,"Consider approval, subject to lender policy"
21,38000,RENT,5.0,VENTURE,3500,0.09,0,3,6333.333333333333,0.05691888825778562,Low Risk,0,"Consider approval, subject to lender policy"
27,36400,RENT,5.0,MEDICAL,9000,0.25,0,8,6066.666666666667,0.1552173824447468,Medium Risk,0,Consider manual review
27,86095,RENT,5.0,HOMEIMPROVEMENT,4000,0.05,0,8,14349.166666666666,0.06151682117231499,Low Risk,0,"Consider approval, subject to lender policy"
25,125000,OWN,4.0,VENTURE,12000,0.1,0,3,25000.0,0.005957591129498555,Low Risk,0,"Consider approval, subject to lender policy"
25,59650,MORTGAGE,9.0,PERSONAL,10000,0.17,1,2,5965.0,0.27506714643430125,High Risk,0,Additional assessment required
26,45000,MORTGAGE,6.0,MEDICAL,6000,0.13,1,4,6428.571428571428,0.4161759203185555,High Risk,0,Additional assessment required
43,46000,RENT,5.0,VENTURE,3000,0.07,0,17,7666.666666666667,0.04825765877250896,Low Risk,0,"Consider approval, subject to lender policy"
24,25000,RENT,3.0,VENTURE,5000,0.2,0,2,6250.0,0.10603791486755051,Low Risk,0,"Consider approval, subject to lender policy"
27,48000,RENT,4.0,DEBTCONSOLIDATION,4200,0.09,0,5,9600.0,0.12483077328822198,Low Risk,0,"Consider approval, subject to lender policy"
24,55000,RENT,2.0,HOMEIMPROVEMENT,9000,0.16,1,2,18333.333333333332,0.49760271540750217,Very High Risk,0,High-risk application; apply lender policy
23,130000,OWN,7.0,VENTURE,22600,0.17,1,2,16250.0,0.05164738948672853,Low Risk,0,"Consider approval, subject to lender policy"
27,36200,RENT,2.0,DEBTCONSOLIDATION,3600,0.1,0,10,12066.666666666666,0.1468536972260811,Low Risk,0,"Consider approval, subject to lender policy"
26,44000,MORTGAGE,3.0,EDUCATION,22500,0.51,0,3,11000.0,0.16813429741238792,Medium Risk,1,Consider manual review
24,41745,RENT,2.0,PERSONAL,3200,0.08,0,3,13915.0,0.13517916482165285,Low Risk,0,"Consider approval, subject to lender policy"
26,75000,RENT,0.0,DEBTCONSOLIDATION,7000,0.09,0,4,75000.0,0.09784101630975478,Low Risk,0,"Consider approval, subject to lender policy"
33,86000,RENT,0.0,DEBTCONSOLIDATION,4700,0.05,0,7,86000.0,0.08761288449671867,Low Risk,0,"Consider approval, subject to lender policy"
27,57800,MORTGAGE,11.0,MEDICAL,16000,0.24,0,8,4816.666666666667,0.21393130988585368,Medium Risk,1,Consider manual review
23,89100,RENT,7.0,PERSONAL,16000,0.18,1,4,11137.5,0.17807112322236926,Medium Risk,0,Consider manual review
28,60000,OWN,7.0,MEDICAL,12000,0.2,0,5,7500.0,0.027123398910984357,Low Risk,0,"Consider approval, subject to lender policy"
24,50000,RENT,1.0,PERSONAL,10000,0.2,0,2,25000.0,0.13780567176801836,Low Risk,0,"Consider approval, subject to lender policy"
30,90000,RENT,0.0,MEDICAL,6000,0.07,0,8,90000.0,0.07978548648597368,Low Risk,0,"Consider approval, subject to lender policy"
26,35000,RENT,2.0,MEDICAL,2500,0.07,0,3,11666.666666666666,0.11473899889521105,Low Risk,0,"Consider approval, subject to lender policy"
27,33996,RENT,8.0,EDUCATION,6000,0.18,0,10,3777.3333333333335,0.24221467588570103,Medium Risk,0,Consider manual review
26,135000,RENT,10.0,PERSONAL,14275,0.11,0,2,12272.727272727272,0.05458514978419102,Low Risk,0,"Consider approval, subject to lender policy"
33,30000,RENT,11.0,MEDICAL,10000,0.33,0,6,2500.0,0.9720981738453068,Very High Risk,1,High-risk application; apply lender policy
33,95000,MORTGAGE,17.0,MEDICAL,12000,0.13,0,6,5277.777777777777,0.07870575542650825,Low Risk,0,"Consider approval, subject to lender policy"
25,34000,RENT,6.0,VENTURE,5000,0.15,0,2,4857.142857142857,0.16202519940959664,Medium Risk,0,Consider manual review
30,42000,MORTGAGE,13.0,EDUCATION,3000,0.07,1,9,3000.0,0.18315663809478677,Medium Risk,0,Consider manual review
36,140000,MORTGAGE,21.0,PERSONAL,8000,0.06,0,11,6363.636363636364,0.06972006927432159,Low Risk,0,"Consider approval, subject to lender policy"
26,53000,RENT,2.0,VENTURE,18000,0.34,1,3,17666.666666666668,0.979407527767913,Very High Risk,1,High-risk application; apply lender policy
31,200000,RENT,5.0,HOMEIMPROVEMENT,15000,0.07,0,8,33333.333333333336,0.07088597081570795,Low Risk,0,"Consider approval, subject to lender policy"
38,140000,MORTGAGE,1.0,PERSONAL,10000,0.07,0,16,70000.0,0.05233854578483264,Low Risk,0,"Consider approval, subject to lender policy"
23,28000,OWN,0.0,VENTURE,1250,0.04,0,4,28000.0,0.012204230551700791,Low Risk,0,"Consider approval, subject to lender policy"
29,50000,RENT,4.0,DEBTCONSOLIDATION,5050,0.1,0,5,10000.0,0.11897120330365925,Low Risk,0,"Consider approval, subject to lender policy"
23,33996,RENT,1.0,EDUCATION,1500,0.04,0,4,16998.0,0.3066026689089564,High Risk,0,Additional assessment required
24,40000,RENT,4.0,EDUCATION,1000,0.03,0,4,8000.0,0.07616273693014487,Low Risk,0,"Consider approval, subject to lender policy"
21,57500,MORTGAGE,6.0,VENTURE,4000,0.07,0,3,8214.285714285714,0.03437806560436403,Low Risk,0,"Consider approval, subject to lender policy"
23,100000,MORTGAGE,1.0,VENTURE,25000,0.25,0,3,50000.0,0.09779661302848068,Low Risk,0,"Consider approval, subject to lender policy"
36,69000,RENT,0.0,MEDICAL,15600,0.23,0,12,69000.0,0.31015826184194883,High Risk,0,Additional assessment required
27,40000,RENT,1.0,VENTURE,7200,0.18,0,6,20000.0,0.09773454982897375,Low Risk,0,"Consider approval, subject to lender policy"
25,38000,MORTGAGE,4.0,PERSONAL,6000,0.16,0,2,7600.0,0.08863409950340455,Low Risk,0,"Consider approval, subject to lender policy"
24,27600,MORTGAGE,5.0,MEDICAL,6000,0.22,1,2,4600.0,0.4651669974789822,Very High Risk,1,High-risk application; apply lender policy
40,125000,MORTGAGE,3.0,PERSONAL,10200,0.08,0,13,31250.0,0.04156659932746968,Low Risk,0,"Consider approval, subject to lender policy"
29,36000,RENT,0.0,MEDICAL,5000,0.14,1,5,36000.0,0.40696007298167114,High Risk,0,Additional assessment required
22,22560,RENT,3.0,PERSONAL,4200,0.19,1,4,5640.0,0.26321924854044854,High Risk,1,Additional assessment required
29,83500,RENT,1.0,HOMEIMPROVEMENT,15000,0.18,1,10,41750.0,0.4343498336977116,High Risk,0,Additional assessment required
27,70000,RENT,4.0,PERSONAL,20000,0.29,0,8,14000.0,0.1280815488305036,Low Risk,0,"Consider approval, subject to lender policy"
22,71000,RENT,1.0,EDUCATION,25000,0.35,1,4,35500.0,0.9839651585196058,Very High Risk,1,High-risk application; apply lender policy
29,120000,MORTGAGE,11.0,VENTURE,16000,0.13,0,9,10000.0,0.024627426408055014,Low Risk,0,"Consider approval, subject to lender policy"
27,27000,MORTGAGE,4.0,VENTURE,4300,0.16,0,6,5400.0,0.0553577760792211,Low Risk,0,"Consider approval, subject to lender policy"
27,40000,RENT,2.0,EDUCATION,3000,0.07,0,9,13333.333333333334,0.10378841604025782,Low Risk,0,"Consider approval, subject to lender policy"
23,48645,RENT,1.0,VENTURE,12000,0.25,0,4,24322.5,0.11836259572808408,Low Risk,0,"Consider approval, subject to lender policy"
32,110000,MORTGAGE,16.0,HOMEIMPROVEMENT,6700,0.06,0,7,6470.588235294118,0.0432437214315923,Low Risk,0,"Consider approval, subject to lender policy"
35,20000,OWN,1.0,VENTURE,5500,0.28,0,8,10000.0,0.02504409845346849,Low Risk,0,"Consider approval, subject to lender policy"
22,70028,RENT,7.0,VENTURE,2000,0.03,0,3,8753.5,0.03653034521314955,Low Risk,0,"Consider approval, subject to lender policy"
21,34500,RENT,2.0,HOMEIMPROVEMENT,11500,0.33,0,2,11500.0,0.9983616973119093,Very High Risk,1,High-risk application; apply lender policy
33,81804,MORTGAGE,4.0,DEBTCONSOLIDATION,9000,0.11,0,8,16360.8,0.07957525166204203,Low Risk,0,"Consider approval, subject to lender policy"
25,34000,MORTGAGE,9.0,MEDICAL,2000,0.06,0,4,3400.0,0.3340642704452325,High Risk,1,Additional assessment required
27,24000,RENT,1.0,MEDICAL,2150,0.09,0,7,12000.0,0.1888761546832457,Medium Risk,0,Consider manual review
27,52600,MORTGAGE,2.0,PERSONAL,21600,0.41,0,9,17533.333333333332,0.18932848280876735,Medium Risk,1,Consider manual review
22,56000,MORTGAGE,3.0,DEBTCONSOLIDATION,20000,0.36,0,4,14000.0,0.259817296593371,High Risk,0,Additional assessment required
31,41558,RENT,3.0,EDUCATION,7750,0.19,0,7,10389.5,0.09981382163754092,Low Risk,0,"Consider approval, subject to lender policy"
24,63508,MORTGAGE,8.0,HOMEIMPROVEMENT,2500,0.04,0,4,7056.444444444444,0.0679213741148053,Low Risk,1,"Consider approval, subject to lender policy"
26,42000,RENT,3.0,PERSONAL,4500,0.11,0,2,10500.0,0.1072410629676478,Low Risk,0,"Consider approval, subject to lender policy"
27,140000,RENT,0.0,VENTURE,5000,0.04,0,8,140000.0,0.06477958097530569,Low Risk,0,"Consider approval, subject to lender policy"
24,87000,RENT,0.0,VENTURE,12000,0.14,0,3,87000.0,0.0710791556670957,Low Risk,0,"Consider approval, subject to lender policy"
32,62000,RENT,1.0,HOMEIMPROVEMENT,8000,0.13,0,5,31000.0,0.14038302960083388,Low Risk,0,"Consider approval, subject to lender policy"
29,30000,MORTGAGE,13.0,PERSONAL,9000,0.3,0,10,2142.8571428571427,0.17219553350383754,Medium Risk,1,Consider manual review
36,50000,MORTGAGE,2.0,MEDICAL,16000,0.32,0,15,16666.666666666668,0.30364948958308335,High Risk,0,Additional assessment required
24,50000,RENT,2.0,HOMEIMPROVEMENT,14000,0.28,0,2,16666.666666666668,0.3004165724188358,High Risk,0,Additional assessment required
31,37000,RENT,3.0,PERSONAL,13000,0.35,0,6,9250.0,0.9512842091127154,Very High Risk,1,High-risk application; apply lender policy
36,73000,MORTGAGE,3.0,DEBTCONSOLIDATION,8000,0.11,0,17,18250.0,0.14553568240591822,Low Risk,1,"Consider approval, subject to lender policy"
24,43000,MORTGAGE,5.0,HOMEIMPROVEMENT,2500,0.06,1,4,7166.666666666667,0.2509323109817763,High Risk,0,Additional assessment required
21,75000,MORTGAGE,5.0,PERSONAL,20000,0.27,1,2,12500.0,0.22265843088446557,Medium Risk,0,Consider manual review
29,265000,MORTGAGE,2.0,PERSONAL,25000,0.09,0,10,88333.33333333333,0.13413407816258308,Low Risk,0,"Consider approval, subject to lender policy"
25,48996,MORTGAGE,8.0,MEDICAL,5000,0.1,0,2,5444.0,0.17194104676970626,Medium Risk,1,Consider manual review
27,115000,MORTGAGE,11.0,MEDICAL,8000,0.07,0,7,9583.333333333334,0.07649776780315648,Low Risk,0,"Consider approval, subject to lender policy"
32,50000,MORTGAGE,0.0,EDUCATION,5400,0.11,0,9,50000.0,0.06617490599772659,Low Risk,0,"Consider approval, subject to lender policy"
